ID_Caso,Fecha_Deteccion,Proceso_ID,Tipo_Hallazgo_ID,Severidad,Origen_Deteccion,Estado,Fecha_Cierre,Dias_Para_Cierre,Responsable_ID,Costo_Estimado_COP
NC-104002,2005-01-08,P04,T01,Alta,Autocontrol,Cerrada,2005-01-20,12,R01,675141
NC-102573,2005-03-04,P05,T01,Alta,Autocontrol,Cerrada,2005-03-13,9,R01,1022404
NC-101761,2005-03-09,P07,T04,Media,Auditoría Externa,Cerrada,2005-03-17,8,R01,28691
NC-103939,2005-03-18,P08,T06,Baja,Autocontrol,Cerrada,2005-03-26,8,R01,28460
NC-100297,2005-03-22,P03,T02,Crítica,Autocontrol,Cerrada,2005-04-10,19,R01,1011900
NC-104573,2005-03-30,P08,T02,Media,Auditoría Externa,Cerrada,2005-03-31,1,R01,610614
NC-102063,2005-03-31,P06,T06,Media,Auditoría Externa,Cerrada,2005-04-12,12,R01,243960
NC-101625,2005-04-04,P07,T02,Media,Auditoría Interna,En Tratamiento,,,R01,336459
NC-105056,2005-04-13,P01,T05,Media,Autocontrol,Abierta,,,R11,642867
NC-100422,2005-04-22,P04,T01,Media,Inspección de Calidad,Cerrada,2005-05-01,9,R11,1087263
NC-105252,2005-04-28,P03,T02,Media,Auditoría Interna,Cerrada,2005-05-02,4,R11,480113
NC-100670,2005-05-10,P07,T01,Alta,Auditoría Externa,Cerrada,2005-05-21,11,R11,484897
NC-105930,2005-05-14,P03,T05,Alta,Queja de Cliente,Abierta,,,R11,995791
NC-101658,2005-05-17,P04,T02,Baja,Auditoría Interna,Cerrada,2005-05-25,8,R11,173476
NC-105514,2005-06-05,P02,T03,Alta,Queja de Cliente,Cerrada,2005-06-07,2,R11,1431907
NC-101920,2005-06-05,P02,T03,Media,Autocontrol,Cerrada,2005-06-09,4,R11,662473
NC-100551,2005-06-14,P01,T02,Baja,Auditoría Interna,En Tratamiento,,,R11,87506
NC-106051,2005-06-21,P05,T05,Alta,Inspección de Calidad,En Tratamiento,,,R11,844673
NC-101035,2005-06-24,P05,T05,Media,Auditoría Externa,Cerrada,2005-06-30,6,R11,354541
NC-102902,2005-07-12,P01,T04,Media,Queja de Cliente,Cerrada,2005-07-26,14,R11,214412
NC-100230,2005-07-13,P08,T04,Baja,Auditoría Interna,En Tratamiento,,,R11,288244
NC-100473,2005-07-21,P07,T01,Baja,Auditoría Externa,Cerrada,2005-08-04,14,R11,244449
NC-100753,2005-07-27,P01,T03,Alta,Queja de Cliente,Cerrada,2005-08-11,15,R11,451629
NC-104194,2005-08-18,P05,T04,Media,Queja de Cliente,Cerrada,2005-08-30,12,R11,359083
NC-101343,2005-08-22,P07,T01,Baja,Inspección de Calidad,Cerrada,2005-08-28,6,R11,183456
NC-104392,2005-08-28,P01,T03,Alta,Auditoría Externa,Cerrada,2005-09-24,27,R11,310785
NC-102500,2005-08-31,P03,T02,Alta,Inspección de Calidad,Cerrada,2005-09-13,13,R11,211735
NC-100488,2005-09-02,P02,T02,Crítica,Auditoría Externa,Cerrada,2005-09-12,10,R11,1239362
NC-106153,2005-09-03,P03,T03,Alta,Auditoría Interna,Cerrada,2005-09-12,9,R11,1367939
NC-102159,2005-09-06,P03,T05,Media,Inspección de Calidad,Cerrada,2005-09-12,6,R11,1129196
NC-104797,2005-09-06,P04,T03,Media,Inspección de Calidad,Cerrada,2005-09-18,12,R11,1612806
NC-102052,2005-09-20,P07,T04,Media,Autocontrol,Cerrada,2005-10-01,11,R11,548789
NC-100884,2005-09-22,P04,T03,Media,Auditoría Externa,Cerrada,2005-09-29,7,R11,935347
NC-103324,2005-10-02,P01,T02,Baja,Autocontrol,Cerrada,2005-10-08,6,R11,110124
NC-104707,2005-10-12,P06,T01,Alta,Auditoría Interna,En Tratamiento,,,R11,822018
NC-101914,2005-10-21,P04,T02,Baja,Auditoría Externa,Cerrada,2005-10-27,6,R11,632846
NC-103153,2005-10-27,P08,T01,Baja,Autocontrol,Cerrada,2005-11-09,13,R11,375384
NC-101667,2005-11-01,P07,T02,Baja,Queja de Cliente,Cerrada,2005-11-07,6,R11,221899
NC-103212,2005-11-06,P08,T04,Media,Auditoría Externa,Cerrada,2005-11-13,7,R11,133473
NC-103919,2005-11-08,P06,T03,Baja,Autocontrol,En Tratamiento,,,R11,326540
NC-103546,2005-11-17,P05,T02,Media,Queja de Cliente,Cerrada,2005-11-28,11,R11,215470
NC-101384,2005-11-18,P07,T04,Media,Auditoría Interna,Cerrada,2005-11-19,1,R11,563406
NC-105227,2005-11-21,P06,T05,Baja,Inspección de Calidad,Cerrada,2005-11-30,9,R11,419540
NC-100008,2005-11-21,P08,T03,Crítica,Auditoría Externa,Cerrada,2005-11-28,7,R11,1055169
NC-104812,2005-11-28,P04,T03,Media,Queja de Cliente,Cerrada,2005-12-04,6,R11,531233
NC-103898,2005-12-02,P08,T03,Baja,Inspección de Calidad,Cerrada,2005-12-17,15,R11,308166
NC-104239,2005-12-11,P01,T05,Alta,Auditoría Externa,En Tratamiento,,,R11,482666
NC-100298,2005-12-20,P07,T02,Media,Auditoría Externa,En Tratamiento,,,R11,98769
NC-104684,2005-12-31,P05,T03,Media,Auditoría Interna,Abierta,,,R11,198696
NC-105131,2006-01-01,P05,T01,Alta,Queja de Cliente,Cerrada,2006-01-10,9,R11,917951
NC-103566,2006-01-03,P06,T04,Alta,Queja de Cliente,Cerrada,2006-01-06,3,R11,2160090
NC-103926,2006-01-04,P02,T05,Baja,Inspección de Calidad,Cerrada,2006-01-18,14,R11,512331
NC-105327,2006-01-10,P01,T06,Media,Queja de Cliente,Cerrada,2006-01-30,20,R11,217844
NC-106010,2006-01-10,P02,T03,Alta,Autocontrol,Cerrada,2006-01-15,5,R11,711353
NC-104470,2006-01-20,P01,T01,Baja,Auditoría Externa,En Tratamiento,,,R11,321296
NC-103975,2006-01-23,P01,T02,Baja,Queja de Cliente,En Tratamiento,,,R11,225223
NC-101570,2006-01-25,P05,T04,Alta,Queja de Cliente,Cerrada,2006-02-10,16,R11,348565
NC-101694,2006-02-02,P01,T02,Alta,Inspección de Calidad,Cerrada,2006-02-15,13,R11,806451
NC-101533,2006-02-06,P03,T04,Alta,Queja de Cliente,Abierta,,,R11,854056
NC-100999,2006-02-09,P01,T05,Baja,Inspección de Calidad,En Tratamiento,,,R11,140742
NC-102869,2006-02-20,P02,T03,Baja,Auditoría Interna,Cerrada,2006-03-07,15,R11,189906
NC-105873,2006-02-26,P04,T06,Baja,Queja de Cliente,En Tratamiento,,,R11,162813
NC-101529,2006-03-04,P03,T05,Baja,Auditoría Externa,Cerrada,2006-03-11,7,R11,134548
NC-100544,2006-03-08,P02,T02,Baja,Auditoría Externa,Cerrada,2006-03-13,5,R11,167237
NC-102235,2006-03-09,P03,T03,Crítica,Auditoría Externa,Cerrada,2006-03-15,6,R11,985439
NC-104466,2006-03-13,P06,T02,Alta,Auditoría Interna,Cerrada,2006-04-02,20,R11,374952
NC-103312,2006-03-23,P02,T04,Media,Queja de Cliente,En Tratamiento,,,R11,1410492
NC-100936,2006-03-24,P01,T04,Media,Auditoría Interna,Cerrada,2006-04-01,8,R11,643386
NC-103539,2006-03-25,P05,T01,Alta,Inspección de Calidad,Abierta,,,R11,1549749
NC-105764,2006-04-07,P05,T03,Crítica,Queja de Cliente,Cerrada,2006-04-15,8,R11,554876
NC-103519,2006-04-13,P06,T04,Media,Auditoría Externa,Abierta,,,R11,1016059
NC-101866,2006-04-17,P06,T04,Crítica,Auditoría Externa,Cerrada,2006-05-14,27,R11,2264073
NC-104478,2006-04-19,P08,T05,Alta,Queja de Cliente,Cerrada,2006-05-02,13,R11,370389
NC-105726,2006-04-27,P03,T04,Baja,Auditoría Interna,Cerrada,2006-05-02,5,R11,233513
NC-103248,2006-05-03,P05,T04,Media,Inspección de Calidad,Cerrada,2006-05-30,27,R11,912790
NC-100664,2006-05-05,P05,T03,Media,Inspección de Calidad,Cerrada,2006-05-25,20,R11,1291233
NC-104670,2006-05-10,P08,T04,Alta,Auditoría Interna,Cerrada,2006-05-19,9,R11,295906
NC-102221,2006-05-11,P02,T04,Media,Queja de Cliente,Cerrada,2006-05-13,2,R11,25411
NC-100741,2006-05-15,P04,T03,Baja,Queja de Cliente,Cerrada,2006-05-25,10,R11,435947
NC-105743,2006-05-17,P06,T06,Media,Inspección de Calidad,Cerrada,2006-05-28,11,R11,100297
NC-105398,2006-05-19,P08,T03,Alta,Auditoría Externa,Cerrada,2006-06-05,17,R11,491485
NC-104134,2006-05-23,P07,T03,Media,Queja de Cliente,Cerrada,2006-05-30,7,R11,268987
NC-100839,2006-05-24,P02,T02,Baja,Auditoría Interna,Cerrada,2006-06-11,18,R11,92116
NC-103415,2006-06-04,P07,T05,Media,Queja de Cliente,Cerrada,2006-06-09,5,R11,932169
NC-104992,2006-06-05,P01,T05,Alta,Queja de Cliente,Cerrada,2006-07-02,27,R11,313545
NC-104706,2006-06-11,P04,T06,Alta,Autocontrol,Cerrada,2006-06-14,3,R11,939689
NC-100193,2006-06-12,P06,T04,Media,Auditoría Interna,Cerrada,2006-06-20,8,R11,676524
NC-101741,2006-06-14,P03,T02,Baja,Auditoría Interna,Cerrada,2006-07-03,19,R11,161199
NC-105812,2006-06-18,P04,T01,Media,Auditoría Externa,Cerrada,2006-07-15,27,R11,466819
NC-102828,2006-06-20,P02,T05,Baja,Queja de Cliente,Cerrada,2006-07-04,14,R11,201135
NC-100500,2006-06-21,P06,T04,Alta,Auditoría Interna,Cerrada,2006-07-09,18,R11,1434159
NC-101599,2006-06-27,P01,T05,Baja,Autocontrol,Cerrada,2006-07-05,8,R11,517162
NC-100006,2006-07-09,P08,T04,Media,Auditoría Interna,Cerrada,2006-07-19,10,R11,246803
NC-101079,2006-07-09,P01,T02,Baja,Inspección de Calidad,Cerrada,2006-07-18,9,R11,211742
NC-100438,2006-07-15,P04,T04,Media,Auditoría Externa,Cerrada,2006-08-10,26,R11,213592
NC-100087,2006-07-15,P04,T05,Alta,Queja de Cliente,Abierta,,,R11,1090363
NC-100803,2006-07-16,P01,T02,Alta,Auditoría Interna,Cerrada,2006-07-30,14,R11,2111367
NC-100971,2006-07-18,P04,T02,Baja,Auditoría Interna,En Tratamiento,,,R11,88843
NC-102301,2006-07-26,P05,T03,Alta,Queja de Cliente,Cerrada,2006-08-19,24,R11,752334
NC-101994,2006-07-30,P02,T01,Crítica,Inspección de Calidad,En Tratamiento,,,R11,2141682
NC-103287,2006-07-30,P03,T01,Media,Auditoría Externa,Cerrada,2006-08-20,21,R11,208221
NC-104959,2006-08-12,P05,T05,Baja,Auditoría Interna,Cerrada,2006-08-23,11,R11,194037
NC-101162,2006-08-14,P01,T04,Baja,Auditoría Interna,Cerrada,2006-08-27,13,R11,204276
NC-101081,2006-08-14,P02,T03,Media,Auditoría Interna,Cerrada,2006-08-17,3,R11,545871
NC-100786,2006-08-16,P01,T04,Baja,Auditoría Externa,Cerrada,2006-09-03,18,R11,214703
NC-104863,2006-08-17,P03,T06,Alta,Auditoría Interna,Cerrada,2006-08-29,12,R11,502633
NC-104841,2006-08-18,P07,T05,Media,Inspección de Calidad,Cerrada,2006-08-24,6,R11,390396
NC-104112,2006-08-22,P04,T05,Crítica,Autocontrol,Cerrada,2006-08-29,7,R11,175141
NC-100539,2006-08-23,P01,T02,Alta,Auditoría Externa,Abierta,,,R11,135800
NC-106104,2006-08-26,P07,T04,Baja,Autocontrol,Cerrada,2006-09-07,12,R11,243490
NC-104884,2006-08-27,P06,T01,Baja,Auditoría Interna,Cerrada,2006-09-10,14,R11,79446
NC-101884,2006-08-27,P01,T02,Media,Inspección de Calidad,Cerrada,2006-09-04,8,R11,322152
NC-100047,2006-08-29,P01,T06,Crítica,Auditoría Interna,Cerrada,2006-09-02,4,R11,699501
NC-104388,2006-09-04,P03,T05,Alta,Auditoría Interna,Cerrada,2006-09-13,9,R11,1796448
NC-102106,2006-09-09,P05,T06,Media,Auditoría Interna,Cerrada,2006-09-23,14,R11,283788
NC-103042,2006-09-14,P07,T03,Baja,Auditoría Interna,Cerrada,2006-10-06,22,R11,238221
NC-100070,2006-09-15,P07,T03,Media,Auditoría Externa,Cerrada,2006-09-24,9,R11,923057
NC-105559,2006-09-16,P05,T04,Alta,Auditoría Externa,Cerrada,2006-09-28,12,R11,326030
NC-104449,2006-09-21,P02,T03,Baja,Autocontrol,Cerrada,2006-09-27,6,R11,123885
NC-100985,2006-09-24,P06,T05,Media,Autocontrol,Abierta,,,R11,369125
NC-102108,2006-09-26,P08,T04,Media,Autocontrol,Cerrada,2006-10-25,29,R11,177827
NC-103413,2006-09-28,P05,T05,Alta,Auditoría Externa,Cerrada,2006-10-04,6,R11,1372367
NC-103604,2006-09-28,P02,T04,Alta,Queja de Cliente,Cerrada,2006-10-02,4,R11,1224720
NC-101704,2006-10-01,P02,T04,Media,Auditoría Externa,Cerrada,2006-10-10,9,R11,411822
NC-103597,2006-10-11,P04,T06,Crítica,Inspección de Calidad,Cerrada,2006-10-24,13,R11,886997
NC-102994,2006-10-19,P06,T06,Baja,Autocontrol,Abierta,,,R11,415714
NC-103299,2006-10-21,P04,T01,Crítica,Auditoría Externa,Abierta,,,R11,756053
NC-102512,2006-10-23,P05,T06,Baja,Autocontrol,Cerrada,2006-11-13,21,R11,204632
NC-104262,2006-10-23,P08,T03,Media,Auditoría Interna,Cerrada,2006-10-25,2,R11,1004657
NC-102437,2006-10-26,P04,T03,Baja,Auditoría Externa,Cerrada,2006-11-01,6,R11,273463
NC-103372,2006-10-30,P02,T06,Media,Inspección de Calidad,Cerrada,2006-11-04,5,R11,145257
NC-105872,2006-10-30,P05,T04,Baja,Queja de Cliente,Abierta,,,R11,292120
NC-105951,2006-11-03,P01,T04,Alta,Auditoría Interna,Cerrada,2006-11-07,4,R09,226868
NC-102673,2006-11-09,P07,T05,Alta,Auditoría Externa,Cerrada,2006-11-30,21,R09,561094
NC-101121,2006-11-09,P07,T03,Baja,Auditoría Interna,Cerrada,2006-11-19,10,R11,59321
NC-105063,2006-11-10,P02,T06,Baja,Queja de Cliente,Cerrada,2006-11-15,5,R11,198885
NC-103804,2006-11-16,P01,T04,Baja,Inspección de Calidad,Cerrada,2006-12-06,20,R09,132538
NC-102948,2006-11-20,P02,T02,Media,Queja de Cliente,Cerrada,2006-12-06,16,R09,667172
NC-105275,2006-11-20,P06,T05,Alta,Queja de Cliente,Abierta,,,R09,351825
NC-105449,2006-11-24,P07,T05,Media,Autocontrol,Cerrada,2006-12-06,12,R09,728839
NC-101554,2006-11-25,P06,T03,Baja,Inspección de Calidad,Cerrada,2006-12-11,16,R11,84840
NC-102876,2006-11-26,P07,T02,Media,Inspección de Calidad,Cerrada,2006-12-03,7,R11,375016
NC-100560,2006-11-26,P02,T02,Baja,Autocontrol,En Tratamiento,,,R11,67944
NC-103096,2006-11-26,P02,T06,Baja,Auditoría Interna,Cerrada,2006-12-05,9,R09,196053
NC-102142,2006-12-03,P03,T04,Baja,Inspección de Calidad,Cerrada,2007-01-04,32,R09,78885
NC-102993,2006-12-05,P08,T06,Media,Auditoría Externa,Cerrada,2006-12-09,4,R09,699970
NC-105943,2006-12-06,P03,T01,Media,Queja de Cliente,Cerrada,2006-12-08,2,R11,179975
NC-100377,2006-12-07,P08,T01,Media,Inspección de Calidad,Cerrada,2006-12-28,21,R11,160924
NC-100604,2006-12-09,P03,T06,Media,Queja de Cliente,Cerrada,2006-12-15,6,R11,822336
NC-105408,2006-12-10,P04,T05,Baja,Auditoría Interna,Cerrada,2006-12-31,21,R11,351667
NC-101645,2006-12-16,P01,T03,Crítica,Auditoría Externa,Cerrada,2006-12-24,8,R11,1976278
NC-106149,2006-12-18,P07,T05,Baja,Autocontrol,Cerrada,2006-12-23,5,R09,368321
NC-101903,2006-12-21,P05,T01,Media,Queja de Cliente,Cerrada,2007-01-04,14,R11,334842
NC-100564,2006-12-22,P07,T01,Media,Autocontrol,Cerrada,2007-01-02,11,R11,174892
NC-104716,2006-12-23,P03,T06,Baja,Auditoría Interna,Cerrada,2006-12-28,5,R11,140487
NC-104993,2006-12-28,P04,T03,Media,Auditoría Interna,En Tratamiento,,,R11,554394
NC-105118,2007-01-01,P03,T06,Media,Auditoría Externa,Cerrada,2007-01-08,7,R09,823280
NC-105645,2007-01-13,P06,T04,Media,Autocontrol,Cerrada,2007-02-09,27,R09,1037246
NC-100635,2007-01-17,P05,T03,Baja,Autocontrol,Cerrada,2007-02-04,18,R11,479606
NC-105404,2007-01-17,P05,T06,Baja,Auditoría Externa,Cerrada,2007-02-09,23,R16,301813
NC-105467,2007-01-17,P06,T02,Alta,Inspección de Calidad,Cerrada,2007-01-30,13,R21,518729
NC-105490,2007-01-17,P03,T05,Baja,Auditoría Externa,Cerrada,2007-01-26,9,R09,14532
NC-102395,2007-01-20,P06,T06,Media,Inspección de Calidad,En Tratamiento,,,R21,113556
NC-105005,2007-01-22,P01,T04,Media,Auditoría Interna,Cerrada,2007-01-30,8,R09,815169
NC-101880,2007-01-23,P04,T03,Alta,Inspección de Calidad,Cerrada,2007-02-01,9,R09,493870
NC-105528,2007-02-05,P07,T04,Baja,Auditoría Interna,Cerrada,2007-02-08,3,R21,216525
NC-101492,2007-02-08,P08,T05,Baja,Auditoría Interna,Cerrada,2007-02-17,9,R21,132118
NC-106112,2007-02-12,P07,T04,Baja,Auditoría Interna,Cerrada,2007-02-19,7,R16,250797
NC-106130,2007-02-16,P05,T06,Alta,Auditoría Externa,En Tratamiento,,,R16,434200
NC-104161,2007-02-26,P06,T04,Baja,Auditoría Interna,Cerrada,2007-03-07,9,R16,130212
NC-102438,2007-03-03,P04,T04,Media,Inspección de Calidad,Cerrada,2007-03-08,5,R16,621822
NC-101227,2007-03-03,P03,T04,Alta,Autocontrol,Cerrada,2007-03-20,17,R11,699569
NC-102753,2007-03-06,P01,T03,Baja,Inspección de Calidad,Cerrada,2007-03-18,12,R11,130209
NC-103119,2007-03-08,P08,T06,Alta,Queja de Cliente,Cerrada,2007-04-01,24,R11,522470
NC-105049,2007-03-11,P08,T04,Media,Auditoría Interna,Cerrada,2007-03-18,7,R16,128585
NC-104895,2007-03-18,P04,T06,Media,Inspección de Calidad,Cerrada,2007-03-25,7,R11,78675
NC-105092,2007-03-18,P03,T06,Baja,Autocontrol,Cerrada,2007-03-29,11,R11,234464
NC-101275,2007-03-19,P05,T03,Baja,Auditoría Interna,Cerrada,2007-04-14,26,R16,73024
NC-100543,2007-03-24,P07,T05,Crítica,Inspección de Calidad,Cerrada,2007-04-02,9,R21,393510
NC-101571,2007-03-24,P02,T05,Crítica,Queja de Cliente,Cerrada,2007-04-24,31,R21,2377247
NC-101264,2007-03-26,P01,T01,Baja,Auditoría Externa,Cerrada,2007-04-03,8,R09,89537
NC-104138,2007-03-27,P06,T04,Alta,Auditoría Externa,En Tratamiento,,,R11,1398475
NC-103362,2007-03-30,P04,T01,Crítica,Autocontrol,Cerrada,2007-04-04,5,R16,1438873
NC-101317,2007-04-04,P08,T06,Alta,Autocontrol,En Tratamiento,,,R21,253222
NC-105027,2007-04-07,P03,T05,Media,Autocontrol,Cerrada,2007-04-21,14,R21,472786
NC-104108,2007-04-08,P08,T06,Baja,Inspección de Calidad,Cerrada,2007-04-18,10,R16,110724
NC-103921,2007-04-15,P05,T04,Baja,Inspección de Calidad,En Tratamiento,,,R21,144550
NC-101716,2007-04-23,P05,T05,Media,Inspección de Calidad,Cerrada,2007-05-06,13,R21,460678
NC-104782,2007-04-25,P06,T02,Alta,Inspección de Calidad,Abierta,,,R16,663251
NC-106156,2007-04-30,P05,T02,Media,Autocontrol,Cerrada,2007-05-06,6,R21,1445376
NC-101203,2007-05-04,P01,T02,Media,Queja de Cliente,Cerrada,2007-05-09,5,R09,236238
NC-102306,2007-05-07,P03,T03,Media,Queja de Cliente,Cerrada,2007-05-13,6,R16,714143
NC-104230,2007-05-09,P04,T02,Media,Autocontrol,Cerrada,2007-05-17,8,R16,594767
NC-100573,2007-05-09,P05,T06,Crítica,Autocontrol,Cerrada,2007-05-25,16,R09,1760747
NC-102784,2007-05-10,P06,T05,Crítica,Autocontrol,Cerrada,2007-05-30,20,R09,468815
NC-100504,2007-05-12,P02,T06,Media,Auditoría Interna,Cerrada,2007-05-20,8,R11,656910
NC-106115,2007-05-13,P03,T03,Media,Queja de Cliente,Cerrada,2007-05-22,9,R09,143929
NC-100419,2007-05-13,P04,T06,Alta,Inspección de Calidad,Cerrada,2007-05-28,15,R09,873453
NC-103579,2007-05-18,P06,T05,Alta,Autocontrol,Cerrada,2007-05-20,2,R21,352112
NC-106168,2007-05-23,P04,T02,Alta,Autocontrol,Cerrada,2007-06-01,9,R21,497075
NC-103419,2007-05-29,P03,T02,Media,Auditoría Interna,Cerrada,2007-06-14,16,R11,330510
NC-104762,2007-05-31,P03,T02,Media,Inspección de Calidad,Cerrada,2007-06-15,15,R09,251195
NC-102557,2007-06-01,P02,T03,Media,Queja de Cliente,Cerrada,2007-06-03,2,R09,250390
NC-102370,2007-06-04,P07,T06,Baja,Queja de Cliente,Cerrada,2007-06-24,20,R09,176316
NC-104951,2007-06-08,P06,T06,Alta,Autocontrol,Cerrada,2007-06-20,12,R16,1349622
NC-104253,2007-06-08,P04,T01,Media,Autocontrol,Cerrada,2007-06-14,6,R11,119177
NC-101973,2007-06-10,P07,T06,Media,Inspección de Calidad,Cerrada,2007-07-05,25,R09,457509
NC-105010,2007-06-10,P06,T01,Baja,Autocontrol,Abierta,,,R21,199586
NC-103587,2007-06-11,P03,T06,Baja,Autocontrol,Cerrada,2007-07-08,27,R21,440387
NC-100648,2007-06-17,P04,T01,Alta,Inspección de Calidad,Cerrada,2007-07-08,21,R16,575014
NC-102078,2007-06-18,P07,T02,Media,Autocontrol,Cerrada,2007-06-24,6,R09,516775
NC-105373,2007-06-19,P02,T03,Media,Queja de Cliente,Cerrada,2007-06-26,7,R09,548125
NC-103311,2007-06-20,P08,T04,Media,Autocontrol,Cerrada,2007-07-01,11,R21,709519
NC-104325,2007-06-21,P07,T01,Crítica,Auditoría Externa,Cerrada,2007-07-07,16,R16,2131745
NC-103391,2007-06-22,P06,T06,Alta,Inspección de Calidad,Abierta,,,R16,534878
NC-105791,2007-06-25,P04,T05,Baja,Autocontrol,Cerrada,2007-07-17,22,R11,61689
NC-104732,2007-07-02,P06,T05,Media,Auditoría Externa,Cerrada,2007-07-09,7,R11,440416
NC-102509,2007-07-03,P05,T03,Media,Autocontrol,En Tratamiento,,,R16,303396
NC-101943,2007-07-06,P02,T04,Alta,Inspección de Calidad,Cerrada,2007-07-20,14,R16,421009
NC-100319,2007-07-07,P01,T04,Baja,Autocontrol,Cerrada,2007-07-29,22,R21,52565
NC-101946,2007-07-12,P06,T03,Baja,Inspección de Calidad,Cerrada,2007-07-14,2,R21,216423
NC-101273,2007-07-16,P06,T05,Alta,Inspección de Calidad,En Tratamiento,,,R16,1359625
NC-104147,2007-07-19,P07,T03,Baja,Auditoría Externa,Cerrada,2007-08-08,20,R16,20785
NC-105926,2007-07-21,P01,T02,Crítica,Auditoría Interna,Cerrada,2007-07-26,5,R09,269651
NC-104950,2007-07-23,P02,T05,Baja,Queja de Cliente,Cerrada,2007-08-08,16,R09,334160
NC-100088,2007-07-23,P04,T04,Baja,Auditoría Interna,Cerrada,2007-07-29,6,R16,205226
NC-102810,2007-07-24,P02,T05,Alta,Auditoría Interna,Cerrada,2007-08-11,18,R11,1219059
NC-104118,2007-07-26,P08,T05,Crítica,Autocontrol,Cerrada,2007-08-04,9,R09,406950
NC-101319,2007-07-26,P07,T06,Baja,Inspección de Calidad,Cerrada,2007-08-05,10,R09,123053
NC-102919,2007-07-30,P07,T02,Baja,Auditoría Interna,Cerrada,2007-08-12,13,R11,113829
NC-100966,2007-08-04,P05,T04,Baja,Inspección de Calidad,Cerrada,2007-08-18,14,R16,367191
NC-103475,2007-08-06,P02,T04,Media,Inspección de Calidad,Cerrada,2007-08-13,7,R11,173590
NC-100850,2007-08-09,P02,T02,Alta,Autocontrol,Cerrada,2007-08-25,16,R11,1252278
NC-106098,2007-08-10,P04,T01,Crítica,Auditoría Interna,Cerrada,2007-08-23,13,R21,582138
NC-104520,2007-08-11,P05,T06,Crítica,Auditoría Interna,Abierta,,,R09,741449
NC-101595,2007-08-11,P05,T05,Media,Auditoría Externa,En Tratamiento,,,R21,316023
NC-100056,2007-08-13,P06,T02,Media,Queja de Cliente,Cerrada,2007-08-20,7,R11,1328348
NC-101089,2007-08-13,P02,T02,Alta,Auditoría Interna,Cerrada,2007-08-19,6,R21,1326941
NC-100888,2007-08-13,P06,T04,Baja,Auditoría Externa,En Tratamiento,,,R16,81259
NC-103930,2007-08-15,P02,T03,Alta,Queja de Cliente,Cerrada,2007-08-19,4,R16,247407
NC-102320,2007-08-24,P01,T06,Media,Autocontrol,Cerrada,2007-09-01,8,R11,594794
NC-105361,2007-08-24,P06,T04,Crítica,Auditoría Externa,Cerrada,2007-09-12,19,R21,390872
NC-104124,2007-08-27,P08,T05,Baja,Auditoría Externa,Cerrada,2007-09-05,9,R11,605370
NC-100910,2007-08-30,P07,T03,Baja,Auditoría Interna,Cerrada,2007-09-07,8,R16,102764
NC-105042,2007-09-03,P04,T02,Baja,Queja de Cliente,Cerrada,2007-09-21,18,R16,281668
NC-103078,2007-09-07,P04,T05,Alta,Autocontrol,Cerrada,2007-09-25,18,R21,975755
NC-105957,2007-09-07,P08,T03,Media,Queja de Cliente,Cerrada,2007-09-20,13,R01,513786
NC-101489,2007-09-09,P04,T05,Baja,Auditoría Interna,Cerrada,2007-09-18,9,R21,241576
NC-100779,2007-09-10,P04,T05,Alta,Auditoría Interna,Cerrada,2007-09-18,8,R21,630878
NC-101788,2007-09-10,P04,T06,Media,Queja de Cliente,Cerrada,2007-09-20,10,R09,1150971
NC-100702,2007-09-15,P02,T01,Alta,Auditoría Interna,Abierta,,,R01,811797
NC-104036,2007-09-16,P05,T04,Alta,Auditoría Interna,Cerrada,2007-09-19,3,R16,292749
NC-104232,2007-09-16,P03,T04,Media,Auditoría Interna,Cerrada,2007-10-07,21,R21,171843
NC-103595,2007-09-16,P02,T05,Media,Auditoría Externa,Cerrada,2007-09-27,11,R21,501522
NC-102289,2007-09-20,P04,T05,Alta,Auditoría Externa,Cerrada,2007-10-08,18,R16,626581
NC-105290,2007-09-21,P06,T04,Alta,Auditoría Interna,Cerrada,2007-10-04,13,R16,1023958
NC-103453,2007-09-22,P04,T01,Baja,Auditoría Interna,Cerrada,2007-10-12,20,R09,133867
NC-103784,2007-09-24,P05,T02,Crítica,Queja de Cliente,En Tratamiento,,,R01,2387249
NC-100856,2007-09-24,P06,T03,Media,Auditoría Externa,Cerrada,2007-10-15,21,R11,786656
NC-100112,2007-09-30,P07,T02,Alta,Auditoría Externa,Cerrada,2007-10-09,9,R09,394466
NC-102502,2007-10-02,P03,T03,Baja,Autocontrol,Cerrada,2007-10-06,4,R01,249737
NC-102864,2007-10-04,P04,T05,Baja,Auditoría Externa,En Tratamiento,,,R21,178593
NC-103003,2007-10-22,P03,T02,Baja,Inspección de Calidad,Cerrada,2007-10-29,7,R21,149157
NC-101349,2007-10-27,P07,T03,Media,Inspección de Calidad,Cerrada,2007-11-28,32,R21,64586
NC-102677,2007-10-29,P03,T02,Baja,Autocontrol,Cerrada,2007-10-31,2,R16,284653
NC-102668,2007-11-01,P05,T01,Baja,Auditoría Externa,Abierta,,,R11,76877
NC-101028,2007-11-01,P07,T03,Alta,Auditoría Externa,Cerrada,2007-11-29,28,R01,271178
NC-104862,2007-11-02,P08,T05,Media,Auditoría Interna,Cerrada,2007-11-05,3,R11,940248
NC-102713,2007-11-02,P06,T02,Alta,Autocontrol,Cerrada,2007-11-13,11,R21,730998
NC-104128,2007-11-04,P06,T02,Baja,Autocontrol,Cerrada,2007-11-11,7,R21,183849
NC-103275,2007-11-06,P03,T06,Alta,Auditoría Interna,Cerrada,2007-11-17,11,R01,423393
NC-105952,2007-11-07,P05,T06,Baja,Queja de Cliente,Cerrada,2007-11-28,21,R21,97182
NC-105759,2007-11-14,P08,T05,Media,Auditoría Externa,Cerrada,2007-11-19,5,R01,115911
NC-103883,2007-11-15,P01,T05,Baja,Queja de Cliente,Abierta,,,R09,46677
NC-101085,2007-11-17,P04,T04,Alta,Inspección de Calidad,Cerrada,2007-12-03,16,R16,328972
NC-102905,2007-11-17,P06,T03,Alta,Auditoría Externa,Cerrada,2007-11-18,1,R11,446525
NC-103992,2007-11-21,P02,T04,Alta,Auditoría Interna,Cerrada,2007-12-11,20,R01,1156144
NC-102703,2007-11-22,P01,T03,Alta,Inspección de Calidad,Cerrada,2007-12-01,9,R11,459164
NC-101692,2007-11-22,P01,T04,Baja,Autocontrol,Cerrada,2007-11-23,1,R01,207605
NC-100510,2007-11-27,P01,T04,Baja,Autocontrol,Cerrada,2007-12-17,20,R16,46640
NC-102364,2007-11-29,P05,T05,Media,Inspección de Calidad,Abierta,,,R01,211139
NC-102824,2007-11-30,P08,T05,Crítica,Queja de Cliente,Cerrada,2007-12-14,14,R21,1261491
NC-104623,2007-11-30,P01,T06,Media,Auditoría Externa,Cerrada,2007-12-07,7,R11,254879
NC-100713,2007-12-03,P08,T03,Crítica,Autocontrol,Cerrada,2007-12-15,12,R21,884347
NC-103168,2007-12-03,P03,T04,Media,Autocontrol,Abierta,,,R09,443962
NC-102627,2007-12-03,P01,T02,Baja,Inspección de Calidad,Cerrada,2007-12-13,10,R21,422573
NC-102244,2007-12-05,P03,T06,Baja,Queja de Cliente,En Tratamiento,,,R09,269484
NC-101598,2007-12-09,P03,T05,Alta,Auditoría Interna,Cerrada,2007-12-23,14,R09,1733570
NC-104199,2007-12-10,P05,T06,Media,Auditoría Externa,En Tratamiento,,,R11,551136
NC-101991,2007-12-10,P08,T03,Media,Queja de Cliente,Cerrada,2007-12-15,5,R09,334934
NC-106144,2007-12-12,P06,T06,Media,Queja de Cliente,En Tratamiento,,,R09,158439
NC-105143,2007-12-15,P08,T01,Baja,Auditoría Interna,Cerrada,2007-12-16,1,R01,94929
NC-100693,2007-12-15,P04,T03,Alta,Auditoría Externa,Cerrada,2007-12-25,10,R21,1852027
NC-102449,2007-12-20,P02,T02,Media,Inspección de Calidad,Cerrada,2007-12-28,8,R09,622816
NC-101094,2007-12-24,P07,T01,Alta,Autocontrol,Cerrada,2007-12-31,7,R09,946704
NC-105823,2007-12-28,P08,T01,Alta,Autocontrol,Cerrada,2008-01-20,23,R01,228093
NC-105114,2007-12-29,P05,T03,Crítica,Auditoría Externa,Cerrada,2007-12-30,1,R21,323180
NC-101873,2008-01-02,P07,T01,Media,Queja de Cliente,Cerrada,2008-01-13,11,R21,576633
NC-104040,2008-01-05,P07,T04,Baja,Auditoría Interna,Cerrada,2008-01-12,7,R01,116199
NC-106136,2008-01-06,P07,T03,Crítica,Autocontrol,Cerrada,2008-01-23,17,R01,2232041
NC-106172,2008-01-06,P01,T01,Media,Inspección de Calidad,Cerrada,2008-01-12,6,R11,365483
NC-100579,2008-01-06,P05,T03,Baja,Queja de Cliente,Cerrada,2008-01-18,12,R11,222362
NC-103487,2008-01-07,P04,T03,Media,Auditoría Externa,Cerrada,2008-01-28,21,R09,590742
NC-101576,2008-01-09,P02,T01,Crítica,Auditoría Interna,Cerrada,2008-01-18,9,R21,1610791
NC-104465,2008-01-10,P03,T01,Media,Autocontrol,Cerrada,2008-01-19,9,R16,685293
NC-101099,2008-01-10,P05,T06,Crítica,Auditoría Interna,Cerrada,2008-01-24,14,R01,562799
NC-103280,2008-01-11,P05,T02,Media,Auditoría Interna,Cerrada,2008-01-19,8,R11,709260
NC-103590,2008-01-14,P01,T02,Baja,Inspección de Calidad,Cerrada,2008-02-03,20,R16,147774
NC-101501,2008-01-15,P05,T04,Baja,Queja de Cliente,Cerrada,2008-02-14,30,R11,272548
NC-102409,2008-01-18,P01,T05,Media,Queja de Cliente,Cerrada,2008-02-10,23,R01,391950
NC-103329,2008-01-20,P05,T05,Media,Inspección de Calidad,Cerrada,2008-02-12,23,R11,708742
NC-102831,2008-01-22,P01,T04,Alta,Auditoría Externa,En Tratamiento,,,R21,613293
NC-103761,2008-01-23,P07,T04,Media,Queja de Cliente,Cerrada,2008-02-09,17,R16,229881
NC-104210,2008-01-25,P02,T06,Alta,Inspección de Calidad,Cerrada,2008-02-03,9,R09,1667091
NC-102187,2008-01-27,P08,T02,Alta,Auditoría Externa,Cerrada,2008-02-04,8,R16,1799348
NC-100261,2008-01-28,P03,T05,Alta,Queja de Cliente,Cerrada,2008-02-08,11,R01,1826437
NC-103443,2008-01-29,P05,T05,Media,Queja de Cliente,En Tratamiento,,,R01,593979
NC-104315,2008-01-30,P07,T01,Crítica,Autocontrol,Cerrada,2008-02-08,9,R16,98309
NC-100569,2008-02-03,P07,T03,Media,Auditoría Interna,Cerrada,2008-02-21,18,R21,53669
NC-101419,2008-02-09,P05,T05,Alta,Auditoría Interna,Cerrada,2008-02-27,18,R11,1104147
NC-105315,2008-02-11,P03,T04,Alta,Auditoría Interna,Cerrada,2008-02-25,14,R01,553905
NC-100675,2008-02-12,P05,T04,Crítica,Auditoría Interna,Cerrada,2008-02-18,6,R01,3448471
NC-100082,2008-02-12,P04,T04,Media,Inspección de Calidad,Cerrada,2008-03-02,19,R16,469079
NC-102155,2008-02-13,P01,T05,Alta,Queja de Cliente,Cerrada,2008-02-18,5,R01,463584
NC-100491,2008-02-14,P01,T01,Baja,Auditoría Interna,Cerrada,2008-03-10,25,R16,23791
NC-102282,2008-02-18,P03,T01,Alta,Inspección de Calidad,Cerrada,2008-02-29,11,R09,536294
NC-102545,2008-02-19,P08,T05,Alta,Autocontrol,Cerrada,2008-02-25,6,R09,890643
NC-104539,2008-02-22,P04,T02,Media,Auditoría Interna,Cerrada,2008-03-11,18,R11,211434
NC-104817,2008-02-25,P01,T01,Media,Inspección de Calidad,Cerrada,2008-03-10,14,R16,554535
NC-103585,2008-03-01,P03,T03,Crítica,Inspección de Calidad,Abierta,,,R21,1546468
NC-103679,2008-03-01,P07,T05,Baja,Auditoría Externa,Cerrada,2008-03-14,13,R21,114618
NC-106164,2008-03-03,P07,T04,Media,Auditoría Interna,Cerrada,2008-03-04,1,R01,383277
NC-100302,2008-03-10,P08,T03,Baja,Auditoría Externa,Cerrada,2008-03-20,10,R16,176392
NC-101839,2008-03-11,P03,T01,Baja,Autocontrol,Cerrada,2008-03-27,16,R18,288329
NC-101550,2008-03-11,P07,T03,Baja,Auditoría Interna,Cerrada,2008-03-24,13,R21,109774
NC-105692,2008-03-12,P07,T02,Media,Autocontrol,Cerrada,2008-03-23,11,R09,461910
NC-102439,2008-03-16,P04,T05,Media,Queja de Cliente,Cerrada,2008-04-04,19,R18,126315
NC-101087,2008-03-24,P02,T01,Crítica,Auditoría Interna,Cerrada,2008-04-01,8,R16,313970
NC-103686,2008-03-24,P08,T04,Alta,Auditoría Interna,Cerrada,2008-04-04,11,R18,323094
NC-102588,2008-03-25,P07,T04,Media,Auditoría Interna,Cerrada,2008-03-29,4,R01,553181
NC-104219,2008-03-25,P07,T05,Media,Autocontrol,Cerrada,2008-04-03,9,R21,726156
NC-101228,2008-03-29,P02,T06,Media,Autocontrol,Cerrada,2008-04-20,22,R11,388834
NC-104641,2008-03-30,P01,T01,Media,Queja de Cliente,Cerrada,2008-04-10,11,R18,358943
NC-101233,2008-04-09,P05,T02,Crítica,Autocontrol,Cerrada,2008-04-20,11,R18,242376
NC-102772,2008-04-11,P01,T01,Media,Inspección de Calidad,Cerrada,2008-04-22,11,R21,184092
NC-105305,2008-04-15,P08,T06,Baja,Auditoría Interna,Cerrada,2008-04-29,14,R18,113352
NC-100398,2008-04-19,P07,T02,Alta,Queja de Cliente,Cerrada,2008-04-21,2,R09,1170207
NC-103294,2008-04-25,P06,T06,Media,Autocontrol,Cerrada,2008-05-06,11,R01,982578
NC-102604,2008-04-28,P06,T06,Media,Inspección de Calidad,En Tratamiento,,,R01,98368
NC-100424,2008-04-28,P03,T04,Baja,Autocontrol,Cerrada,2008-05-13,15,R21,213084
NC-101139,2008-04-30,P01,T04,Alta,Auditoría Externa,Cerrada,2008-05-05,5,R09,1044798
NC-103189,2008-05-02,P07,T06,Crítica,Inspección de Calidad,Cerrada,2008-05-18,16,R16,2683280
NC-103063,2008-05-04,P08,T05,Media,Auditoría Externa,Cerrada,2008-06-02,29,R21,425785
NC-101783,2008-05-04,P03,T05,Baja,Queja de Cliente,En Tratamiento,,,R09,164028
NC-103308,2008-05-07,P05,T05,Media,Queja de Cliente,Abierta,,,R16,527063
NC-105756,2008-05-07,P06,T02,Media,Auditoría Interna,Cerrada,2008-06-01,25,R09,863672
NC-103825,2008-05-07,P01,T04,Media,Auditoría Interna,En Tratamiento,,,R16,128325
NC-101303,2008-05-09,P06,T01,Media,Auditoría Interna,Cerrada,2008-05-17,8,R11,707727
NC-101460,2008-05-09,P04,T05,Crítica,Autocontrol,Cerrada,2008-05-26,17,R09,201063
NC-101390,2008-05-14,P08,T02,Baja,Auditoría Interna,En Tratamiento,,,R16,191482
NC-104622,2008-05-14,P05,T05,Baja,Autocontrol,Cerrada,2008-05-15,1,R01,147685
NC-100909,2008-05-17,P01,T05,Baja,Inspección de Calidad,Cerrada,2008-05-27,10,R11,350010
NC-104152,2008-05-18,P07,T06,Baja,Inspección de Calidad,Cerrada,2008-05-25,7,R01,250961
NC-101274,2008-05-20,P02,T02,Alta,Autocontrol,Cerrada,2008-06-04,15,R09,967896
NC-100587,2008-05-21,P05,T01,Media,Autocontrol,En Tratamiento,,,R11,725067
NC-102293,2008-05-24,P07,T02,Baja,Auditoría Externa,Cerrada,2008-05-31,7,R09,117966
NC-101556,2008-05-29,P05,T04,Crítica,Auditoría Interna,Cerrada,2008-06-03,5,R21,866434
NC-101367,2008-05-31,P02,T05,Media,Inspección de Calidad,Cerrada,2008-06-05,5,R16,1583961
NC-104254,2008-05-31,P02,T06,Media,Queja de Cliente,Cerrada,2008-06-12,12,R18,372258
NC-101130,2008-06-05,P03,T06,Baja,Inspección de Calidad,Cerrada,2008-06-13,8,R11,391336
NC-105099,2008-06-06,P06,T01,Baja,Inspección de Calidad,Cerrada,2008-06-11,5,R18,109991
NC-100406,2008-06-06,P06,T03,Media,Inspección de Calidad,Cerrada,2008-07-11,35,R09,381324
NC-102090,2008-06-10,P03,T06,Crítica,Autocontrol,Cerrada,2008-06-13,3,R11,1129617
NC-100235,2008-06-10,P07,T04,Media,Auditoría Externa,Cerrada,2008-06-16,6,R16,726631
NC-104984,2008-06-14,P08,T03,Baja,Inspección de Calidad,Cerrada,2008-06-19,5,R09,51931
NC-103467,2008-06-16,P05,T05,Baja,Queja de Cliente,Cerrada,2008-06-25,9,R11,291066
NC-100973,2008-06-17,P08,T05,Alta,Inspección de Calidad,Cerrada,2008-07-01,14,R18,620101
NC-101004,2008-06-18,P01,T05,Media,Auditoría Interna,Cerrada,2008-07-05,17,R16,413422
NC-102268,2008-06-23,P06,T05,Baja,Autocontrol,Cerrada,2008-07-12,19,R11,5626
NC-103541,2008-06-24,P03,T03,Alta,Auditoría Externa,Cerrada,2008-07-06,12,R11,1545054
NC-100158,2008-06-25,P02,T02,Alta,Auditoría Externa,Cerrada,2008-06-30,5,R01,683836
NC-104738,2008-06-26,P02,T03,Crítica,Auditoría Interna,Cerrada,2008-07-06,10,R18,217472
NC-102003,2008-06-27,P02,T04,Media,Auditoría Interna,Abierta,,,R18,712870
NC-102641,2008-06-28,P08,T02,Media,Autocontrol,Cerrada,2008-07-21,23,R09,105344
NC-106175,2008-06-28,P04,T06,Baja,Autocontrol,Cerrada,2008-07-14,16,R16,279081
NC-103335,2008-07-03,P08,T01,Media,Queja de Cliente,Cerrada,2008-07-11,8,R18,1113424
NC-105261,2008-07-05,P01,T01,Media,Auditoría Externa,Cerrada,2008-08-01,27,R09,150912
NC-103681,2008-07-07,P04,T03,Alta,Auditoría Interna,Cerrada,2008-07-29,22,R09,416965
NC-100962,2008-07-12,P04,T06,Media,Auditoría Interna,Cerrada,2008-07-18,6,R01,681450
NC-102121,2008-07-13,P08,T04,Media,Autocontrol,Cerrada,2008-07-22,9,R16,302564
NC-100234,2008-07-15,P04,T06,Media,Queja de Cliente,Cerrada,2008-08-01,17,R16,1065748
NC-103851,2008-07-16,P04,T04,Media,Inspección de Calidad,Cerrada,2008-07-29,13,R09,433693
NC-103320,2008-07-17,P02,T04,Alta,Queja de Cliente,Abierta,,,R16,280899
NC-105108,2008-07-21,P03,T01,Media,Inspección de Calidad,Abierta,,,R11,2121905
NC-100142,2008-07-24,P01,T04,Crítica,Autocontrol,Cerrada,2008-08-18,25,R21,1088946
NC-106150,2008-07-28,P06,T01,Media,Auditoría Externa,Cerrada,2008-08-12,15,R01,718580
NC-104290,2008-07-29,P02,T03,Baja,Auditoría Interna,Abierta,,,R09,111668
NC-101442,2008-07-31,P06,T06,Baja,Inspección de Calidad,Cerrada,2008-08-07,7,R11,406054
NC-100872,2008-08-01,P06,T01,Media,Queja de Cliente,Cerrada,2008-08-05,4,R11,790765
NC-103946,2008-08-01,P08,T02,Media,Auditoría Interna,Cerrada,2008-08-12,11,R16,539518
NC-106147,2008-08-01,P06,T01,Media,Auditoría Externa,Cerrada,2008-08-04,3,R21,71589
NC-100480,2008-08-04,P01,T06,Baja,Inspección de Calidad,Cerrada,2008-08-20,16,R01,60444
NC-102691,2008-08-06,P03,T01,Media,Autocontrol,Cerrada,2008-08-12,6,R16,507851
NC-102998,2008-08-08,P08,T03,Alta,Queja de Cliente,En Tratamiento,,,R01,966067
NC-105277,2008-08-09,P07,T02,Media,Queja de Cliente,En Tratamiento,,,R01,518611
NC-105428,2008-08-13,P02,T01,Media,Auditoría Externa,Cerrada,2008-08-21,8,R16,499861
NC-103494,2008-08-14,P02,T01,Baja,Inspección de Calidad,En Tratamiento,,,R18,283518
NC-102373,2008-08-15,P01,T06,Media,Auditoría Externa,Cerrada,2008-08-31,16,R11,574762
NC-104263,2008-08-16,P06,T01,Baja,Auditoría Externa,Cerrada,2008-08-27,11,R11,74362
NC-101054,2008-08-19,P02,T03,Baja,Auditoría Externa,Cerrada,2008-08-31,12,R18,391738
NC-104871,2008-08-20,P01,T02,Baja,Queja de Cliente,Cerrada,2008-08-29,9,R01,395490
NC-105723,2008-08-20,P03,T01,Baja,Inspección de Calidad,Cerrada,2008-08-28,8,R11,25885
NC-100904,2008-08-24,P07,T02,Media,Auditoría Interna,Cerrada,2008-09-16,23,R16,141295
NC-104387,2008-08-25,P01,T01,Media,Autocontrol,Cerrada,2008-09-02,8,R09,727188
NC-105685,2008-08-30,P06,T02,Media,Queja de Cliente,Cerrada,2008-09-06,7,R09,148751
NC-105270,2008-08-31,P02,T04,Alta,Auditoría Externa,Cerrada,2008-09-12,12,R11,1708387
NC-100039,2008-09-02,P01,T04,Alta,Auditoría Externa,En Tratamiento,,,R11,1014208
NC-101377,2008-09-04,P07,T03,Media,Autocontrol,En Tratamiento,,,R11,908526
NC-102839,2008-09-08,P07,T05,Alta,Inspección de Calidad,Cerrada,2008-09-11,3,R09,246831
NC-100501,2008-09-10,P06,T02,Baja,Inspección de Calidad,En Tratamiento,,,R11,9296
NC-100265,2008-09-11,P07,T01,Media,Autocontrol,En Tratamiento,,,R09,621766
NC-105034,2008-09-11,P07,T04,Baja,Inspección de Calidad,En Tratamiento,,,R18,56965
NC-102264,2008-09-12,P03,T03,Crítica,Queja de Cliente,Cerrada,2008-09-15,3,R01,1122905
NC-103616,2008-09-12,P04,T03,Alta,Autocontrol,Cerrada,2008-09-20,8,R09,807131
NC-105958,2008-09-13,P08,T05,Media,Autocontrol,Cerrada,2008-10-05,22,R18,595369
NC-103437,2008-09-13,P07,T02,Baja,Queja de Cliente,Cerrada,2008-09-23,10,R21,115960
NC-100037,2008-09-15,P03,T06,Media,Autocontrol,Cerrada,2008-09-24,9,R11,212105
NC-100840,2008-09-15,P02,T03,Alta,Inspección de Calidad,Cerrada,2008-09-22,7,R21,319899
NC-102079,2008-09-18,P07,T03,Alta,Queja de Cliente,Abierta,,,R09,2178081
NC-101149,2008-09-20,P07,T01,Crítica,Auditoría Externa,En Tratamiento,,,R18,141442
NC-103340,2008-09-24,P07,T02,Baja,Auditoría Externa,Cerrada,2008-09-30,6,R01,48606
NC-103718,2008-09-26,P06,T03,Baja,Auditoría Interna,Cerrada,2008-09-29,3,R01,165473
NC-105829,2008-09-30,P03,T06,Alta,Auditoría Externa,En Tratamiento,,,R09,401486
NC-102456,2008-10-01,P07,T06,Baja,Queja de Cliente,Cerrada,2008-10-19,18,R21,186097
NC-100477,2008-10-01,P05,T04,Media,Auditoría Interna,Cerrada,2008-10-17,16,R01,237723
NC-101344,2008-10-03,P04,T01,Alta,Auditoría Externa,Cerrada,2008-10-19,16,R21,456976
NC-104973,2008-10-04,P02,T02,Media,Inspección de Calidad,Cerrada,2008-10-19,15,R21,206183
NC-104734,2008-10-07,P05,T04,Media,Auditoría Interna,Cerrada,2008-10-14,7,R16,829341
NC-101618,2008-10-10,P04,T03,Media,Autocontrol,En Tratamiento,,,R01,502544
NC-102416,2008-10-10,P02,T04,Baja,Auditoría Externa,Cerrada,2008-10-15,5,R16,154858
NC-104163,2008-10-12,P03,T04,Alta,Inspección de Calidad,Cerrada,2008-10-18,6,R21,1260434
NC-103334,2008-10-13,P07,T02,Media,Auditoría Externa,Cerrada,2008-10-18,5,R09,373148
NC-102146,2008-10-21,P07,T04,Baja,Auditoría Externa,Cerrada,2008-11-02,12,R11,187787
NC-100055,2008-10-21,P01,T02,Alta,Auditoría Externa,En Tratamiento,,,R21,153730
NC-104636,2008-10-22,P02,T04,Baja,Queja de Cliente,Cerrada,2008-10-28,6,R11,131448
NC-100507,2008-10-26,P02,T05,Media,Queja de Cliente,Cerrada,2008-11-06,11,R09,157760
NC-106123,2008-10-29,P07,T04,Media,Auditoría Interna,Cerrada,2008-11-13,15,R11,158802
NC-102382,2008-10-29,P02,T04,Media,Autocontrol,Cerrada,2008-11-09,11,R18,405969
NC-102254,2008-10-31,P02,T04,Media,Auditoría Interna,Cerrada,2008-11-06,6,R16,270753
NC-101333,2008-11-04,P07,T04,Media,Autocontrol,En Tratamiento,,,R09,94448
NC-103529,2008-11-07,P07,T05,Alta,Auditoría Interna,Cerrada,2008-11-23,16,R18,913485
NC-101294,2008-11-11,P07,T01,Alta,Auditoría Interna,Cerrada,2008-11-20,9,R01,889730
NC-100468,2008-11-11,P07,T06,Baja,Auditoría Externa,Cerrada,2008-11-15,4,R01,116699
NC-101819,2008-11-13,P03,T02,Baja,Queja de Cliente,Cerrada,2008-11-22,9,R21,327106
NC-103344,2008-11-13,P01,T04,Alta,Inspección de Calidad,Cerrada,2008-11-26,13,R01,1436720
NC-102854,2008-11-14,P06,T04,Alta,Queja de Cliente,Cerrada,2008-11-19,5,R11,114325
NC-103795,2008-11-19,P06,T03,Crítica,Autocontrol,Cerrada,2008-12-06,17,R16,2537640
NC-106088,2008-11-21,P07,T02,Media,Autocontrol,Cerrada,2008-11-30,9,R01,204491
NC-100795,2008-11-22,P03,T01,Media,Queja de Cliente,Cerrada,2008-11-30,8,R09,866241
NC-105884,2008-11-22,P07,T05,Alta,Autocontrol,Cerrada,2008-12-07,15,R09,487689
NC-105491,2008-11-23,P01,T04,Baja,Inspección de Calidad,En Tratamiento,,,R01,262173
NC-102064,2008-11-23,P03,T03,Baja,Inspección de Calidad,Cerrada,2008-12-03,10,R01,97583
NC-103087,2008-11-24,P06,T03,Baja,Auditoría Interna,Cerrada,2008-11-28,4,R16,227423
NC-105393,2008-11-25,P03,T02,Baja,Auditoría Externa,Cerrada,2008-12-12,17,R16,228728
NC-103881,2008-11-28,P07,T04,Media,Auditoría Externa,Cerrada,2008-12-06,8,R01,1116832
NC-104599,2008-12-01,P07,T04,Alta,Inspección de Calidad,Cerrada,2008-12-03,2,R09,621011
NC-101039,2008-12-01,P08,T04,Media,Auditoría Externa,Cerrada,2008-12-09,8,R01,103940
NC-102483,2008-12-02,P01,T02,Baja,Auditoría Interna,Abierta,,,R16,623576
NC-106122,2008-12-03,P02,T02,Media,Inspección de Calidad,Cerrada,2008-12-12,9,R01,685942
NC-102026,2008-12-03,P05,T06,Media,Inspección de Calidad,Cerrada,2008-12-08,5,R09,313467
NC-101234,2008-12-09,P04,T04,Media,Inspección de Calidad,Cerrada,2008-12-24,15,R21,927460
NC-102291,2008-12-09,P04,T06,Media,Inspección de Calidad,Cerrada,2008-12-21,12,R01,118817
NC-104953,2008-12-13,P04,T05,Baja,Autocontrol,Cerrada,2008-12-18,5,R21,322355
NC-101289,2008-12-15,P05,T01,Alta,Autocontrol,Cerrada,2008-12-26,11,R21,458935
NC-102357,2008-12-21,P04,T02,Media,Inspección de Calidad,Cerrada,2009-01-10,20,R18,222140
NC-105388,2008-12-23,P03,T06,Alta,Queja de Cliente,Cerrada,2009-01-04,12,R01,1009096
NC-102963,2008-12-27,P08,T03,Media,Auditoría Externa,Cerrada,2008-12-31,4,R11,807662
NC-103020,2008-12-30,P06,T02,Media,Auditoría Externa,Cerrada,2009-01-05,6,R18,551039
NC-102584,2008-12-31,P02,T04,Baja,Inspección de Calidad,Cerrada,2009-01-14,14,R01,80047
NC-104972,2009-01-01,P04,T04,Baja,Auditoría Interna,Cerrada,2009-01-05,4,R01,162431
NC-100209,2009-01-03,P03,T02,Media,Queja de Cliente,Cerrada,2009-01-15,12,R21,344186
NC-106199,2009-01-04,P02,T06,Media,Autocontrol,Cerrada,2009-01-28,24,R18,176900
NC-104469,2009-01-04,P05,T02,Crítica,Autocontrol,Cerrada,2009-01-06,2,R11,216714
NC-103925,2009-01-04,P08,T04,Media,Inspección de Calidad,Cerrada,2009-01-18,14,R11,140310
NC-103917,2009-01-05,P02,T06,Baja,Queja de Cliente,Cerrada,2009-01-17,12,R16,294093
NC-101815,2009-01-08,P05,T02,Media,Queja de Cliente,Cerrada,2009-01-17,9,R18,339288
NC-102711,2009-01-10,P03,T06,Crítica,Autocontrol,En Tratamiento,,,R01,1892565
NC-101693,2009-01-13,P08,T02,Media,Auditoría Interna,Cerrada,2009-01-27,14,R21,480166
NC-102925,2009-01-13,P05,T03,Media,Auditoría Externa,Cerrada,2009-01-25,12,R01,750110
NC-101358,2009-01-17,P02,T05,Media,Queja de Cliente,Cerrada,2009-01-23,6,R16,951663
NC-100787,2009-01-18,P02,T04,Media,Inspección de Calidad,Cerrada,2009-01-21,3,R11,326041
NC-102092,2009-01-23,P02,T01,Media,Autocontrol,Cerrada,2009-02-15,23,R18,565443
NC-103222,2009-01-24,P08,T06,Crítica,Auditoría Interna,En Tratamiento,,,R09,2376581
NC-100752,2009-01-25,P04,T01,Media,Inspección de Calidad,Cerrada,2009-02-01,7,R01,777550
NC-101105,2009-01-30,P07,T04,Baja,Auditoría Interna,Cerrada,2009-02-03,4,R11,133513
NC-101292,2009-01-30,P06,T05,Crítica,Auditoría Interna,En Tratamiento,,,R11,515505
NC-101430,2009-01-30,P07,T01,Media,Auditoría Externa,En Tratamiento,,,R16,158174
NC-105629,2009-01-30,P03,T06,Alta,Auditoría Interna,Cerrada,2009-02-15,16,R16,51853
NC-104765,2009-02-06,P03,T05,Baja,Inspección de Calidad,Cerrada,2009-02-17,11,R01,171338
NC-105686,2009-02-08,P02,T06,Alta,Queja de Cliente,En Tratamiento,,,R01,1276344
NC-101665,2009-02-12,P04,T01,Baja,Autocontrol,Cerrada,2009-02-27,15,R09,46303
NC-104701,2009-02-13,P04,T02,Crítica,Autocontrol,Cerrada,2009-02-26,13,R11,835298
NC-101058,2009-02-17,P07,T01,Baja,Queja de Cliente,Cerrada,2009-03-08,19,R21,96331
NC-102140,2009-02-17,P04,T06,Baja,Auditoría Interna,Cerrada,2009-02-27,10,R11,104302
NC-105556,2009-02-18,P08,T02,Baja,Autocontrol,Cerrada,2009-03-04,14,R01,434574
NC-100855,2009-02-22,P05,T05,Alta,Inspección de Calidad,En Tratamiento,,,R21,48861
NC-102544,2009-02-23,P04,T05,Media,Inspección de Calidad,Abierta,,,R01,1677663
NC-102166,2009-02-25,P05,T04,Media,Inspección de Calidad,Cerrada,2009-03-04,7,R11,857555
NC-104079,2009-02-26,P07,T04,Crítica,Auditoría Interna,Cerrada,2009-03-06,8,R09,1657206
NC-103629,2009-02-27,P01,T02,Media,Auditoría Interna,Cerrada,2009-03-10,11,R11,755632
NC-103891,2009-03-03,P03,T03,Media,Auditoría Interna,Cerrada,2009-03-05,2,R01,1132202
NC-100321,2009-03-05,P03,T01,Alta,Queja de Cliente,Cerrada,2009-03-11,6,R09,159432
NC-102938,2009-03-07,P06,T02,Baja,Auditoría Externa,Cerrada,2009-03-22,15,R21,241125
NC-103166,2009-03-09,P07,T04,Baja,Autocontrol,Cerrada,2009-03-16,7,R21,93280
NC-101184,2009-03-12,P04,T03,Baja,Auditoría Externa,Cerrada,2009-03-18,6,R16,348293
NC-105436,2009-03-14,P06,T04,Baja,Inspección de Calidad,En Tratamiento,,,R09,157985
NC-100207,2009-03-15,P08,T04,Media,Queja de Cliente,Cerrada,2009-03-19,4,R01,39989
NC-102065,2009-03-15,P04,T04,Alta,Autocontrol,Cerrada,2009-04-04,20,R16,135841
NC-102564,2009-03-19,P04,T05,Alta,Queja de Cliente,Cerrada,2009-04-03,15,R11,1272768
NC-103191,2009-03-21,P08,T04,Baja,Auditoría Externa,Cerrada,2009-04-03,13,R18,311560
NC-103971,2009-03-22,P02,T06,Media,Inspección de Calidad,Cerrada,2009-03-29,7,R16,117715
NC-105456,2009-03-22,P07,T01,Media,Auditoría Externa,En Tratamiento,,,R09,143151
NC-103219,2009-03-25,P03,T02,Alta,Auditoría Interna,Cerrada,2009-04-07,13,R21,640309
NC-105443,2009-03-27,P08,T05,Media,Auditoría Externa,Abierta,,,R09,274124
NC-102931,2009-03-30,P01,T05,Baja,Queja de Cliente,Cerrada,2009-04-07,8,R01,198441
NC-103564,2009-03-31,P05,T05,Media,Autocontrol,En Tratamiento,,,R11,2166764
NC-101859,2009-04-03,P06,T04,Baja,Autocontrol,Cerrada,2009-04-23,20,R18,16670
NC-103051,2009-04-04,P03,T03,Media,Auditoría Interna,Cerrada,2009-04-27,23,R11,143467
NC-102482,2009-04-04,P04,T01,Alta,Auditoría Externa,Cerrada,2009-04-23,19,R18,637105
NC-101241,2009-04-06,P05,T06,Media,Auditoría Externa,En Tratamiento,,,R16,629754
NC-103961,2009-04-06,P05,T04,Alta,Auditoría Externa,Cerrada,2009-04-12,6,R21,254525
NC-100061,2009-04-07,P04,T06,Media,Auditoría Externa,Cerrada,2009-04-24,17,R16,230867
NC-103699,2009-04-08,P04,T06,Media,Auditoría Interna,Cerrada,2009-04-26,18,R09,531980
NC-101932,2009-04-08,P06,T05,Alta,Auditoría Interna,Cerrada,2009-04-12,4,R09,759033
NC-103104,2009-04-08,P08,T03,Media,Auditoría Externa,Cerrada,2009-04-22,14,R09,696402
NC-102213,2009-04-11,P07,T04,Baja,Auditoría Interna,Cerrada,2009-05-01,20,R16,141356
NC-101727,2009-04-11,P07,T06,Media,Autocontrol,Cerrada,2009-04-22,11,R18,359976
NC-102198,2009-04-14,P06,T01,Alta,Autocontrol,Cerrada,2009-05-05,21,R01,500407
NC-104366,2009-04-16,P03,T06,Alta,Queja de Cliente,En Tratamiento,,,R21,2671542
NC-104005,2009-04-19,P07,T02,Baja,Auditoría Interna,Cerrada,2009-05-14,25,R16,96538
NC-100332,2009-04-24,P03,T06,Alta,Autocontrol,Cerrada,2009-05-02,8,R09,1297645
NC-104044,2009-04-29,P01,T03,Media,Auditoría Externa,Cerrada,2009-05-04,5,R18,547591
NC-101785,2009-04-30,P02,T06,Baja,Auditoría Externa,Cerrada,2009-05-15,15,R09,35039
NC-106029,2009-05-02,P07,T06,Alta,Autocontrol,Cerrada,2009-05-18,16,R11,2212143
NC-105853,2009-05-04,P04,T05,Media,Inspección de Calidad,Cerrada,2009-05-17,13,R11,550091
NC-106065,2009-05-05,P01,T04,Crítica,Auditoría Externa,Cerrada,2009-05-16,11,R11,105075
NC-102375,2009-05-06,P04,T05,Media,Queja de Cliente,Cerrada,2009-05-23,17,R11,278420
NC-100874,2009-05-09,P06,T04,Media,Inspección de Calidad,Cerrada,2009-05-20,11,R11,844797
NC-105124,2009-05-10,P07,T03,Crítica,Inspección de Calidad,Cerrada,2009-05-23,13,R11,969543
NC-101498,2009-05-11,P06,T04,Baja,Queja de Cliente,Cerrada,2009-05-18,7,R16,112154
NC-100949,2009-05-17,P08,T02,Alta,Queja de Cliente,Cerrada,2009-06-01,15,R09,1216242
NC-102709,2009-05-18,P03,T03,Baja,Autocontrol,En Tratamiento,,,R09,201022
NC-100969,2009-05-20,P06,T04,Media,Auditoría Externa,Cerrada,2009-05-25,5,R01,158074
NC-102105,2009-05-20,P07,T04,Crítica,Queja de Cliente,Cerrada,2009-05-26,6,R09,92329
NC-102606,2009-05-21,P01,T06,Media,Queja de Cliente,En Tratamiento,,,R11,365795
NC-100684,2009-05-22,P02,T03,Alta,Auditoría Interna,Cerrada,2009-06-03,12,R18,242115
NC-106154,2009-05-23,P03,T06,Media,Queja de Cliente,Cerrada,2009-05-25,2,R01,313354
NC-105521,2009-05-31,P01,T04,Baja,Autocontrol,Cerrada,2009-06-09,9,R11,283164
NC-105441,2009-06-02,P07,T03,Media,Auditoría Externa,Cerrada,2009-06-15,13,R01,432113
NC-104485,2009-06-02,P02,T04,Baja,Auditoría Externa,Cerrada,2009-06-10,8,R16,166155
NC-105558,2009-06-06,P06,T06,Media,Inspección de Calidad,En Tratamiento,,,R09,420997
NC-100514,2009-06-06,P02,T05,Alta,Auditoría Interna,Cerrada,2009-06-12,6,R01,717672
NC-102286,2009-06-07,P02,T05,Baja,Inspección de Calidad,Abierta,,,R01,95181
NC-100663,2009-06-07,P02,T06,Media,Queja de Cliente,En Tratamiento,,,R09,88090
NC-100662,2009-06-08,P02,T01,Baja,Queja de Cliente,Cerrada,2009-06-29,21,R09,92604
NC-101092,2009-06-09,P01,T03,Alta,Auditoría Interna,Cerrada,2009-06-19,10,R09,126272
NC-102917,2009-06-10,P08,T02,Alta,Inspección de Calidad,Cerrada,2009-07-02,22,R16,1290655
NC-101678,2009-06-12,P08,T06,Alta,Auditoría Externa,Cerrada,2009-07-09,27,R11,1472380
NC-102835,2009-06-12,P07,T03,Alta,Inspección de Calidad,Cerrada,2009-06-15,3,R11,320841
NC-100716,2009-06-14,P04,T03,Crítica,Inspección de Calidad,Cerrada,2009-06-23,9,R18,311343
NC-102974,2009-06-18,P05,T05,Media,Queja de Cliente,Cerrada,2009-06-24,6,R18,879937
NC-103411,2009-06-20,P04,T03,Baja,Autocontrol,Cerrada,2009-07-04,14,R01,112268
NC-101138,2009-06-22,P02,T05,Crítica,Inspección de Calidad,Cerrada,2009-06-25,3,R21,432126
NC-100529,2009-06-27,P02,T02,Baja,Auditoría Externa,Cerrada,2009-07-10,13,R21,197813
NC-101673,2009-06-30,P04,T01,Media,Queja de Cliente,Abierta,,,R21,176503
NC-105562,2009-07-01,P05,T01,Media,Auditoría Externa,Cerrada,2009-07-10,9,R11,459314
NC-100727,2009-07-03,P05,T01,Media,Auditoría Externa,Abierta,,,R21,531390
NC-102457,2009-07-03,P01,T01,Baja,Inspección de Calidad,Cerrada,2009-07-08,5,R18,347639
NC-101019,2009-07-03,P08,T06,Baja,Queja de Cliente,Cerrada,2009-07-21,18,R11,73575
NC-101496,2009-07-04,P02,T02,Media,Auditoría Interna,Cerrada,2009-07-19,15,R21,142116
NC-103601,2009-07-14,P06,T02,Media,Inspección de Calidad,Cerrada,2009-08-03,20,R16,777395
NC-103816,2009-07-15,P05,T05,Media,Queja de Cliente,Cerrada,2009-07-21,6,R01,1395624
NC-101896,2009-07-15,P08,T03,Baja,Queja de Cliente,Cerrada,2009-08-04,20,R16,139164
NC-101095,2009-07-17,P05,T06,Media,Inspección de Calidad,Cerrada,2009-07-29,12,R01,302773
NC-103867,2009-07-17,P07,T05,Baja,Auditoría Externa,Cerrada,2009-07-19,2,R01,122044
NC-100404,2009-07-17,P06,T01,Crítica,Auditoría Interna,Cerrada,2009-07-22,5,R09,700077
NC-100124,2009-07-19,P08,T05,Baja,Auditoría Externa,Cerrada,2009-07-30,11,R18,61215
NC-102996,2009-07-20,P03,T03,Baja,Auditoría Externa,Cerrada,2009-07-27,7,R16,228437
NC-100151,2009-07-21,P06,T05,Crítica,Autocontrol,Cerrada,2009-07-24,3,R21,202889
NC-101037,2009-07-27,P03,T04,Media,Autocontrol,Cerrada,2009-08-09,13,R09,450110
NC-103369,2009-07-28,P02,T02,Baja,Auditoría Externa,Cerrada,2009-08-01,4,R21,739323
NC-100823,2009-07-29,P06,T06,Media,Auditoría Interna,Cerrada,2009-08-11,13,R01,633120
NC-103270,2009-07-30,P01,T04,Crítica,Inspección de Calidad,Cerrada,2009-08-02,3,R18,697694
NC-104316,2009-08-02,P01,T03,Baja,Auditoría Externa,Cerrada,2009-08-10,8,R01,217162
NC-105910,2009-08-03,P05,T01,Media,Queja de Cliente,Cerrada,2009-08-27,24,R01,59299
NC-103000,2009-08-04,P03,T03,Baja,Inspección de Calidad,Cerrada,2009-08-08,4,R11,170888
NC-102180,2009-08-06,P08,T06,Alta,Autocontrol,Cerrada,2009-08-29,23,R11,1350731
NC-103862,2009-08-07,P06,T06,Alta,Inspección de Calidad,Cerrada,2009-08-15,8,R01,346374
NC-101717,2009-08-09,P07,T04,Media,Auditoría Interna,Cerrada,2009-08-22,13,R09,339284
NC-104602,2009-08-10,P06,T04,Alta,Autocontrol,Cerrada,2009-08-14,4,R09,451770
NC-103392,2009-08-11,P08,T03,Media,Queja de Cliente,Cerrada,2009-08-19,8,R16,44477
NC-101577,2009-08-11,P03,T01,Baja,Autocontrol,Cerrada,2009-08-15,4,R11,479407
NC-103734,2009-08-11,P01,T03,Media,Inspección de Calidad,Cerrada,2009-08-19,8,R16,376447
NC-101639,2009-08-13,P04,T02,Baja,Inspección de Calidad,En Tratamiento,,,R21,91972
NC-100837,2009-08-13,P06,T04,Media,Queja de Cliente,Cerrada,2009-08-19,6,R09,696566
NC-104982,2009-08-14,P05,T01,Baja,Auditoría Externa,Cerrada,2009-08-23,9,R21,130111
NC-102077,2009-08-15,P03,T03,Alta,Inspección de Calidad,Cerrada,2009-09-04,20,R16,618758
NC-100276,2009-08-15,P08,T01,Baja,Autocontrol,Cerrada,2009-08-31,16,R16,216257
NC-106089,2009-08-16,P03,T02,Media,Queja de Cliente,Cerrada,2009-09-10,25,R09,535400
NC-103200,2009-08-18,P01,T06,Alta,Inspección de Calidad,Cerrada,2009-08-21,3,R11,1048359
NC-101410,2009-08-19,P06,T06,Alta,Queja de Cliente,Cerrada,2009-08-22,3,R11,463800
NC-102912,2009-08-25,P05,T03,Media,Queja de Cliente,Cerrada,2009-09-09,15,R21,92817
NC-100895,2009-08-30,P02,T05,Media,Auditoría Externa,En Tratamiento,,,R21,271190
NC-100262,2009-08-30,P08,T05,Alta,Inspección de Calidad,Cerrada,2009-09-11,12,R18,2570668
NC-104085,2009-08-31,P07,T01,Baja,Auditoría Externa,Cerrada,2009-09-10,10,R11,188859
NC-105112,2009-09-01,P08,T01,Media,Auditoría Interna,Cerrada,2009-09-17,16,R01,286744
NC-105452,2009-09-06,P04,T04,Baja,Auditoría Interna,En Tratamiento,,,R16,143003
NC-102699,2009-09-06,P06,T02,Crítica,Auditoría Externa,Cerrada,2009-09-13,7,R01,494316
NC-101510,2009-09-06,P04,T06,Baja,Auditoría Externa,Cerrada,2009-10-08,32,R21,186276
NC-101269,2009-09-07,P02,T03,Alta,Autocontrol,Cerrada,2009-09-14,7,R01,1420015
NC-104258,2009-09-10,P03,T06,Media,Inspección de Calidad,Cerrada,2009-09-25,15,R21,496028
NC-105284,2009-09-14,P05,T03,Media,Queja de Cliente,En Tratamiento,,,R01,353518
NC-103986,2009-09-18,P02,T02,Crítica,Inspección de Calidad,Cerrada,2009-10-03,15,R01,529373
NC-103165,2009-09-20,P03,T05,Media,Queja de Cliente,Cerrada,2009-10-21,31,R01,320766
NC-103164,2009-09-21,P08,T04,Media,Auditoría Externa,Abierta,,,R18,785385
NC-103185,2009-09-21,P04,T01,Baja,Autocontrol,Cerrada,2009-10-09,18,R01,282773
NC-104766,2009-09-22,P01,T03,Crítica,Auditoría Interna,En Tratamiento,,,R21,1331458
NC-101249,2009-09-28,P06,T02,Baja,Inspección de Calidad,Cerrada,2009-10-15,17,R01,141910
NC-104190,2009-09-30,P04,T06,Baja,Inspección de Calidad,Cerrada,2009-10-17,17,R21,36569
NC-100044,2009-09-30,P05,T03,Baja,Queja de Cliente,Cerrada,2009-10-22,22,R01,160327
NC-101916,2009-10-01,P03,T01,Alta,Auditoría Externa,Cerrada,2009-10-13,12,R18,952641
NC-102704,2009-10-04,P06,T06,Baja,Queja de Cliente,Cerrada,2009-10-06,2,R16,310439
NC-102404,2009-10-06,P08,T05,Alta,Autocontrol,Cerrada,2009-10-09,3,R18,799309
NC-104555,2009-10-10,P04,T05,Media,Auditoría Interna,Cerrada,2009-10-19,9,R01,690557
NC-104595,2009-10-11,P02,T01,Baja,Autocontrol,Cerrada,2009-10-13,2,R11,237878
NC-100411,2009-10-12,P03,T02,Alta,Queja de Cliente,Cerrada,2009-11-05,24,R09,624766
NC-100515,2009-10-13,P04,T06,Baja,Auditoría Interna,Cerrada,2009-10-17,4,R09,175109
NC-102628,2009-10-13,P01,T03,Media,Queja de Cliente,Cerrada,2009-10-19,6,R01,168806
NC-103065,2009-10-14,P04,T01,Alta,Autocontrol,Cerrada,2009-10-15,1,R16,232470
NC-102807,2009-10-15,P05,T03,Media,Auditoría Externa,Cerrada,2009-10-17,2,R01,685427
NC-105557,2009-10-15,P07,T05,Media,Autocontrol,Cerrada,2009-10-28,13,R11,651065
NC-104229,2009-10-16,P05,T06,Baja,Auditoría Externa,Cerrada,2009-10-30,14,R18,83475
NC-100134,2009-10-18,P03,T05,Baja,Autocontrol,Cerrada,2009-10-26,8,R09,321818
NC-103085,2009-10-18,P02,T02,Media,Auditoría Interna,Cerrada,2009-10-28,10,R16,370233
NC-100188,2009-10-20,P03,T05,Media,Queja de Cliente,Cerrada,2009-10-30,10,R18,246455
NC-103313,2009-10-22,P08,T03,Alta,Autocontrol,Cerrada,2009-11-07,16,R01,864387
NC-102521,2009-10-24,P01,T05,Media,Inspección de Calidad,Cerrada,2009-11-04,11,R18,839581
NC-104095,2009-10-25,P05,T04,Baja,Autocontrol,Cerrada,2009-11-05,11,R16,123906
NC-100177,2009-10-27,P02,T03,Alta,Auditoría Interna,Cerrada,2009-11-05,9,R16,579053
NC-101955,2009-10-29,P03,T03,Media,Autocontrol,Cerrada,2009-11-11,13,R01,1158079
NC-104250,2009-10-29,P02,T02,Media,Auditoría Interna,Cerrada,2009-11-04,6,R01,1494675
NC-100352,2009-11-01,P06,T03,Baja,Autocontrol,Cerrada,2009-11-07,6,R11,293532
NC-100342,2009-11-02,P04,T04,Media,Queja de Cliente,En Tratamiento,,,R18,591062
NC-105861,2009-11-04,P03,T02,Media,Auditoría Externa,Cerrada,2009-11-09,5,R01,825650
NC-101892,2009-11-05,P08,T01,Baja,Queja de Cliente,Cerrada,2009-11-24,19,R21,29612
NC-102061,2009-11-05,P01,T04,Baja,Auditoría Interna,Cerrada,2009-11-07,2,R21,260518
NC-100867,2009-11-05,P06,T05,Alta,Auditoría Interna,Cerrada,2009-11-20,15,R11,1295642
NC-102396,2009-11-07,P06,T06,Baja,Autocontrol,En Tratamiento,,,R11,218618
NC-104601,2009-11-12,P02,T03,Baja,Autocontrol,Cerrada,2009-11-20,8,R11,221100
NC-105536,2009-11-12,P06,T06,Alta,Queja de Cliente,Cerrada,2009-11-16,4,R16,781169
NC-106080,2009-11-15,P02,T06,Crítica,Auditoría Externa,Cerrada,2009-11-30,15,R09,2012726
NC-101964,2009-11-16,P06,T03,Crítica,Queja de Cliente,Cerrada,2009-11-21,5,R21,1750696
NC-105048,2009-11-16,P03,T01,Alta,Autocontrol,Abierta,,,R01,1279553
NC-101588,2009-11-17,P08,T01,Baja,Autocontrol,Cerrada,2009-11-21,4,R16,192003
NC-100069,2009-11-20,P04,T02,Baja,Auditoría Interna,Cerrada,2009-11-27,7,R01,302019
NC-102675,2009-11-21,P04,T03,Alta,Autocontrol,Cerrada,2009-12-03,12,R16,502150
NC-105694,2009-11-21,P06,T05,Media,Auditoría Interna,Cerrada,2009-11-29,8,R11,208029
NC-100273,2009-11-22,P03,T06,Alta,Auditoría Interna,Cerrada,2009-12-02,10,R09,1502616
NC-101090,2009-11-26,P05,T06,Baja,Queja de Cliente,Cerrada,2009-12-05,9,R01,149144
NC-103520,2009-11-27,P06,T04,Baja,Auditoría Interna,Cerrada,2009-12-10,13,R01,227687
NC-104212,2009-11-28,P03,T05,Baja,Auditoría Externa,En Tratamiento,,,R18,100674
NC-105899,2009-11-30,P02,T03,Media,Inspección de Calidad,Abierta,,,R09,193662
NC-104731,2009-11-30,P04,T04,Media,Autocontrol,Cerrada,2009-12-14,14,R11,423159
NC-105212,2009-11-30,P08,T05,Baja,Queja de Cliente,Cerrada,2009-12-10,10,R21,281101
NC-102014,2009-12-01,P08,T04,Alta,Queja de Cliente,Cerrada,2009-12-08,7,R09,781138
NC-101954,2009-12-06,P06,T02,Alta,Auditoría Interna,Cerrada,2009-12-20,14,R11,860348
NC-104847,2009-12-08,P03,T04,Baja,Auditoría Interna,Cerrada,2009-12-20,12,R16,300416
NC-102683,2009-12-09,P07,T04,Alta,Inspección de Calidad,Cerrada,2010-01-06,28,R11,691640
NC-102575,2009-12-09,P04,T05,Alta,Queja de Cliente,Cerrada,2009-12-14,5,R21,31622
NC-105734,2009-12-10,P03,T04,Alta,Autocontrol,Cerrada,2009-12-21,11,R09,1380650
NC-102656,2009-12-12,P05,T05,Baja,Inspección de Calidad,Cerrada,2009-12-24,12,R11,35699
NC-103860,2009-12-12,P05,T05,Alta,Inspección de Calidad,Cerrada,2009-12-26,14,R21,342870
NC-100482,2009-12-13,P07,T03,Alta,Auditoría Externa,Abierta,,,R16,1199561
NC-100479,2009-12-14,P06,T04,Media,Auditoría Interna,Cerrada,2010-01-02,19,R18,221785
NC-105622,2009-12-14,P05,T01,Crítica,Auditoría Externa,Cerrada,2009-12-24,10,R18,1245728
NC-102360,2009-12-15,P01,T03,Alta,Auditoría Interna,Cerrada,2009-12-20,5,R09,1038413
NC-101399,2009-12-20,P01,T02,Alta,Autocontrol,Cerrada,2010-01-07,18,R21,3108431
NC-104989,2009-12-22,P08,T02,Alta,Queja de Cliente,Cerrada,2010-01-07,16,R18,495875
NC-102603,2009-12-26,P06,T04,Media,Inspección de Calidad,Cerrada,2010-01-08,13,R11,343080
NC-104632,2009-12-28,P05,T06,Crítica,Auditoría Interna,Cerrada,2010-01-09,12,R01,1384218
NC-104930,2009-12-30,P04,T06,Media,Inspección de Calidad,Cerrada,2010-01-06,7,R18,167627
NC-103924,2009-12-30,P01,T05,Baja,Auditoría Externa,Cerrada,2010-01-06,7,R16,415981
NC-101481,2009-12-31,P06,T06,Alta,Auditoría Externa,Cerrada,2010-01-13,13,R21,1001472
NC-101013,2010-01-03,P04,T03,Alta,Queja de Cliente,Cerrada,2010-01-22,19,R09,150797
NC-103942,2010-01-03,P07,T04,Crítica,Auditoría Interna,Cerrada,2010-01-09,6,R16,684790
NC-102189,2010-01-04,P04,T03,Crítica,Autocontrol,Cerrada,2010-01-08,4,R11,1310504
NC-104226,2010-01-05,P06,T01,Alta,Queja de Cliente,Cerrada,2010-01-13,8,R11,849741
NC-103326,2010-01-08,P06,T01,Media,Auditoría Externa,Cerrada,2010-01-30,22,R11,526156
NC-102477,2010-01-12,P03,T01,Alta,Auditoría Interna,Abierta,,,R11,1362101
NC-106100,2010-01-22,P08,T03,Media,Autocontrol,Cerrada,2010-02-14,23,R11,689605
NC-101067,2010-01-27,P05,T02,Alta,Inspección de Calidad,Cerrada,2010-02-06,10,R01,318830
NC-101284,2010-01-29,P02,T02,Alta,Queja de Cliente,Cerrada,2010-02-09,11,R21,940720
NC-105643,2010-01-29,P06,T05,Baja,Auditoría Externa,Cerrada,2010-02-13,15,R18,36934
NC-101111,2010-01-30,P03,T02,Alta,Inspección de Calidad,Cerrada,2010-02-06,7,R16,812075
NC-104435,2010-02-02,P01,T01,Alta,Queja de Cliente,Cerrada,2010-02-11,9,R18,768966
NC-103637,2010-02-02,P01,T02,Media,Autocontrol,Cerrada,2010-02-07,5,R21,220807
NC-102567,2010-02-03,P08,T03,Alta,Autocontrol,En Tratamiento,,,R18,790387
NC-106192,2010-02-05,P08,T06,Alta,Auditoría Interna,Cerrada,2010-02-23,18,R01,586259
NC-105875,2010-02-08,P05,T05,Baja,Autocontrol,Cerrada,2010-02-17,9,R01,179940
NC-100900,2010-02-11,P04,T06,Baja,Inspección de Calidad,Cerrada,2010-02-12,1,R21,163161
NC-100255,2010-02-11,P05,T04,Baja,Inspección de Calidad,Cerrada,2010-02-15,4,R01,517139
NC-100987,2010-02-15,P07,T05,Crítica,Auditoría Interna,Cerrada,2010-02-21,6,R21,680462
NC-102157,2010-02-16,P01,T03,Media,Auditoría Interna,Cerrada,2010-03-02,14,R16,206502
NC-105917,2010-02-18,P01,T06,Baja,Queja de Cliente,Cerrada,2010-02-23,5,R09,100346
NC-102487,2010-02-18,P02,T04,Alta,Autocontrol,Abierta,,,R16,822608
NC-105746,2010-02-21,P05,T06,Media,Autocontrol,En Tratamiento,,,R21,528531
NC-100462,2010-02-21,P05,T01,Crítica,Autocontrol,Cerrada,2010-02-26,5,R01,664117
NC-105469,2010-02-21,P05,T02,Media,Queja de Cliente,Cerrada,2010-02-28,7,R01,1051838
NC-101034,2010-02-22,P02,T02,Baja,Autocontrol,Cerrada,2010-02-26,4,R18,155814
NC-102834,2010-02-23,P05,T02,Media,Auditoría Externa,Cerrada,2010-03-16,21,R16,234579
NC-102480,2010-02-24,P07,T01,Baja,Autocontrol,Cerrada,2010-03-04,8,R18,308866
NC-101846,2010-02-25,P03,T05,Baja,Inspección de Calidad,Cerrada,2010-03-09,12,R16,180666
NC-104820,2010-02-26,P06,T06,Baja,Inspección de Calidad,Cerrada,2010-03-04,6,R18,126183
NC-102356,2010-02-26,P02,T01,Alta,Auditoría Externa,Cerrada,2010-03-10,12,R21,494484
NC-102469,2010-02-27,P04,T05,Baja,Queja de Cliente,Cerrada,2010-03-01,2,R21,110833
NC-105081,2010-02-28,P04,T01,Media,Auditoría Interna,Cerrada,2010-03-04,4,R11,461815
NC-100836,2010-02-28,P02,T03,Crítica,Auditoría Externa,Cerrada,2010-03-05,5,R09,657525
NC-104653,2010-03-05,P06,T04,Crítica,Auditoría Interna,En Tratamiento,,,R11,506153
NC-100939,2010-03-05,P07,T04,Baja,Auditoría Externa,Cerrada,2010-03-11,6,R16,111259
NC-105758,2010-03-06,P03,T01,Crítica,Auditoría Interna,Cerrada,2010-03-21,15,R11,336362
NC-104787,2010-03-11,P07,T03,Baja,Inspección de Calidad,Cerrada,2010-03-16,5,R21,214693
NC-103607,2010-03-12,P03,T05,Baja,Auditoría Externa,Cerrada,2010-03-20,8,R11,319891
NC-104327,2010-03-12,P05,T04,Baja,Inspección de Calidad,Cerrada,2010-03-19,7,R11,317896
NC-100373,2010-03-16,P08,T05,Baja,Auditoría Interna,Cerrada,2010-04-02,17,R16,127037
NC-101415,2010-03-18,P05,T03,Alta,Auditoría Interna,Cerrada,2010-03-23,5,R21,490358
NC-100575,2010-03-18,P06,T04,Alta,Autocontrol,Cerrada,2010-03-22,4,R21,1223998
NC-101470,2010-03-19,P02,T01,Baja,Auditoría Interna,Cerrada,2010-03-26,7,R01,92361
NC-100792,2010-03-20,P05,T04,Media,Auditoría Externa,Cerrada,2010-03-29,9,R18,231242
NC-102143,2010-03-22,P04,T06,Baja,Inspección de Calidad,Cerrada,2010-04-07,16,R18,59099
NC-105119,2010-03-22,P01,T05,Crítica,Queja de Cliente,Cerrada,2010-03-25,3,R21,643483
NC-100790,2010-03-27,P07,T02,Alta,Queja de Cliente,Cerrada,2010-04-06,10,R01,369559
NC-104064,2010-03-27,P03,T04,Media,Autocontrol,Cerrada,2010-04-09,13,R09,377304
NC-104193,2010-03-29,P08,T01,Media,Auditoría Interna,Cerrada,2010-04-05,7,R16,1182536
NC-103213,2010-03-31,P05,T06,Media,Auditoría Interna,Cerrada,2010-04-10,10,R09,803736
NC-104586,2010-03-31,P02,T06,Media,Queja de Cliente,Cerrada,2010-04-16,16,R09,507985
NC-102768,2010-03-31,P07,T05,Alta,Queja de Cliente,Cerrada,2010-04-14,14,R11,1183182
NC-105259,2010-03-31,P03,T02,Crítica,Queja de Cliente,Cerrada,2010-04-14,14,R18,979566
NC-102560,2010-04-02,P06,T02,Alta,Autocontrol,Cerrada,2010-04-12,10,R18,690484
NC-102125,2010-04-03,P04,T03,Baja,Auditoría Interna,Cerrada,2010-04-20,17,R18,276344
NC-102228,2010-04-04,P06,T05,Crítica,Queja de Cliente,Cerrada,2010-04-10,6,R18,1323831
NC-100993,2010-04-08,P06,T05,Media,Queja de Cliente,Cerrada,2010-04-23,15,R18,876009
NC-101084,2010-04-08,P03,T03,Baja,Queja de Cliente,Cerrada,2010-04-22,14,R18,157977
NC-105515,2010-04-08,P03,T01,Baja,Queja de Cliente,Cerrada,2010-04-11,3,R01,162022
NC-104192,2010-04-10,P03,T04,Crítica,Autocontrol,Cerrada,2010-04-22,12,R18,1154023
NC-104988,2010-04-12,P02,T04,Baja,Queja de Cliente,En Tratamiento,,,R11,77961
NC-100934,2010-04-12,P01,T03,Baja,Inspección de Calidad,Cerrada,2010-04-20,8,R18,89647
NC-105856,2010-04-14,P06,T05,Media,Inspección de Calidad,Cerrada,2010-05-04,20,R01,676581
NC-104931,2010-04-15,P05,T06,Crítica,Queja de Cliente,Cerrada,2010-04-26,11,R21,870547
NC-102769,2010-04-15,P06,T01,Baja,Queja de Cliente,En Tratamiento,,,R16,237156
NC-102275,2010-04-16,P03,T04,Media,Auditoría Externa,Cerrada,2010-04-21,5,R21,172834
NC-100658,2010-04-19,P01,T04,Alta,Queja de Cliente,En Tratamiento,,,R18,210722
NC-100793,2010-04-19,P06,T02,Baja,Auditoría Externa,Cerrada,2010-04-30,11,R16,155558
NC-104726,2010-04-20,P01,T04,Media,Queja de Cliente,Cerrada,2010-04-25,5,R01,433523
NC-103914,2010-04-23,P02,T01,Alta,Auditoría Interna,Cerrada,2010-04-28,5,R16,490742
NC-105822,2010-04-23,P01,T02,Alta,Auditoría Externa,En Tratamiento,,,R01,71223
NC-100097,2010-04-26,P06,T04,Media,Auditoría Interna,Cerrada,2010-05-08,12,R09,369345
NC-102054,2010-04-28,P01,T03,Crítica,Auditoría Externa,Cerrada,2010-05-01,3,R01,2863951
NC-104543,2010-04-29,P02,T03,Crítica,Autocontrol,Cerrada,2010-05-05,6,R09,853381
NC-103578,2010-04-30,P01,T01,Baja,Inspección de Calidad,Cerrada,2010-05-08,8,R16,178155
NC-105306,2010-05-01,P01,T06,Media,Queja de Cliente,Cerrada,2010-05-17,16,R18,38985
NC-101532,2010-05-03,P06,T01,Baja,Auditoría Externa,Cerrada,2010-05-21,18,R11,228179
NC-100007,2010-05-04,P01,T02,Alta,Autocontrol,Cerrada,2010-05-11,7,R16,636236
NC-104234,2010-05-05,P06,T02,Alta,Inspección de Calidad,Abierta,,,R09,184570
NC-102528,2010-05-06,P07,T03,Alta,Autocontrol,Cerrada,2010-05-11,5,R21,1336487
NC-103657,2010-05-10,P08,T06,Alta,Auditoría Interna,En Tratamiento,,,R09,73568
NC-100478,2010-05-14,P06,T01,Baja,Auditoría Externa,Cerrada,2010-05-27,13,R16,121255
NC-100071,2010-05-15,P08,T01,Media,Auditoría Externa,Cerrada,2010-05-26,11,R11,1103216
NC-105564,2010-05-16,P08,T02,Baja,Queja de Cliente,Cerrada,2010-05-22,6,R01,229127
NC-103839,2010-05-21,P04,T03,Alta,Autocontrol,Cerrada,2010-06-09,19,R09,1148701
NC-104912,2010-05-25,P08,T02,Media,Autocontrol,Cerrada,2010-05-29,4,R01,222278
NC-105796,2010-05-25,P01,T01,Media,Autocontrol,Cerrada,2010-06-02,8,R21,199667
NC-101924,2010-05-27,P06,T03,Media,Queja de Cliente,Cerrada,2010-06-01,5,R18,137557
NC-101562,2010-05-27,P02,T01,Alta,Autocontrol,En Tratamiento,,,R01,947056
NC-101409,2010-05-29,P03,T01,Media,Autocontrol,Cerrada,2010-05-31,2,R21,795620
NC-104370,2010-05-30,P03,T02,Media,Autocontrol,Cerrada,2010-06-22,23,R08,191771
NC-103847,2010-05-31,P01,T05,Alta,Autocontrol,Abierta,,,R09,159269
NC-100072,2010-06-01,P06,T01,Baja,Auditoría Externa,Abierta,,,R21,569554
NC-100832,2010-06-05,P02,T01,Baja,Auditoría Interna,Cerrada,2010-06-24,19,R08,252332
NC-102210,2010-06-13,P06,T05,Crítica,Queja de Cliente,Cerrada,2010-06-24,11,R01,2210597
NC-104201,2010-06-13,P03,T05,Alta,Queja de Cliente,Cerrada,2010-06-18,5,R08,1416602
NC-106048,2010-06-13,P04,T02,Alta,Queja de Cliente,Cerrada,2010-07-04,21,R18,259042
NC-100091,2010-06-16,P08,T06,Alta,Autocontrol,Cerrada,2010-06-29,13,R09,348411
NC-105962,2010-06-20,P02,T03,Media,Auditoría Interna,Cerrada,2010-07-08,18,R01,594690
NC-104436,2010-06-21,P04,T04,Baja,Autocontrol,Cerrada,2010-06-27,6,R18,93694
NC-102672,2010-06-22,P01,T06,Baja,Auditoría Externa,Cerrada,2010-06-25,3,R16,163952
NC-100598,2010-06-27,P06,T04,Baja,Autocontrol,Cerrada,2010-07-05,8,R18,214986
NC-103072,2010-06-29,P03,T02,Baja,Autocontrol,Cerrada,2010-07-25,26,R18,8714
NC-101605,2010-06-30,P07,T02,Alta,Queja de Cliente,Cerrada,2010-07-19,19,R08,1093928
NC-102981,2010-07-03,P08,T04,Baja,Auditoría Externa,Cerrada,2010-07-08,5,R21,85483
NC-101132,2010-07-09,P01,T04,Baja,Auditoría Interna,Cerrada,2010-07-12,3,R09,48714
NC-105445,2010-07-11,P07,T03,Crítica,Autocontrol,Cerrada,2010-07-18,7,R08,2283073
NC-100984,2010-07-15,P05,T02,Alta,Auditoría Interna,Cerrada,2010-07-25,10,R08,1414510
NC-105503,2010-07-16,P05,T06,Baja,Queja de Cliente,Cerrada,2010-08-01,16,R01,146194
NC-104117,2010-07-19,P03,T02,Alta,Autocontrol,Cerrada,2010-07-23,4,R09,1420271
NC-106183,2010-07-20,P02,T06,Alta,Queja de Cliente,Cerrada,2010-08-01,12,R11,1302402
NC-104991,2010-07-22,P05,T03,Alta,Inspección de Calidad,Cerrada,2010-08-15,24,R11,310513
NC-103318,2010-07-22,P04,T01,Alta,Auditoría Interna,Cerrada,2010-07-24,2,R01,511397
NC-100393,2010-07-27,P05,T02,Alta,Queja de Cliente,Cerrada,2010-08-21,25,R11,387277
NC-100927,2010-07-30,P02,T03,Baja,Queja de Cliente,Cerrada,2010-08-18,19,R18,137478
NC-100362,2010-07-31,P07,T02,Alta,Auditoría Externa,Cerrada,2010-08-05,5,R16,560911
NC-104773,2010-07-31,P05,T03,Media,Auditoría Externa,Cerrada,2010-08-07,7,R08,500376
NC-103360,2010-08-01,P02,T06,Media,Auditoría Externa,Abierta,,,R11,1154302
NC-101433,2010-08-03,P04,T02,Baja,Inspección de Calidad,En Tratamiento,,,R21,351916
NC-104281,2010-08-07,P05,T02,Media,Auditoría Externa,En Tratamiento,,,R01,1035360
NC-101882,2010-08-08,P02,T02,Alta,Auditoría Interna,Cerrada,2010-09-02,25,R09,467149
NC-103770,2010-08-09,P08,T01,Baja,Auditoría Interna,Cerrada,2010-08-25,16,R18,55607
NC-103527,2010-08-11,P08,T02,Crítica,Autocontrol,Cerrada,2010-08-19,8,R18,2233622
NC-100807,2010-08-12,P01,T01,Media,Inspección de Calidad,Cerrada,2010-09-07,26,R11,255723
NC-103594,2010-08-14,P05,T06,Alta,Autocontrol,Cerrada,2010-08-21,7,R01,364984
NC-103199,2010-08-14,P01,T05,Crítica,Autocontrol,Cerrada,2010-08-22,8,R16,1140912
NC-103689,2010-08-14,P07,T04,Alta,Auditoría Interna,Cerrada,2010-09-07,24,R08,716205
NC-103970,2010-08-15,P07,T02,Alta,Inspección de Calidad,Cerrada,2010-08-17,2,R11,1446161
NC-104806,2010-08-19,P02,T05,Media,Auditoría Externa,Cerrada,2010-08-31,12,R01,851444
NC-105816,2010-08-20,P02,T06,Media,Autocontrol,Cerrada,2010-08-31,11,R21,1110735
NC-102849,2010-08-20,P03,T05,Media,Inspección de Calidad,En Tratamiento,,,R21,453495
NC-104067,2010-08-22,P05,T02,Media,Auditoría Interna,En Tratamiento,,,R08,370717
NC-105901,2010-08-24,P05,T06,Alta,Auditoría Externa,Abierta,,,R18,741252
NC-102232,2010-08-25,P02,T02,Baja,Inspección de Calidad,Cerrada,2010-09-07,13,R01,74091
NC-103261,2010-08-26,P02,T06,Baja,Inspección de Calidad,Cerrada,2010-09-02,7,R16,262004
NC-100408,2010-08-28,P03,T04,Alta,Auditoría Interna,Cerrada,2010-09-05,8,R21,277081
NC-103799,2010-08-30,P03,T02,Media,Auditoría Interna,Cerrada,2010-09-08,9,R18,183686
NC-105978,2010-08-30,P04,T06,Alta,Auditoría Interna,En Tratamiento,,,R01,386513
NC-101948,2010-08-30,P04,T05,Media,Queja de Cliente,Cerrada,2010-09-04,5,R09,562534
NC-101365,2010-08-30,P03,T03,Alta,Auditoría Externa,Cerrada,2010-09-01,2,R09,1850087
NC-103008,2010-08-31,P08,T04,Baja,Inspección de Calidad,Cerrada,2010-09-08,8,R09,113737
NC-101575,2010-09-02,P05,T02,Baja,Auditoría Externa,En Tratamiento,,,R08,122096
NC-100917,2010-09-03,P08,T02,Alta,Inspección de Calidad,Abierta,,,R18,992188
NC-100054,2010-09-06,P06,T01,Alta,Auditoría Externa,Cerrada,2010-10-01,25,R08,1781345
NC-100632,2010-09-06,P01,T03,Alta,Inspección de Calidad,Cerrada,2010-09-11,5,R09,950100
NC-104360,2010-09-09,P08,T03,Alta,Inspección de Calidad,En Tratamiento,,,R09,1473540
NC-103811,2010-09-11,P01,T01,Baja,Queja de Cliente,Cerrada,2010-09-16,5,R11,74393
NC-101187,2010-09-11,P08,T01,Alta,Autocontrol,Cerrada,2010-09-16,5,R09,144491
NC-103393,2010-09-13,P02,T02,Alta,Inspección de Calidad,Cerrada,2010-09-26,13,R11,2079774
NC-100903,2010-09-15,P04,T03,Media,Auditoría Interna,Cerrada,2010-09-18,3,R08,252299
NC-101495,2010-09-15,P01,T01,Baja,Queja de Cliente,Cerrada,2010-09-20,5,R09,226576
NC-103974,2010-09-17,P07,T05,Alta,Auditoría Externa,Cerrada,2010-10-15,28,R18,656086
NC-105531,2010-09-18,P01,T04,Media,Inspección de Calidad,Cerrada,2010-09-28,10,R16,590729
NC-106185,2010-09-19,P05,T02,Baja,Auditoría Externa,Cerrada,2010-09-27,8,R01,260547
NC-102498,2010-09-19,P04,T05,Crítica,Auditoría Interna,En Tratamiento,,,R11,2610626
NC-100042,2010-09-20,P01,T04,Media,Auditoría Externa,Cerrada,2010-09-28,8,R11,856846
NC-106002,2010-09-21,P07,T04,Baja,Auditoría Interna,Cerrada,2010-09-26,5,R01,363086
NC-100665,2010-09-22,P03,T05,Baja,Inspección de Calidad,Cerrada,2010-09-30,8,R01,579663
NC-103864,2010-09-24,P04,T04,Baja,Queja de Cliente,Cerrada,2010-09-26,2,R11,97321
NC-105794,2010-09-27,P03,T04,Media,Auditoría Externa,Cerrada,2010-10-23,26,R09,1279283
NC-100300,2010-09-29,P05,T04,Media,Inspección de Calidad,Cerrada,2010-10-10,11,R18,360957
NC-105015,2010-09-30,P05,T01,Media,Queja de Cliente,Cerrada,2010-10-18,18,R09,408340
NC-101975,2010-10-02,P03,T03,Media,Queja de Cliente,Cerrada,2010-10-13,11,R16,166921
NC-102908,2010-10-04,P02,T01,Media,Auditoría Interna,Cerrada,2010-10-19,15,R21,868931
NC-104524,2010-10-05,P01,T04,Baja,Auditoría Interna,Cerrada,2010-10-17,12,R16,568352
NC-101475,2010-10-06,P04,T01,Baja,Inspección de Calidad,Cerrada,2010-10-15,9,R09,231464
NC-100550,2010-10-07,P01,T06,Baja,Auditoría Externa,En Tratamiento,,,R16,47273
NC-103214,2010-10-07,P07,T03,Alta,Auditoría Interna,Cerrada,2010-10-25,18,R09,64480
NC-105618,2010-10-09,P02,T06,Alta,Auditoría Interna,En Tratamiento,,,R21,341935
NC-103121,2010-10-11,P01,T03,Media,Autocontrol,Cerrada,2010-10-26,15,R01,170780
NC-103292,2010-10-11,P07,T04,Alta,Queja de Cliente,Cerrada,2010-11-04,24,R21,1316137
NC-102999,2010-10-14,P08,T03,Media,Autocontrol,En Tratamiento,,,R01,311561
NC-101118,2010-10-18,P07,T05,Baja,Auditoría Interna,Cerrada,2010-10-26,8,R09,116595
NC-100214,2010-10-20,P03,T02,Baja,Auditoría Interna,Cerrada,2010-10-22,2,R18,102197
NC-102799,2010-10-23,P05,T01,Alta,Inspección de Calidad,Cerrada,2010-11-09,17,R09,138589
NC-105448,2010-10-24,P07,T01,Baja,Auditoría Externa,Cerrada,2010-10-26,2,R09,144382
NC-102779,2010-10-28,P02,T01,Media,Inspección de Calidad,Cerrada,2010-11-19,22,R01,545787
NC-100016,2010-10-28,P08,T06,Alta,Auditoría Externa,Cerrada,2010-11-04,7,R08,1104350
NC-103053,2010-11-02,P07,T06,Baja,Inspección de Calidad,Cerrada,2010-11-10,8,R16,351343
NC-103922,2010-11-02,P02,T02,Baja,Queja de Cliente,Cerrada,2010-11-09,7,R21,235443
NC-101389,2010-11-03,P06,T06,Alta,Auditoría Interna,Cerrada,2010-11-12,9,R11,514279
NC-104500,2010-11-05,P01,T02,Media,Autocontrol,Cerrada,2010-11-09,4,R11,469492
NC-101103,2010-11-06,P02,T06,Media,Auditoría Interna,Cerrada,2010-11-20,14,R21,713882
NC-100153,2010-11-11,P03,T03,Alta,Queja de Cliente,Cerrada,2010-11-21,10,R01,142223
NC-106148,2010-11-11,P04,T01,Media,Autocontrol,Cerrada,2010-11-15,4,R01,704426
NC-102303,2010-11-12,P01,T02,Media,Auditoría Interna,Cerrada,2010-11-22,10,R16,830254
NC-104284,2010-11-16,P02,T04,Alta,Inspección de Calidad,Cerrada,2010-12-05,19,R18,545889
NC-106103,2010-11-16,P08,T04,Alta,Queja de Cliente,Abierta,,,R09,415523
NC-104585,2010-11-22,P01,T06,Media,Auditoría Interna,Cerrada,2010-11-27,5,R21,298437
NC-105451,2010-11-22,P03,T05,Baja,Autocontrol,Cerrada,2010-12-02,10,R01,68361
NC-102778,2010-11-25,P04,T03,Baja,Queja de Cliente,Cerrada,2010-11-30,5,R16,74386
NC-100714,2010-11-26,P08,T01,Baja,Inspección de Calidad,Cerrada,2010-12-06,10,R18,209101
NC-106093,2010-12-01,P06,T03,Alta,Queja de Cliente,Cerrada,2010-12-13,12,R09,2045982
NC-101784,2010-12-02,P03,T04,Media,Auditoría Externa,Cerrada,2010-12-10,8,R08,359224
NC-101685,2010-12-02,P01,T06,Baja,Auditoría Interna,En Tratamiento,,,R11,293312
NC-102027,2010-12-02,P04,T04,Alta,Auditoría Externa,Cerrada,2010-12-11,9,R18,895613
NC-100738,2010-12-05,P02,T06,Alta,Auditoría Interna,Cerrada,2010-12-08,3,R09,675769
NC-101851,2010-12-06,P08,T05,Media,Autocontrol,Cerrada,2010-12-10,4,R16,225094
NC-104805,2010-12-07,P01,T04,Crítica,Queja de Cliente,Cerrada,2010-12-19,12,R16,1784689
NC-102842,2010-12-07,P07,T02,Baja,Inspección de Calidad,Cerrada,2010-12-14,7,R01,68519
NC-102888,2010-12-07,P04,T05,Media,Autocontrol,Cerrada,2010-12-22,15,R08,806708
NC-100766,2010-12-08,P07,T06,Baja,Autocontrol,Cerrada,2010-12-30,22,R18,75199
NC-100179,2010-12-09,P03,T01,Baja,Auditoría Externa,Cerrada,2010-12-17,8,R11,354942
NC-105505,2010-12-11,P05,T03,Baja,Auditoría Externa,Cerrada,2010-12-24,13,R18,83875
NC-102496,2010-12-13,P06,T05,Media,Autocontrol,Cerrada,2010-12-17,4,R11,450168
NC-103035,2010-12-15,P04,T04,Baja,Autocontrol,En Tratamiento,,,R09,242498
NC-105990,2010-12-15,P04,T06,Crítica,Auditoría Interna,Cerrada,2010-12-20,5,R16,376094
NC-104339,2010-12-16,P01,T06,Baja,Auditoría Externa,Cerrada,2010-12-29,13,R08,167219
NC-102345,2010-12-16,P05,T04,Crítica,Queja de Cliente,Cerrada,2011-01-19,34,R08,1389822
NC-101446,2010-12-17,P08,T01,Media,Autocontrol,En Tratamiento,,,R01,573340
NC-104735,2010-12-21,P03,T01,Crítica,Inspección de Calidad,Cerrada,2010-12-23,2,R18,832484
NC-102391,2010-12-21,P01,T06,Alta,Auditoría Interna,Cerrada,2010-12-26,5,R08,1254545
NC-100433,2010-12-21,P08,T01,Crítica,Auditoría Interna,En Tratamiento,,,R01,1053198
NC-100831,2010-12-23,P08,T03,Media,Auditoría Externa,Cerrada,2011-01-03,11,R08,226156
NC-101408,2010-12-23,P07,T02,Baja,Queja de Cliente,Cerrada,2011-01-05,13,R18,231605
NC-105589,2010-12-26,P07,T02,Media,Inspección de Calidad,Cerrada,2011-01-06,11,R21,317739
NC-104157,2010-12-27,P06,T02,Media,Inspección de Calidad,Cerrada,2011-01-03,7,R08,1775944
NC-100233,2010-12-28,P08,T03,Baja,Inspección de Calidad,En Tratamiento,,,R18,326128
NC-104415,2010-12-28,P03,T06,Baja,Auditoría Externa,En Tratamiento,,,R18,196961
NC-103457,2010-12-30,P05,T04,Baja,Inspección de Calidad,Cerrada,2011-01-05,6,R08,375115
NC-102932,2010-12-31,P01,T05,Baja,Auditoría Interna,Abierta,,,R09,167213
NC-105314,2011-01-01,P08,T04,Baja,Auditoría Externa,Cerrada,2011-01-05,4,R01,48902
NC-101230,2011-01-02,P06,T02,Alta,Auditoría Externa,Cerrada,2011-01-08,6,R08,470908
NC-105128,2011-01-02,P02,T06,Baja,Autocontrol,Cerrada,2011-01-11,9,R09,51163
NC-102541,2011-01-02,P01,T02,Baja,Auditoría Interna,Cerrada,2011-01-03,1,R01,172700
NC-102882,2011-01-03,P06,T05,Crítica,Auditoría Externa,Cerrada,2011-01-11,8,R01,1486260
NC-102928,2011-01-03,P08,T02,Alta,Queja de Cliente,Cerrada,2011-01-12,9,R09,1193424
NC-104224,2011-01-04,P02,T03,Media,Queja de Cliente,Cerrada,2011-01-09,5,R01,416753
NC-102572,2011-01-05,P01,T05,Media,Autocontrol,Cerrada,2011-01-20,15,R21,116273
NC-105658,2011-01-06,P03,T03,Alta,Auditoría Externa,Abierta,,,R21,190259
NC-101696,2011-01-06,P06,T02,Baja,Autocontrol,Cerrada,2011-01-12,6,R21,277340
NC-102836,2011-01-06,P07,T06,Baja,Auditoría Interna,Cerrada,2011-01-08,2,R21,318634
NC-105789,2011-01-07,P05,T03,Alta,Autocontrol,En Tratamiento,,,R18,439340
NC-100210,2011-01-07,P01,T01,Baja,Auditoría Externa,Cerrada,2011-01-11,4,R09,111255
NC-103458,2011-01-08,P02,T01,Baja,Queja de Cliente,Cerrada,2011-01-21,13,R21,58448
NC-103813,2011-01-09,P02,T06,Media,Auditoría Externa,Abierta,,,R08,87575
NC-101448,2011-01-09,P04,T03,Baja,Queja de Cliente,En Tratamiento,,,R16,387117
NC-105326,2011-01-11,P06,T02,Baja,Queja de Cliente,Cerrada,2011-01-23,12,R21,139302
NC-103902,2011-01-12,P03,T02,Media,Inspección de Calidad,Cerrada,2011-01-31,19,R16,903827
NC-104101,2011-01-14,P02,T03,Media,Auditoría Externa,Cerrada,2011-01-20,6,R16,461948
NC-101984,2011-01-15,P05,T02,Baja,Autocontrol,Cerrada,2011-01-23,8,R16,146658
NC-102177,2011-01-16,P08,T02,Alta,Queja de Cliente,Cerrada,2011-01-24,8,R01,795636
NC-102340,2011-01-19,P02,T05,Alta,Autocontrol,Cerrada,2011-01-25,6,R08,679690
NC-100963,2011-01-20,P04,T03,Media,Auditoría Interna,Cerrada,2011-01-23,3,R16,742953
NC-100463,2011-01-20,P07,T01,Media,Auditoría Externa,En Tratamiento,,,R16,324124
NC-100483,2011-01-23,P02,T02,Alta,Inspección de Calidad,Cerrada,2011-01-30,7,R11,1013993
NC-103274,2011-01-23,P03,T05,Alta,Inspección de Calidad,Cerrada,2011-02-13,21,R11,573113
NC-101327,2011-01-23,P03,T04,Crítica,Auditoría Externa,Cerrada,2011-02-08,16,R18,1771050
NC-102992,2011-01-24,P03,T04,Alta,Queja de Cliente,Cerrada,2011-02-17,24,R11,113981
NC-104302,2011-01-24,P03,T04,Alta,Queja de Cliente,Cerrada,2011-02-03,10,R16,131054
NC-103250,2011-01-30,P06,T04,Baja,Auditoría Externa,Cerrada,2011-02-06,7,R21,32197
NC-105283,2011-01-31,P05,T05,Media,Auditoría Interna,Cerrada,2011-02-08,8,R01,661747
NC-103116,2011-02-01,P04,T04,Media,Auditoría Interna,Cerrada,2011-02-17,16,R09,207213
NC-105102,2011-02-02,P08,T01,Media,Autocontrol,Cerrada,2011-02-04,2,R01,1109409
NC-100219,2011-02-04,P08,T04,Alta,Auditoría Interna,En Tratamiento,,,R18,602658
NC-105288,2011-02-04,P05,T04,Crítica,Queja de Cliente,Cerrada,2011-02-28,24,R16,989850
NC-103348,2011-02-06,P02,T02,Baja,Auditoría Interna,Cerrada,2011-02-22,16,R18,332737
NC-100453,2011-02-06,P07,T02,Media,Auditoría Externa,Cerrada,2011-02-28,22,R11,403774
NC-100902,2011-02-07,P07,T03,Media,Queja de Cliente,Cerrada,2011-02-27,20,R01,2005545
NC-100748,2011-02-10,P08,T04,Media,Auditoría Externa,Cerrada,2011-02-25,15,R09,392842
NC-105381,2011-02-10,P07,T04,Baja,Inspección de Calidad,Cerrada,2011-02-17,7,R21,149396
NC-102758,2011-02-10,P04,T06,Media,Auditoría Interna,Cerrada,2011-02-27,17,R18,235338
NC-105195,2011-02-12,P01,T05,Crítica,Auditoría Interna,Cerrada,2011-02-26,14,R08,564277
NC-100031,2011-02-14,P05,T01,Alta,Auditoría Externa,Cerrada,2011-02-20,6,R01,2615061
NC-104180,2011-02-17,P02,T01,Alta,Auditoría Externa,Cerrada,2011-03-10,21,R01,395481
NC-103976,2011-02-17,P07,T05,Media,Auditoría Externa,Cerrada,2011-02-22,5,R09,215134
NC-100640,2011-02-18,P08,T05,Baja,Auditoría Interna,Cerrada,2011-02-25,7,R09,60467
NC-101229,2011-02-18,P01,T04,Alta,Inspección de Calidad,Cerrada,2011-03-03,13,R16,508709
NC-102124,2011-02-19,P01,T06,Alta,Inspección de Calidad,Cerrada,2011-03-11,20,R18,1053658
NC-105611,2011-02-20,P04,T02,Crítica,Auditoría Externa,Cerrada,2011-02-24,4,R18,2656663
NC-103746,2011-02-23,P02,T03,Baja,Auditoría Interna,Abierta,,,R09,382152
NC-104432,2011-02-23,P06,T03,Media,Inspección de Calidad,Cerrada,2011-02-25,2,R18,494488
NC-105713,2011-02-24,P08,T03,Media,Inspección de Calidad,Cerrada,2011-03-12,16,R09,548787
NC-102976,2011-02-24,P05,T02,Crítica,Inspección de Calidad,Cerrada,2011-03-17,21,R08,1490670
NC-102295,2011-02-25,P02,T04,Baja,Autocontrol,Cerrada,2011-03-03,6,R08,418135
NC-100049,2011-02-27,P07,T05,Baja,Inspección de Calidad,Cerrada,2011-03-03,4,R11,46906
NC-101700,2011-02-27,P03,T01,Baja,Auditoría Externa,Cerrada,2011-03-12,13,R18,340093
NC-104372,2011-03-03,P07,T06,Alta,Auditoría Externa,Cerrada,2011-03-11,8,R09,106232
NC-101827,2011-03-03,P06,T01,Crítica,Inspección de Calidad,Cerrada,2011-03-07,4,R01,522470
NC-106196,2011-03-07,P05,T05,Baja,Auditoría Externa,Cerrada,2011-03-12,5,R16,191841
NC-102904,2011-03-09,P02,T02,Media,Queja de Cliente,Cerrada,2011-03-12,3,R21,368660
NC-104643,2011-03-12,P08,T05,Alta,Auditoría Externa,Cerrada,2011-03-17,5,R11,433800
NC-100326,2011-03-13,P05,T04,Media,Auditoría Externa,Cerrada,2011-03-27,14,R18,78765
NC-104452,2011-03-14,P03,T03,Alta,Autocontrol,Cerrada,2011-03-23,9,R18,1427549
NC-102113,2011-03-18,P03,T02,Alta,Auditoría Externa,Cerrada,2011-04-01,14,R08,481784
NC-100220,2011-03-18,P04,T03,Baja,Auditoría Externa,Abierta,,,R21,208596
NC-100025,2011-03-18,P03,T01,Media,Auditoría Externa,En Tratamiento,,,R01,199792
NC-101482,2011-03-20,P01,T06,Media,Autocontrol,Cerrada,2011-04-17,28,R01,363400
NC-101928,2011-03-22,P07,T06,Alta,Autocontrol,Cerrada,2011-03-23,1,R11,981227
NC-101258,2011-03-25,P02,T03,Alta,Auditoría Externa,En Tratamiento,,,R01,393627
NC-106106,2011-03-27,P02,T01,Alta,Auditoría Interna,Cerrada,2011-03-31,4,R18,1693760
NC-103501,2011-03-29,P02,T06,Media,Auditoría Interna,Cerrada,2011-04-01,3,R16,268601
NC-101857,2011-03-29,P03,T06,Baja,Auditoría Externa,En Tratamiento,,,R09,63609
NC-104494,2011-04-03,P01,T01,Crítica,Queja de Cliente,Cerrada,2011-04-13,10,R21,576315
NC-103879,2011-04-06,P07,T05,Media,Autocontrol,Cerrada,2011-04-18,12,R11,273726
NC-103435,2011-04-12,P03,T01,Alta,Inspección de Calidad,Cerrada,2011-04-17,5,R16,606375
NC-105561,2011-04-12,P04,T01,Media,Autocontrol,Cerrada,2011-04-18,6,R08,1335267
NC-102323,2011-04-15,P02,T06,Baja,Auditoría Externa,En Tratamiento,,,R18,155682
NC-105236,2011-04-16,P02,T04,Media,Auditoría Externa,Cerrada,2011-04-27,11,R09,1055293
NC-105687,2011-04-19,P01,T04,Media,Auditoría Interna,Cerrada,2011-04-30,11,R21,780029
NC-105752,2011-04-20,P06,T01,Media,Auditoría Externa,Cerrada,2011-04-28,8,R11,105438
NC-105287,2011-04-21,P02,T02,Crítica,Auditoría Externa,Cerrada,2011-04-29,8,R21,799184
NC-102809,2011-04-24,P08,T06,Media,Inspección de Calidad,Cerrada,2011-05-07,13,R18,274785
NC-103918,2011-04-27,P01,T01,Alta,Auditoría Externa,Cerrada,2011-05-04,7,R09,460568
NC-104287,2011-04-28,P02,T03,Alta,Auditoría Interna,Cerrada,2011-05-09,11,R21,626579
NC-102797,2011-04-30,P07,T06,Alta,Queja de Cliente,Cerrada,2011-05-13,13,R11,924414
NC-103766,2011-05-01,P02,T06,Media,Inspección de Calidad,Cerrada,2011-05-13,12,R01,303402
NC-102093,2011-05-02,P04,T05,Crítica,Inspección de Calidad,Cerrada,2011-05-10,8,R18,317975
NC-101958,2011-05-02,P06,T02,Media,Autocontrol,Cerrada,2011-05-15,13,R21,342321
NC-105206,2011-05-02,P08,T01,Alta,Inspección de Calidad,Cerrada,2011-05-08,6,R11,398919
NC-100304,2011-05-03,P04,T05,Baja,Queja de Cliente,Cerrada,2011-05-06,3,R18,268192
NC-100687,2011-05-03,P05,T02,Media,Inspección de Calidad,Cerrada,2011-05-17,14,R16,600862
NC-102542,2011-05-06,P07,T01,Baja,Auditoría Interna,Abierta,,,R16,828559
NC-100531,2011-05-07,P06,T06,Baja,Queja de Cliente,Cerrada,2011-05-26,19,R11,449913
NC-104624,2011-05-09,P01,T01,Baja,Autocontrol,Cerrada,2011-05-22,13,R09,88036
NC-105893,2011-05-09,P06,T03,Alta,Auditoría Interna,Cerrada,2011-05-24,15,R09,622945
NC-102852,2011-05-10,P02,T06,Baja,Auditoría Interna,Cerrada,2011-05-19,9,R16,333259
NC-105948,2011-05-10,P03,T04,Media,Autocontrol,Cerrada,2011-05-17,7,R21,269860
NC-100205,2011-05-11,P01,T04,Media,Inspección de Calidad,Cerrada,2011-05-23,12,R16,146093
NC-103530,2011-05-12,P01,T02,Media,Auditoría Interna,Cerrada,2011-05-23,11,R01,302707
NC-100132,2011-05-12,P07,T06,Baja,Queja de Cliente,Cerrada,2011-05-21,9,R08,268853
NC-104907,2011-05-12,P07,T01,Alta,Autocontrol,Cerrada,2011-05-13,1,R11,662108
NC-104438,2011-05-14,P04,T04,Media,Autocontrol,Cerrada,2011-05-30,16,R18,286962
NC-105772,2011-05-17,P05,T06,Media,Autocontrol,Cerrada,2011-05-23,6,R08,713783
NC-104419,2011-05-18,P06,T06,Media,Auditoría Externa,Cerrada,2011-05-30,12,R09,811980
NC-101988,2011-05-20,P04,T05,Baja,Auditoría Interna,Cerrada,2011-05-22,2,R16,134787
NC-102988,2011-05-21,P03,T02,Baja,Autocontrol,Cerrada,2011-05-26,5,R09,297519
NC-103623,2011-05-21,P07,T05,Alta,Autocontrol,Cerrada,2011-05-28,7,R11,610724
NC-102343,2011-05-22,P04,T04,Baja,Auditoría Externa,Cerrada,2011-06-19,28,R21,203335
NC-103304,2011-05-22,P03,T03,Alta,Autocontrol,Cerrada,2011-06-16,25,R08,297329
NC-102434,2011-05-22,P01,T05,Crítica,Queja de Cliente,Cerrada,2011-06-05,14,R16,1273866
NC-105603,2011-05-23,P05,T01,Crítica,Autocontrol,Cerrada,2011-05-28,5,R18,1363175
NC-105085,2011-05-25,P02,T03,Alta,Auditoría Interna,En Tratamiento,,,R01,699667
NC-105475,2011-05-26,P02,T01,Media,Auditoría Externa,En Tratamiento,,,R18,175848
NC-106046,2011-05-31,P06,T01,Alta,Auditoría Interna,Cerrada,2011-06-03,3,R21,1046458
NC-103086,2011-06-01,P03,T05,Baja,Queja de Cliente,Cerrada,2011-06-08,7,R21,70362
NC-102727,2011-06-03,P06,T04,Media,Auditoría Interna,Cerrada,2011-06-13,10,R08,787523
NC-104471,2011-06-04,P01,T01,Baja,Auditoría Externa,Cerrada,2011-06-12,8,R01,52351
NC-104908,2011-06-06,P03,T06,Baja,Auditoría Externa,Cerrada,2011-06-28,22,R09,79408
NC-104209,2011-06-06,P04,T04,Media,Inspección de Calidad,Cerrada,2011-06-28,22,R18,754506
NC-105036,2011-06-08,P02,T04,Alta,Inspección de Calidad,Cerrada,2011-06-16,8,R21,827567
NC-100676,2011-06-08,P03,T02,Alta,Queja de Cliente,Cerrada,2011-06-17,9,R21,619603
NC-105075,2011-06-09,P05,T02,Media,Inspección de Calidad,Cerrada,2011-06-18,9,R01,621418
NC-103893,2011-06-09,P01,T02,Alta,Queja de Cliente,Cerrada,2011-06-15,6,R08,1513239
NC-103611,2011-06-12,P04,T04,Media,Inspección de Calidad,En Tratamiento,,,R11,183115
NC-104865,2011-06-12,P06,T05,Baja,Inspección de Calidad,Cerrada,2011-06-27,15,R01,342629
NC-103026,2011-06-12,P06,T02,Baja,Queja de Cliente,Cerrada,2011-06-29,17,R01,585951
NC-105045,2011-06-16,P07,T04,Alta,Inspección de Calidad,Cerrada,2011-07-07,21,R16,208121
NC-103655,2011-06-16,P07,T01,Crítica,Queja de Cliente,En Tratamiento,,,R18,1168460
NC-105493,2011-06-17,P01,T03,Media,Queja de Cliente,Cerrada,2011-07-04,17,R11,660794
NC-100427,2011-06-18,P06,T01,Crítica,Auditoría Externa,Cerrada,2011-06-27,9,R01,471051
NC-103252,2011-06-18,P02,T02,Crítica,Autocontrol,Cerrada,2011-06-28,10,R01,1257858
NC-100982,2011-06-19,P04,T01,Media,Inspección de Calidad,Cerrada,2011-06-22,3,R08,665289
NC-103647,2011-06-20,P01,T01,Baja,Autocontrol,Cerrada,2011-06-26,6,R11,16785
NC-105240,2011-06-20,P04,T03,Media,Auditoría Externa,Cerrada,2011-07-07,17,R01,205774
NC-103830,2011-06-21,P03,T05,Alta,Inspección de Calidad,Cerrada,2011-06-27,6,R21,845709
NC-100330,2011-06-22,P02,T02,Media,Inspección de Calidad,Abierta,,,R01,626630
NC-102829,2011-06-23,P02,T06,Baja,Inspección de Calidad,Abierta,,,R09,195894
NC-105512,2011-06-24,P05,T03,Baja,Autocontrol,Cerrada,2011-07-11,17,R11,115458
NC-100306,2011-06-27,P07,T01,Media,Inspección de Calidad,Cerrada,2011-07-13,16,R08,869729
NC-103113,2011-06-28,P08,T06,Media,Queja de Cliente,Cerrada,2011-07-09,11,R21,582398
NC-101300,2011-07-06,P06,T02,Baja,Queja de Cliente,Cerrada,2011-07-24,18,R21,16313
NC-102097,2011-07-08,P08,T04,Baja,Auditoría Externa,Cerrada,2011-07-21,13,R09,141939
NC-102701,2011-07-08,P01,T02,Crítica,Inspección de Calidad,Cerrada,2011-07-20,12,R11,524440
NC-103936,2011-07-09,P03,T06,Alta,Inspección de Calidad,Cerrada,2011-07-14,5,R01,691303
NC-103934,2011-07-09,P05,T02,Media,Autocontrol,Cerrada,2011-08-12,34,R16,517381
NC-100681,2011-07-10,P04,T02,Baja,Inspección de Calidad,Cerrada,2011-07-19,9,R11,89580
NC-104324,2011-07-10,P03,T01,Baja,Inspección de Calidad,Abierta,,,R11,364359
NC-105799,2011-07-11,P01,T04,Media,Auditoría Interna,Cerrada,2011-07-28,17,R09,164650
NC-102388,2011-07-11,P03,T03,Baja,Queja de Cliente,Cerrada,2011-07-29,18,R11,161782
NC-104355,2011-07-11,P03,T04,Baja,Auditoría Externa,Abierta,,,R01,51159
NC-102454,2011-07-13,P03,T05,Media,Inspección de Calidad,En Tratamiento,,,R08,956641
NC-102379,2011-07-14,P03,T02,Alta,Auditoría Externa,Cerrada,2011-08-03,20,R01,1083273
NC-101069,2011-07-14,P01,T02,Media,Auditoría Interna,Cerrada,2011-07-20,6,R16,181005
NC-103193,2011-07-16,P08,T05,Baja,Queja de Cliente,Cerrada,2011-07-25,9,R01,345746
NC-105781,2011-07-19,P06,T05,Alta,Auditoría Interna,En Tratamiento,,,R16,785301
NC-100284,2011-07-20,P05,T02,Baja,Queja de Cliente,Cerrada,2011-08-12,23,R11,191470
NC-106186,2011-07-20,P04,T05,Baja,Queja de Cliente,Cerrada,2011-07-23,3,R21,137144
NC-103582,2011-07-20,P08,T03,Alta,Auditoría Interna,Cerrada,2011-07-27,7,R18,1129888
NC-106042,2011-07-22,P02,T04,Alta,Autocontrol,Cerrada,2011-07-26,4,R01,505472
NC-104058,2011-07-23,P06,T06,Media,Autocontrol,Cerrada,2011-08-08,16,R18,1330318
NC-103331,2011-07-24,P04,T03,Crítica,Auditoría Interna,Cerrada,2011-08-06,13,R09,255063
NC-101530,2011-07-25,P05,T01,Baja,Auditoría Interna,Cerrada,2011-08-22,28,R16,79458
NC-105192,2011-07-30,P07,T01,Alta,Autocontrol,Cerrada,2011-08-18,19,R16,942242
NC-105790,2011-07-30,P01,T03,Alta,Auditoría Externa,Cerrada,2011-08-12,13,R11,165589
NC-103677,2011-07-30,P01,T05,Crítica,Auditoría Interna,Cerrada,2011-08-26,27,R17,1961712
NC-102790,2011-07-31,P05,T04,Crítica,Auditoría Externa,Cerrada,2011-09-02,33,R21,748707
NC-102540,2011-08-03,P06,T01,Crítica,Inspección de Calidad,Cerrada,2011-08-11,8,R16,369555
NC-105947,2011-08-04,P08,T02,Baja,Auditoría Interna,Cerrada,2011-08-28,24,R08,314095
NC-102452,2011-08-05,P08,T01,Crítica,Autocontrol,Cerrada,2011-08-26,21,R18,1072715
NC-105202,2011-08-05,P04,T01,Baja,Autocontrol,En Tratamiento,,,R08,48580
NC-101520,2011-08-08,P06,T03,Baja,Inspección de Calidad,Cerrada,2011-08-10,2,R01,251506
NC-101997,2011-08-08,P02,T04,Baja,Inspección de Calidad,Cerrada,2011-08-22,14,R16,417087
NC-104750,2011-08-12,P02,T02,Baja,Queja de Cliente,Cerrada,2011-08-18,6,R08,280264
NC-106006,2011-08-14,P03,T05,Crítica,Autocontrol,Abierta,,,R16,4564545
NC-103855,2011-08-17,P02,T02,Media,Auditoría Externa,Cerrada,2011-08-20,3,R21,315190
NC-104397,2011-08-21,P03,T05,Baja,Autocontrol,Cerrada,2011-08-23,2,R11,234365
NC-103169,2011-08-23,P08,T05,Baja,Auditoría Interna,Cerrada,2011-09-08,16,R11,105155
NC-101615,2011-08-24,P06,T04,Alta,Autocontrol,Cerrada,2011-09-05,12,R21,901402
NC-102862,2011-08-24,P07,T04,Crítica,Auditoría Interna,Cerrada,2011-08-30,6,R17,672641
NC-103957,2011-08-25,P07,T04,Media,Auditoría Interna,Cerrada,2011-08-29,4,R01,158187
NC-102631,2011-08-27,P08,T04,Alta,Autocontrol,Cerrada,2011-09-15,19,R18,1325821
NC-101978,2011-08-28,P05,T01,Baja,Queja de Cliente,Cerrada,2011-09-05,8,R09,80942
NC-102952,2011-08-29,P03,T06,Alta,Autocontrol,Cerrada,2011-10-04,36,R16,844010
NC-100154,2011-09-01,P03,T06,Media,Inspección de Calidad,Cerrada,2011-09-08,7,R21,1011285
NC-104811,2011-09-01,P05,T04,Media,Auditoría Externa,Cerrada,2011-09-16,15,R18,185064
NC-105066,2011-09-01,P06,T06,Alta,Queja de Cliente,Abierta,,,R18,980905
NC-102342,2011-09-03,P06,T03,Media,Inspección de Calidad,Cerrada,2011-09-15,12,R21,392580
NC-100110,2011-09-04,P01,T01,Media,Queja de Cliente,Cerrada,2011-09-16,12,R16,340713
NC-100992,2011-09-04,P06,T03,Alta,Queja de Cliente,Cerrada,2011-09-06,2,R18,452817
NC-105422,2011-09-05,P05,T03,Media,Inspección de Calidad,Cerrada,2011-09-13,8,R09,757354
NC-103954,2011-09-06,P08,T01,Baja,Autocontrol,En Tratamiento,,,R17,197527
NC-103376,2011-09-08,P08,T02,Alta,Autocontrol,Cerrada,2011-09-21,13,R18,306192
NC-100228,2011-09-09,P07,T05,Alta,Auditoría Externa,Cerrada,2011-09-14,5,R01,476368
NC-100241,2011-09-10,P02,T06,Baja,Queja de Cliente,Cerrada,2011-09-12,2,R21,60640
NC-100420,2011-09-11,P06,T02,Media,Queja de Cliente,Cerrada,2011-09-28,17,R09,569294
NC-104531,2011-09-12,P01,T06,Media,Autocontrol,Cerrada,2011-10-10,28,R01,1242181
NC-101875,2011-09-14,P06,T06,Baja,Inspección de Calidad,Cerrada,2011-10-09,25,R16,151608
NC-100749,2011-09-16,P06,T06,Alta,Inspección de Calidad,Cerrada,2011-09-22,6,R17,2197290
NC-105472,2011-09-17,P02,T02,Baja,Queja de Cliente,Cerrada,2011-10-18,31,R17,299170
NC-104842,2011-09-22,P05,T05,Crítica,Auditoría Interna,Cerrada,2011-10-11,19,R18,554302
NC-104893,2011-09-23,P08,T02,Media,Inspección de Calidad,Cerrada,2011-10-04,11,R08,1026745
NC-102436,2011-09-25,P04,T06,Alta,Queja de Cliente,Cerrada,2011-10-08,13,R01,527446
NC-101326,2011-09-25,P01,T03,Media,Auditoría Externa,Cerrada,2011-10-04,9,R21,518932
NC-104304,2011-09-25,P04,T03,Media,Queja de Cliente,Cerrada,2011-10-01,6,R16,103120
NC-103690,2011-09-30,P04,T03,Media,Auditoría Interna,Cerrada,2011-10-01,1,R09,624210
NC-102073,2011-10-03,P02,T01,Baja,Auditoría Externa,Cerrada,2011-10-07,4,R17,117564
NC-101272,2011-10-07,P07,T03,Alta,Queja de Cliente,Cerrada,2011-10-10,3,R01,624152
NC-105257,2011-10-10,P01,T02,Media,Auditoría Interna,Cerrada,2011-10-17,7,R01,78200
NC-103559,2011-10-10,P03,T01,Media,Autocontrol,Cerrada,2011-10-31,21,R11,608344
NC-104323,2011-10-15,P02,T02,Crítica,Auditoría Externa,En Tratamiento,,,R16,872239
NC-101760,2011-10-18,P06,T05,Alta,Queja de Cliente,Cerrada,2011-10-25,7,R09,943428
NC-100125,2011-10-19,P08,T05,Baja,Auditoría Interna,En Tratamiento,,,R09,219309
NC-103665,2011-10-19,P08,T02,Media,Auditoría Externa,Cerrada,2011-10-21,2,R16,32543
NC-102696,2011-10-19,P02,T04,Baja,Autocontrol,Cerrada,2011-10-30,11,R11,27919
NC-100574,2011-10-21,P03,T03,Baja,Auditoría Interna,Cerrada,2011-11-05,15,R16,134580
NC-103310,2011-10-23,P08,T02,Crítica,Auditoría Interna,Cerrada,2011-10-29,6,R11,1950614
NC-105819,2011-10-23,P06,T05,Media,Auditoría Externa,Cerrada,2011-11-08,16,R09,375083
NC-105542,2011-10-25,P05,T04,Alta,Queja de Cliente,Cerrada,2011-11-05,11,R17,552966
NC-100334,2011-10-25,P08,T05,Media,Auditoría Externa,Cerrada,2011-10-27,2,R21,493236
NC-105866,2011-10-27,P05,T04,Baja,Inspección de Calidad,Abierta,,,R09,309822
NC-101183,2011-10-31,P05,T04,Crítica,Inspección de Calidad,Cerrada,2011-11-26,26,R01,110656
NC-104074,2011-11-01,P05,T06,Media,Queja de Cliente,Cerrada,2011-11-10,9,R18,270539
NC-103769,2011-11-01,P08,T02,Media,Autocontrol,En Tratamiento,,,R17,602693
NC-101662,2011-11-02,P01,T04,Baja,Inspección de Calidad,Abierta,,,R08,354451
NC-101328,2011-11-04,P08,T01,Media,Auditoría Externa,Cerrada,2011-11-16,12,R21,680347
NC-102893,2011-11-06,P03,T06,Crítica,Auditoría Externa,Cerrada,2011-11-10,4,R16,230304
NC-105937,2011-11-11,P03,T01,Media,Inspección de Calidad,Cerrada,2011-11-20,9,R21,970401
NC-106113,2011-11-12,P04,T04,Baja,Auditoría Interna,Cerrada,2011-11-17,5,R18,186527
NC-102737,2011-11-12,P04,T01,Media,Queja de Cliente,Cerrada,2011-11-19,7,R01,77661
NC-100705,2011-11-14,P07,T01,Crítica,Inspección de Calidad,Cerrada,2011-12-10,26,R17,835543
NC-103781,2011-11-17,P01,T03,Crítica,Queja de Cliente,Cerrada,2011-11-24,7,R08,645844
NC-104463,2011-11-18,P02,T05,Media,Auditoría Interna,Cerrada,2011-11-21,3,R08,352981
NC-100053,2011-11-19,P01,T06,Alta,Queja de Cliente,Cerrada,2011-12-03,14,R16,349853
NC-101585,2011-11-19,P01,T05,Crítica,Inspección de Calidad,Cerrada,2011-11-29,10,R01,1638915
NC-106030,2011-11-21,P02,T02,Media,Auditoría Externa,Cerrada,2011-11-25,4,R09,78997
NC-104580,2011-11-22,P02,T05,Baja,Inspección de Calidad,Abierta,,,R18,135502
NC-101122,2011-11-23,P03,T05,Media,Inspección de Calidad,Cerrada,2011-11-29,6,R17,38154
NC-106159,2011-11-24,P08,T02,Alta,Auditoría Interna,Cerrada,2011-12-10,16,R09,675704
NC-100208,2011-11-25,P02,T02,Media,Autocontrol,Cerrada,2011-11-29,4,R21,245798
NC-105199,2011-11-26,P05,T03,Baja,Auditoría Externa,Cerrada,2011-12-01,5,R11,98317
NC-102190,2011-11-29,P07,T05,Alta,Queja de Cliente,Cerrada,2011-12-10,11,R16,486812
NC-103661,2011-11-30,P05,T03,Media,Auditoría Interna,Cerrada,2011-12-10,10,R16,778257
NC-106097,2011-12-03,P05,T03,Media,Auditoría Externa,Cerrada,2011-12-09,6,R01,174809
NC-100722,2011-12-03,P02,T02,Media,Queja de Cliente,En Tratamiento,,,R08,971787
NC-105583,2011-12-04,P06,T03,Media,Auditoría Externa,Cerrada,2011-12-06,2,R16,572276
NC-105916,2011-12-05,P02,T02,Alta,Inspección de Calidad,Cerrada,2011-12-28,23,R09,1382860
NC-101709,2011-12-10,P06,T01,Baja,Queja de Cliente,Cerrada,2011-12-26,16,R08,408514
NC-101072,2011-12-10,P04,T05,Crítica,Queja de Cliente,Cerrada,2011-12-24,14,R01,657995
NC-105850,2011-12-17,P01,T04,Media,Auditoría Interna,En Tratamiento,,,R08,187522
NC-101525,2011-12-17,P03,T02,Crítica,Queja de Cliente,Cerrada,2011-12-29,12,R11,2387513
NC-105347,2011-12-18,P04,T05,Media,Auditoría Externa,Cerrada,2011-12-27,9,R01,907633
NC-102503,2011-12-20,P03,T02,Baja,Auditoría Interna,Cerrada,2011-12-30,10,R18,89574
NC-104468,2011-12-21,P08,T06,Media,Autocontrol,Cerrada,2012-01-05,15,R21,201899
NC-106146,2011-12-21,P05,T03,Media,Queja de Cliente,Cerrada,2011-12-31,10,R21,961896
NC-102748,2011-12-24,P04,T02,Baja,Queja de Cliente,Cerrada,2011-12-30,6,R01,241090
NC-100062,2011-12-24,P03,T05,Baja,Queja de Cliente,Cerrada,2012-01-08,15,R18,203523
NC-103752,2011-12-25,P07,T05,Baja,Autocontrol,En Tratamiento,,,R21,38248
NC-104696,2011-12-25,P02,T04,Alta,Auditoría Interna,Cerrada,2011-12-30,5,R21,865153
NC-103751,2011-12-27,P03,T02,Alta,Queja de Cliente,Cerrada,2012-01-06,10,R01,972738
NC-103161,2011-12-27,P01,T01,Media,Inspección de Calidad,Cerrada,2012-01-16,20,R09,328589
NC-104242,2011-12-27,P01,T06,Alta,Auditoría Interna,En Tratamiento,,,R19,92880
NC-104076,2011-12-29,P05,T03,Baja,Inspección de Calidad,Abierta,,,R19,349395
NC-101807,2011-12-31,P02,T05,Baja,Queja de Cliente,Cerrada,2012-01-01,1,R17,82771
NC-100324,2011-12-31,P07,T06,Media,Auditoría Interna,Cerrada,2012-01-14,14,R09,643327
NC-102626,2012-01-01,P03,T05,Baja,Autocontrol,Cerrada,2012-01-20,19,R18,92278
NC-103697,2012-01-01,P01,T05,Alta,Autocontrol,Cerrada,2012-01-02,1,R18,449687
NC-103602,2012-01-03,P08,T02,Media,Queja de Cliente,Cerrada,2012-01-11,8,R17,179689
NC-103671,2012-01-05,P02,T06,Alta,Autocontrol,Cerrada,2012-01-14,9,R11,982854
NC-100013,2012-01-05,P03,T04,Crítica,Autocontrol,Cerrada,2012-01-22,17,R19,1107495
NC-103158,2012-01-06,P04,T06,Media,Inspección de Calidad,Cerrada,2012-01-15,9,R17,613779
NC-103673,2012-01-07,P04,T01,Crítica,Autocontrol,Cerrada,2012-01-11,4,R19,1105918
NC-106169,2012-01-08,P01,T03,Media,Queja de Cliente,Cerrada,2012-01-13,5,R08,727111
NC-102618,2012-01-10,P02,T05,Crítica,Inspección de Calidad,Cerrada,2012-01-30,20,R09,2123508
NC-102707,2012-01-15,P02,T04,Alta,Auditoría Externa,Cerrada,2012-02-19,35,R16,995386
NC-105890,2012-01-21,P08,T03,Baja,Autocontrol,Cerrada,2012-01-26,5,R21,151444
NC-101135,2012-01-22,P03,T01,Alta,Queja de Cliente,Cerrada,2012-01-29,7,R19,304221
NC-100764,2012-01-26,P06,T04,Media,Autocontrol,Cerrada,2012-02-01,6,R08,182276
NC-105581,2012-01-26,P06,T01,Media,Auditoría Externa,Cerrada,2012-02-06,11,R17,616676
NC-104567,2012-01-27,P08,T04,Crítica,Auditoría Interna,Abierta,,,R17,187879
NC-105715,2012-01-29,P06,T05,Alta,Inspección de Calidad,Cerrada,2012-02-16,18,R16,434204
NC-104999,2012-01-29,P06,T06,Media,Autocontrol,Cerrada,2012-02-15,17,R21,333638
NC-103575,2012-01-29,P06,T06,Baja,Auditoría Externa,Cerrada,2012-01-31,2,R16,23374
NC-106071,2012-01-29,P03,T03,Media,Autocontrol,Cerrada,2012-02-04,6,R17,413096
NC-104996,2012-01-31,P01,T05,Media,Queja de Cliente,Cerrada,2012-02-09,9,R11,1707422
NC-102132,2012-02-03,P07,T05,Media,Inspección de Calidad,Cerrada,2012-02-10,7,R21,62423
NC-102120,2012-02-04,P03,T02,Alta,Queja de Cliente,Cerrada,2012-02-21,17,R09,386011
NC-103875,2012-02-04,P07,T01,Media,Inspección de Calidad,Cerrada,2012-02-16,12,R09,426600
NC-103332,2012-02-05,P01,T01,Media,Auditoría Interna,Cerrada,2012-02-09,4,R19,355961
NC-101439,2012-02-06,P04,T04,Alta,Autocontrol,En Tratamiento,,,R09,1342010
NC-103756,2012-02-09,P04,T05,Media,Autocontrol,Abierta,,,R09,338980
NC-105060,2012-02-11,P07,T03,Media,Inspección de Calidad,Cerrada,2012-02-15,4,R19,1155041
NC-100898,2012-02-11,P02,T01,Media,Autocontrol,Cerrada,2012-02-20,9,R08,18218
NC-102302,2012-02-11,P04,T01,Media,Autocontrol,Cerrada,2012-02-22,11,R11,571085
NC-103031,2012-02-13,P04,T06,Baja,Auditoría Interna,Cerrada,2012-02-17,4,R18,171612
NC-105767,2012-02-13,P03,T04,Baja,Inspección de Calidad,Cerrada,2012-02-21,8,R08,301439
NC-100187,2012-02-16,P05,T03,Media,Inspección de Calidad,Cerrada,2012-02-23,7,R16,692120
NC-105769,2012-02-20,P07,T03,Media,Inspección de Calidad,Cerrada,2012-03-08,17,R17,413477
NC-100645,2012-02-26,P01,T02,Baja,Auditoría Interna,Cerrada,2012-03-10,13,R08,129606
NC-102505,2012-02-27,P02,T05,Alta,Autocontrol,Cerrada,2012-03-01,3,R16,662408
NC-106118,2012-02-28,P02,T03,Baja,Auditoría Externa,Cerrada,2012-03-07,8,R18,355600
NC-102005,2012-02-29,P08,T05,Baja,Queja de Cliente,Cerrada,2012-03-15,15,R08,109052
NC-100345,2012-03-02,P07,T01,Media,Queja de Cliente,Abierta,,,R19,314066
NC-100541,2012-03-05,P06,T04,Media,Inspección de Calidad,Cerrada,2012-03-08,3,R01,904179
NC-102313,2012-03-07,P01,T03,Alta,Queja de Cliente,Cerrada,2012-03-20,13,R09,1342636
NC-105276,2012-03-13,P01,T02,Baja,Auditoría Externa,Cerrada,2012-03-16,3,R21,246683
NC-103297,2012-03-16,P05,T03,Alta,Auditoría Externa,En Tratamiento,,,R19,339769
NC-105666,2012-03-23,P01,T05,Baja,Auditoría Externa,Cerrada,2012-04-11,19,R18,101312
NC-104055,2012-03-27,P05,T04,Media,Inspección de Calidad,Cerrada,2012-04-15,19,R18,526704
NC-102865,2012-03-28,P01,T06,Crítica,Auditoría Interna,Cerrada,2012-04-08,11,R08,876846
NC-104728,2012-03-29,P01,T01,Baja,Inspección de Calidad,Cerrada,2012-04-10,12,R01,503179
NC-101392,2012-03-29,P07,T03,Baja,Queja de Cliente,Cerrada,2012-03-31,2,R08,146625
NC-104535,2012-04-01,P06,T05,Crítica,Auditoría Interna,Cerrada,2012-04-07,6,R21,883350
NC-101424,2012-04-01,P05,T04,Baja,Inspección de Calidad,Cerrada,2012-04-11,10,R19,81770
NC-104534,2012-04-03,P07,T03,Media,Autocontrol,Cerrada,2012-04-27,24,R08,598955
NC-105400,2012-04-06,P01,T04,Baja,Queja de Cliente,Cerrada,2012-05-07,31,R08,300386
NC-103220,2012-04-06,P06,T03,Alta,Auditoría Interna,En Tratamiento,,,R09,471560
NC-103433,2012-04-07,P07,T05,Alta,Auditoría Externa,Cerrada,2012-04-21,14,R18,705910
NC-102821,2012-04-08,P04,T02,Baja,Auditoría Interna,En Tratamiento,,,R19,24946
NC-102028,2012-04-08,P01,T04,Media,Inspección de Calidad,Abierta,,,R19,309430
NC-104650,2012-04-09,P05,T06,Baja,Auditoría Externa,Cerrada,2012-04-15,6,R19,183556
NC-101870,2012-04-11,P07,T01,Baja,Auditoría Interna,Cerrada,2012-04-22,11,R11,317372
NC-101929,2012-04-13,P07,T04,Media,Auditoría Interna,Cerrada,2012-04-24,11,R08,87827
NC-105164,2012-04-14,P04,T05,Baja,Queja de Cliente,Cerrada,2012-04-24,10,R16,915185
NC-102355,2012-04-14,P01,T03,Media,Queja de Cliente,Cerrada,2012-04-26,12,R08,768068
NC-101990,2012-04-16,P08,T05,Media,Queja de Cliente,En Tratamiento,,,R16,133820
NC-100813,2012-04-17,P04,T02,Baja,Auditoría Externa,Cerrada,2012-04-29,12,R08,164775
NC-100099,2012-04-17,P07,T06,Baja,Auditoría Interna,Cerrada,2012-04-29,12,R11,155023
NC-105375,2012-04-17,P03,T05,Media,Autocontrol,Cerrada,2012-04-21,4,R09,1248388
NC-105190,2012-04-19,P04,T05,Media,Auditoría Interna,Cerrada,2012-04-30,11,R16,240433
NC-100296,2012-04-19,P02,T02,Media,Inspección de Calidad,Cerrada,2012-04-26,7,R08,256630
NC-101329,2012-04-20,P08,T05,Alta,Inspección de Calidad,Cerrada,2012-05-01,11,R11,460407
NC-102030,2012-04-21,P07,T01,Media,Queja de Cliente,Cerrada,2012-04-30,9,R17,838004
NC-101048,2012-04-24,P01,T06,Baja,Inspección de Calidad,Cerrada,2012-05-23,29,R11,168589
NC-105637,2012-04-27,P05,T01,Baja,Inspección de Calidad,Cerrada,2012-05-02,5,R21,456464
NC-104090,2012-05-06,P03,T03,Alta,Autocontrol,Cerrada,2012-05-16,10,R18,959350
NC-100498,2012-05-07,P02,T03,Baja,Auditoría Externa,Cerrada,2012-05-28,21,R17,34579
NC-102506,2012-05-09,P07,T01,Alta,Inspección de Calidad,Cerrada,2012-05-26,17,R09,1247422
NC-105968,2012-05-10,P04,T01,Baja,Autocontrol,Cerrada,2012-05-23,13,R11,43670
NC-103109,2012-05-10,P03,T06,Baja,Inspección de Calidad,Cerrada,2012-05-24,14,R01,57781
NC-100203,2012-05-11,P01,T02,Media,Queja de Cliente,Cerrada,2012-05-21,10,R01,778734
NC-101012,2012-05-15,P06,T04,Crítica,Autocontrol,Abierta,,,R09,2284920
NC-104156,2012-05-17,P05,T05,Alta,Autocontrol,En Tratamiento,,,R17,306399
NC-100921,2012-05-18,P07,T04,Alta,Auditoría Interna,Cerrada,2012-05-29,11,R01,48660
NC-102330,2012-05-19,P06,T06,Baja,Queja de Cliente,Cerrada,2012-05-24,5,R16,287005
NC-103858,2012-05-21,P08,T06,Crítica,Inspección de Calidad,En Tratamiento,,,R11,406717
NC-100266,2012-05-22,P02,T03,Crítica,Auditoría Externa,En Tratamiento,,,R18,1541859
NC-104183,2012-05-23,P03,T01,Baja,Auditoría Interna,Cerrada,2012-06-07,15,R09,143869
NC-105900,2012-05-23,P07,T02,Media,Inspección de Calidad,Cerrada,2012-05-25,2,R01,477953
NC-103159,2012-05-23,P07,T05,Baja,Auditoría Interna,Abierta,,,R17,100927
NC-101180,2012-05-25,P06,T04,Media,Inspección de Calidad,Cerrada,2012-06-26,32,R16,387917
NC-101686,2012-05-29,P03,T06,Baja,Inspección de Calidad,Cerrada,2012-06-10,12,R16,218504
NC-101074,2012-05-30,P04,T03,Media,Auditoría Externa,Cerrada,2012-06-18,19,R09,591549
NC-101368,2012-05-31,P02,T05,Media,Autocontrol,Cerrada,2012-06-13,13,R11,477988
NC-103152,2012-05-31,P04,T05,Baja,Queja de Cliente,Cerrada,2012-07-21,51,R21,349369
NC-102380,2012-05-31,P07,T04,Alta,Auditoría Interna,Cerrada,2012-06-11,11,R18,916265
NC-101604,2012-06-01,P01,T05,Baja,Autocontrol,Cerrada,2012-06-02,1,R01,267784
NC-105868,2012-06-02,P05,T03,Media,Autocontrol,Cerrada,2012-06-09,7,R18,70178
NC-104745,2012-06-06,P05,T06,Baja,Auditoría Externa,Cerrada,2012-06-13,7,R17,177780
NC-102729,2012-06-06,P02,T04,Baja,Auditoría Externa,Cerrada,2012-06-16,10,R01,88163
NC-106026,2012-06-06,P08,T03,Crítica,Auditoría Externa,Cerrada,2012-06-18,12,R11,3436915
NC-102562,2012-06-07,P02,T01,Media,Auditoría Externa,Cerrada,2012-06-15,8,R18,683732
NC-103603,2012-06-08,P07,T06,Baja,Auditoría Interna,Cerrada,2012-06-20,12,R01,53107
NC-103947,2012-06-12,P07,T01,Media,Queja de Cliente,Abierta,,,R11,547685
NC-103314,2012-06-12,P07,T02,Media,Autocontrol,Cerrada,2012-06-24,12,R01,1366190
NC-100190,2012-06-15,P08,T02,Media,Queja de Cliente,Cerrada,2012-06-29,14,R16,404928
NC-100454,2012-06-15,P07,T04,Crítica,Auditoría Externa,Cerrada,2012-06-27,12,R08,195487
NC-101810,2012-06-16,P01,T04,Baja,Auditoría Interna,Cerrada,2012-07-01,15,R16,531650
NC-100870,2012-06-20,P06,T03,Media,Inspección de Calidad,Cerrada,2012-07-12,22,R11,352789
NC-102837,2012-06-20,P01,T02,Media,Auditoría Interna,Cerrada,2012-06-24,4,R01,383141
NC-102587,2012-06-21,P06,T03,Baja,Autocontrol,En Tratamiento,,,R09,48724
NC-103667,2012-06-22,P01,T05,Alta,Queja de Cliente,En Tratamiento,,,R08,649895
NC-106092,2012-06-24,P06,T03,Alta,Inspección de Calidad,Cerrada,2012-06-27,3,R18,642620
NC-104697,2012-06-25,P04,T02,Media,Auditoría Externa,Cerrada,2012-06-29,4,R19,348217
NC-104837,2012-06-26,P07,T04,Media,Queja de Cliente,Cerrada,2012-07-01,5,R19,303577
NC-100852,2012-06-27,P04,T03,Media,Autocontrol,Cerrada,2012-07-08,11,R01,57336
NC-102591,2012-06-28,P08,T03,Alta,Auditoría Interna,En Tratamiento,,,R08,208161
NC-101795,2012-06-28,P06,T02,Media,Auditoría Externa,Cerrada,2012-07-15,17,R18,170878
NC-101739,2012-07-01,P07,T04,Baja,Inspección de Calidad,Cerrada,2012-07-13,12,R18,66751
NC-104154,2012-07-06,P03,T03,Baja,Autocontrol,Cerrada,2012-07-27,21,R16,44259
NC-104439,2012-07-09,P04,T05,Media,Autocontrol,Cerrada,2012-07-27,18,R19,129520
NC-102752,2012-07-11,P07,T03,Alta,Auditoría Interna,Cerrada,2012-07-23,12,R18,882949
NC-101393,2012-07-11,P06,T03,Crítica,Inspección de Calidad,Cerrada,2012-07-22,11,R09,1706284
NC-100126,2012-07-12,P02,T04,Baja,Auditoría Interna,Cerrada,2012-07-31,19,R16,137230
NC-105008,2012-07-15,P08,T02,Baja,Auditoría Externa,Abierta,,,R18,31706
NC-105876,2012-07-16,P07,T04,Baja,Queja de Cliente,Cerrada,2012-08-01,16,R01,25805
NC-102667,2012-07-16,P08,T02,Media,Auditoría Externa,Cerrada,2012-07-29,13,R01,448900
NC-104198,2012-07-17,P08,T01,Media,Auditoría Externa,Cerrada,2012-08-12,26,R09,58352
NC-106194,2012-07-21,P02,T04,Baja,Autocontrol,En Tratamiento,,,R19,218710
NC-103872,2012-07-22,P05,T02,Baja,Queja de Cliente,Cerrada,2012-07-26,4,R01,297175
NC-101215,2012-07-23,P05,T03,Media,Auditoría Interna,Cerrada,2012-07-30,7,R01,994888
NC-100181,2012-07-24,P01,T06,Media,Auditoría Externa,En Tratamiento,,,R08,1199160
NC-100471,2012-07-24,P05,T06,Media,Auditoría Interna,Cerrada,2012-07-28,4,R17,578246
NC-105255,2012-07-28,P03,T02,Baja,Auditoría Interna,Cerrada,2012-07-30,2,R16,83554
NC-104344,2012-07-28,P02,T02,Alta,Queja de Cliente,Cerrada,2012-08-11,14,R11,2331541
NC-101267,2012-07-28,P04,T06,Media,Queja de Cliente,Cerrada,2012-08-03,6,R11,244592
NC-104093,2012-07-29,P02,T06,Baja,Autocontrol,Cerrada,2012-08-03,5,R17,209281
NC-101534,2012-07-31,P04,T02,Alta,Autocontrol,Cerrada,2012-08-21,21,R19,545001
NC-104832,2012-08-03,P08,T06,Media,Auditoría Externa,Cerrada,2012-08-21,18,R16,286090
NC-103231,2012-08-04,P05,T06,Crítica,Auditoría Externa,Cerrada,2012-08-12,8,R11,2955027
NC-105664,2012-08-05,P04,T05,Alta,Auditoría Interna,Cerrada,2012-08-29,24,R16,1196407
NC-103341,2012-08-06,P03,T05,Alta,Auditoría Interna,Cerrada,2012-08-24,18,R18,672309
NC-105627,2012-08-08,P05,T03,Crítica,Inspección de Calidad,Abierta,,,R09,1638724
NC-100436,2012-08-09,P07,T05,Media,Auditoría Externa,Cerrada,2012-08-22,13,R08,735826
NC-102119,2012-08-10,P05,T02,Alta,Auditoría Interna,Cerrada,2012-08-17,7,R18,992720
NC-106015,2012-08-11,P02,T06,Baja,Inspección de Calidad,Cerrada,2012-08-29,18,R16,185726
NC-102088,2012-08-15,P03,T03,Baja,Queja de Cliente,Cerrada,2012-08-21,6,R19,109428
NC-102909,2012-08-16,P04,T02,Media,Autocontrol,Cerrada,2012-08-21,5,R11,1047963
NC-104353,2012-08-18,P03,T05,Baja,Autocontrol,Cerrada,2012-09-01,14,R17,264013
NC-102536,2012-08-22,P06,T01,Media,Inspección de Calidad,Cerrada,2012-09-03,12,R11,328805
NC-103778,2012-08-24,P08,T06,Alta,Auditoría Externa,Cerrada,2012-09-10,17,R18,1078838
NC-103522,2012-08-26,P05,T05,Media,Auditoría Interna,Cerrada,2012-09-07,12,R18,1462095
NC-103801,2012-08-26,P03,T03,Baja,Autocontrol,Cerrada,2012-09-25,30,R09,325364
NC-104086,2012-08-27,P07,T02,Baja,Auditoría Interna,Cerrada,2012-08-31,4,R21,257417
NC-100628,2012-08-29,P03,T02,Media,Inspección de Calidad,Cerrada,2012-09-13,15,R21,761146
NC-103748,2012-08-29,P04,T03,Media,Auditoría Externa,Cerrada,2012-09-07,9,R16,919329
NC-105994,2012-08-29,P05,T03,Baja,Auditoría Interna,Cerrada,2012-09-15,17,R17,58720
NC-104343,2012-08-30,P06,T06,Media,Queja de Cliente,Abierta,,,R17,272554
NC-102973,2012-09-02,P06,T06,Media,Auditoría Externa,En Tratamiento,,,R01,469300
NC-101628,2012-09-02,P04,T01,Media,Autocontrol,Cerrada,2012-09-22,20,R08,386545
NC-105425,2012-09-02,P07,T05,Baja,Auditoría Interna,Cerrada,2012-09-25,23,R11,126064
NC-104743,2012-09-09,P07,T05,Alta,Autocontrol,Cerrada,2012-09-16,7,R18,214298
NC-104052,2012-09-09,P07,T06,Baja,Autocontrol,Cerrada,2012-09-15,6,R01,107018
NC-100567,2012-09-10,P04,T04,Alta,Auditoría Externa,Cerrada,2012-09-28,18,R18,3143895
NC-106177,2012-09-13,P01,T03,Alta,Auditoría Interna,Cerrada,2012-09-28,15,R11,911355
NC-105122,2012-09-15,P03,T04,Baja,Queja de Cliente,Cerrada,2012-09-16,1,R16,116441
NC-102043,2012-09-16,P01,T06,Alta,Autocontrol,Cerrada,2012-09-29,13,R19,850241
NC-103570,2012-09-19,P02,T03,Crítica,Auditoría Externa,Cerrada,2012-10-01,12,R17,257758
NC-104710,2012-09-20,P08,T04,Media,Auditoría Interna,Cerrada,2012-10-07,17,R17,272077
NC-101536,2012-09-20,P02,T03,Crítica,Auditoría Externa,Abierta,,,R17,2009446
NC-101030,2012-09-20,P01,T04,Media,Autocontrol,Cerrada,2012-09-24,4,R09,62058
NC-100585,2012-09-22,P05,T05,Media,Auditoría Externa,Cerrada,2012-10-08,16,R09,220281
NC-104935,2012-09-22,P04,T02,Media,Auditoría Interna,Cerrada,2012-09-26,4,R17,119701
NC-101502,2012-09-22,P02,T04,Media,Autocontrol,Cerrada,2012-10-09,17,R21,1184237
NC-101257,2012-09-25,P06,T06,Media,Auditoría Interna,Cerrada,2012-10-07,12,R08,125085
NC-101789,2012-09-25,P04,T05,Baja,Queja de Cliente,Cerrada,2012-10-03,8,R01,156434
NC-100141,2012-09-25,P02,T02,Alta,Queja de Cliente,Cerrada,2012-10-03,8,R01,1337291
NC-102058,2012-09-25,P02,T01,Media,Autocontrol,Cerrada,2012-10-08,13,R21,238858
NC-102178,2012-09-26,P03,T05,Alta,Auditoría Interna,Cerrada,2012-10-24,28,R16,1690052
NC-105145,2012-09-28,P04,T05,Crítica,Auditoría Externa,Cerrada,2012-10-21,23,R09,917247
NC-101869,2012-09-30,P01,T03,Media,Inspección de Calidad,Cerrada,2012-10-06,6,R08,475007
NC-102315,2012-10-03,P08,T02,Media,Auditoría Interna,Cerrada,2012-10-13,10,R11,348307
NC-105035,2012-10-03,P01,T06,Media,Auditoría Externa,Cerrada,2012-11-02,30,R21,511539
NC-100794,2012-10-06,P08,T06,Media,Queja de Cliente,Cerrada,2012-10-10,4,R21,728791
NC-102008,2012-10-11,P07,T06,Baja,Inspección de Calidad,Cerrada,2012-10-23,12,R19,494487
NC-103014,2012-10-17,P08,T05,Media,Auditoría Interna,Cerrada,2012-11-02,16,R19,664193
NC-101134,2012-10-17,P03,T03,Baja,Auditoría Externa,Cerrada,2012-11-06,20,R17,720034
NC-105387,2012-10-19,P05,T05,Crítica,Auditoría Interna,Cerrada,2012-11-08,20,R16,304248
NC-105006,2012-10-20,P08,T02,Baja,Autocontrol,Cerrada,2012-10-28,8,R09,176102
NC-103080,2012-10-20,P03,T06,Media,Queja de Cliente,Cerrada,2012-10-28,8,R18,214789
NC-103124,2012-10-21,P06,T06,Baja,Auditoría Interna,Cerrada,2012-10-28,7,R17,171482
NC-103186,2012-10-22,P06,T03,Media,Inspección de Calidad,Cerrada,2012-10-31,9,R18,175445
NC-103605,2012-10-24,P02,T02,Media,Autocontrol,Cerrada,2012-11-06,13,R09,1144169
NC-105579,2012-10-25,P03,T06,Baja,Autocontrol,Cerrada,2012-11-03,9,R16,197308
NC-104686,2012-10-26,P08,T03,Alta,Queja de Cliente,En Tratamiento,,,R01,371039
NC-106108,2012-10-27,P02,T01,Baja,Autocontrol,Cerrada,2012-11-02,6,R16,272373
NC-100246,2012-10-28,P05,T04,Baja,Autocontrol,Abierta,,,R08,192877
NC-100596,2012-10-28,P05,T01,Alta,Queja de Cliente,En Tratamiento,,,R08,695325
NC-101298,2012-10-28,P01,T03,Baja,Inspección de Calidad,Cerrada,2012-11-04,7,R01,220975
NC-103711,2012-10-29,P04,T06,Media,Auditoría Externa,Cerrada,2012-11-11,13,R09,174652
NC-104747,2012-10-29,P06,T01,Baja,Auditoría Interna,Cerrada,2012-11-22,24,R16,138331
NC-104957,2012-10-30,P01,T04,Baja,Autocontrol,Cerrada,2012-11-05,6,R19,13810
NC-103758,2012-10-30,P08,T04,Media,Queja de Cliente,En Tratamiento,,,R11,105076
NC-102059,2012-11-02,P04,T05,Baja,Inspección de Calidad,Cerrada,2012-11-18,16,R11,184346
NC-104386,2012-11-03,P05,T06,Alta,Auditoría Externa,Cerrada,2012-11-30,27,R16,747659
NC-105639,2012-11-03,P05,T02,Baja,Auditoría Externa,Cerrada,2012-11-09,6,R21,364843
NC-100894,2012-11-03,P06,T03,Crítica,Auditoría Externa,Cerrada,2012-11-15,12,R08,1071846
NC-102253,2012-11-04,P03,T05,Alta,Queja de Cliente,Cerrada,2012-11-09,5,R09,1347721
NC-102165,2012-11-05,P06,T02,Media,Inspección de Calidad,Cerrada,2012-12-01,26,R01,674454
NC-102261,2012-11-07,P05,T03,Alta,Inspección de Calidad,Cerrada,2012-11-17,10,R11,554477
NC-100245,2012-11-08,P05,T05,Alta,Inspección de Calidad,Cerrada,2012-11-18,10,R16,395655
NC-100309,2012-11-08,P07,T03,Baja,Auditoría Interna,Cerrada,2012-11-12,4,R16,79270
NC-100338,2012-11-09,P07,T03,Alta,Auditoría Interna,Cerrada,2012-11-17,8,R17,1412614
NC-101750,2012-11-10,P03,T02,Alta,Autocontrol,Cerrada,2012-11-19,9,R08,2602303
NC-103137,2012-11-11,P07,T06,Media,Inspección de Calidad,Cerrada,2012-11-21,10,R17,325444
NC-104222,2012-11-13,P03,T05,Baja,Auditoría Externa,Cerrada,2012-11-19,6,R21,150898
NC-100533,2012-11-13,P06,T04,Media,Autocontrol,Cerrada,2012-11-23,10,R01,608730
NC-101714,2012-11-14,P07,T06,Media,Inspección de Calidad,Cerrada,2012-11-16,2,R17,512086
NC-105857,2012-11-15,P06,T04,Baja,Queja de Cliente,Cerrada,2012-12-03,18,R19,79959
NC-102731,2012-11-17,P06,T05,Alta,Auditoría Externa,Cerrada,2012-12-05,18,R21,931870
NC-104791,2012-11-17,P01,T01,Crítica,Auditoría Interna,En Tratamiento,,,R16,2476975
NC-100815,2012-11-18,P01,T02,Media,Auditoría Interna,Cerrada,2012-11-23,5,R18,1381823
NC-102666,2012-11-21,P04,T04,Baja,Auditoría Interna,Cerrada,2012-11-27,6,R17,41754
NC-105181,2012-11-23,P06,T04,Baja,Inspección de Calidad,Abierta,,,R11,161368
NC-103764,2012-11-23,P06,T04,Baja,Auditoría Externa,Cerrada,2012-12-05,12,R11,285969
NC-103345,2012-11-25,P01,T04,Media,Queja de Cliente,Cerrada,2012-12-14,19,R19,465967
NC-101776,2012-11-27,P05,T05,Media,Autocontrol,Cerrada,2012-12-06,9,R01,369397
NC-101216,2012-11-27,P04,T06,Media,Auditoría Externa,Cerrada,2012-12-13,16,R01,968236
NC-100135,2012-11-28,P02,T05,Baja,Auditoría Interna,Cerrada,2012-12-01,3,R08,57904
NC-102103,2012-11-29,P02,T05,Media,Auditoría Interna,Cerrada,2012-12-04,5,R09,373871
NC-103283,2012-11-29,P03,T01,Crítica,Inspección de Calidad,Cerrada,2012-12-17,18,R01,992147
NC-105454,2012-11-30,P07,T02,Baja,Queja de Cliente,Cerrada,2012-12-04,4,R11,103612
NC-100862,2012-11-30,P07,T01,Baja,Auditoría Interna,Cerrada,2012-12-11,11,R11,279546
NC-100495,2012-12-02,P04,T06,Baja,Inspección de Calidad,Cerrada,2012-12-07,5,R11,111997
NC-105995,2012-12-02,P06,T05,Baja,Auditoría Interna,Cerrada,2012-12-09,7,R11,394134
NC-104868,2012-12-02,P07,T05,Crítica,Auditoría Externa,Cerrada,2012-12-11,9,R17,1076904
NC-104460,2012-12-03,P08,T04,Baja,Queja de Cliente,Cerrada,2012-12-16,13,R17,271388
NC-103215,2012-12-04,P06,T01,Alta,Inspección de Calidad,Cerrada,2012-12-30,26,R18,614929
NC-103959,2012-12-05,P03,T02,Media,Queja de Cliente,Cerrada,2012-12-15,10,R01,322210
NC-102161,2012-12-05,P03,T04,Baja,Queja de Cliente,Cerrada,2012-12-11,6,R19,132558
NC-104480,2012-12-06,P01,T05,Media,Queja de Cliente,Cerrada,2012-12-21,15,R17,358226
NC-101642,2012-12-07,P03,T03,Media,Inspección de Calidad,Cerrada,2012-12-13,6,R21,109056
NC-105695,2012-12-08,P06,T02,Alta,Auditoría Externa,Cerrada,2012-12-28,20,R21,628722
NC-100883,2012-12-10,P05,T01,Media,Inspección de Calidad,Cerrada,2012-12-30,20,R11,242016
NC-102240,2012-12-10,P05,T02,Baja,Auditoría Externa,Cerrada,2012-12-22,12,R19,99600
NC-102833,2012-12-14,P04,T03,Crítica,Queja de Cliente,En Tratamiento,,,R17,878765
NC-100754,2012-12-16,P07,T01,Baja,Inspección de Calidad,Abierta,,,R18,135713
NC-105246,2012-12-20,P07,T06,Baja,Autocontrol,Cerrada,2013-01-13,24,R16,134873
NC-100111,2012-12-20,P01,T02,Media,Auditoría Externa,En Tratamiento,,,R08,1230951
NC-104487,2012-12-21,P01,T06,Baja,Queja de Cliente,Cerrada,2012-12-27,6,R17,31847
NC-104944,2012-12-22,P04,T04,Crítica,Autocontrol,Cerrada,2013-01-06,15,R16,676472
NC-104833,2012-12-23,P01,T06,Baja,Auditoría Externa,Cerrada,2012-12-31,8,R01,54228
NC-104800,2012-12-24,P07,T05,Crítica,Auditoría Externa,Cerrada,2013-01-11,18,R17,1207354
NC-100403,2012-12-26,P07,T03,Alta,Queja de Cliente,Cerrada,2013-01-01,6,R01,1079837
NC-103929,2012-12-27,P07,T06,Baja,Autocontrol,Abierta,,,R01,70278
NC-102875,2012-12-29,P05,T04,Media,Auditoría Externa,Cerrada,2013-01-07,9,R11,722742
NC-100747,2012-12-30,P04,T06,Alta,Auditoría Interna,Abierta,,,R17,318834
NC-106077,2012-12-30,P07,T05,Baja,Inspección de Calidad,Cerrada,2013-01-08,9,R17,492704
NC-104270,2012-12-31,P06,T03,Alta,Autocontrol,Cerrada,2013-02-01,32,R11,149949
NC-100758,2013-01-01,P01,T04,Baja,Inspección de Calidad,Cerrada,2013-02-04,34,R18,30953
NC-102816,2013-01-02,P02,T03,Alta,Auditoría Externa,En Tratamiento,,,R11,913133
NC-101587,2013-01-03,P04,T01,Baja,Auditoría Externa,Cerrada,2013-01-08,5,R01,268091
NC-100933,2013-01-04,P02,T04,Crítica,Auditoría Interna,En Tratamiento,,,R08,235553
NC-104289,2013-01-05,P02,T02,Alta,Auditoría Externa,Cerrada,2013-01-24,19,R18,1105794
NC-106151,2013-01-05,P08,T02,Media,Inspección de Calidad,Cerrada,2013-01-15,10,R09,295683
NC-101153,2013-01-05,P08,T01,Media,Inspección de Calidad,Cerrada,2013-01-10,5,R01,280864
NC-100157,2013-01-06,P03,T04,Media,Auditoría Interna,Cerrada,2013-01-21,15,R21,893711
NC-103171,2013-01-10,P03,T04,Alta,Inspección de Calidad,Cerrada,2013-01-18,8,R08,364849
NC-106087,2013-01-10,P07,T04,Crítica,Auditoría Externa,En Tratamiento,,,R16,610927
NC-103916,2013-01-10,P05,T06,Baja,Autocontrol,Cerrada,2013-01-22,12,R14,114069
NC-101476,2013-01-12,P04,T06,Alta,Auditoría Interna,Abierta,,,R14,884227
NC-101340,2013-01-12,P03,T04,Alta,Auditoría Externa,Cerrada,2013-01-19,7,R01,357990
NC-101113,2013-01-13,P01,T02,Media,Inspección de Calidad,Cerrada,2013-01-27,14,R08,714164
NC-104089,2013-01-15,P03,T06,Baja,Queja de Cliente,Cerrada,2013-01-22,7,R08,129308
NC-102805,2013-01-18,P04,T06,Baja,Autocontrol,Cerrada,2013-01-28,10,R14,367718
NC-102967,2013-01-18,P04,T02,Crítica,Auditoría Interna,Cerrada,2013-02-01,14,R11,646814
NC-100337,2013-01-19,P06,T05,Crítica,Autocontrol,Cerrada,2013-01-30,11,R01,330670
NC-100121,2013-01-20,P08,T04,Media,Queja de Cliente,Cerrada,2013-01-27,7,R19,731197
NC-104729,2013-01-20,P08,T05,Media,Auditoría Interna,Cerrada,2013-01-29,9,R01,301030
NC-101321,2013-01-20,P03,T06,Media,Autocontrol,Cerrada,2013-02-12,23,R14,361048
NC-104698,2013-01-21,P07,T01,Media,Auditoría Externa,Cerrada,2013-01-30,9,R08,1141639
NC-100725,2013-01-21,P01,T01,Baja,Queja de Cliente,Cerrada,2013-02-02,12,R09,110832
NC-102257,2013-01-24,P08,T05,Baja,Queja de Cliente,En Tratamiento,,,R17,131285
NC-103824,2013-01-26,P05,T05,Media,Queja de Cliente,Cerrada,2013-02-05,10,R21,166567
NC-103272,2013-01-28,P04,T01,Media,Auditoría Interna,Cerrada,2013-02-01,4,R16,328819
NC-105897,2013-01-28,P02,T05,Alta,Auditoría Externa,Cerrada,2013-02-13,16,R17,935021
NC-101566,2013-01-28,P02,T05,Media,Inspección de Calidad,Cerrada,2013-02-08,11,R14,295234
NC-102341,2013-01-28,P07,T03,Baja,Auditoría Externa,Cerrada,2013-02-15,18,R19,254256
NC-104651,2013-01-29,P08,T06,Alta,Queja de Cliente,En Tratamiento,,,R18,2612249
NC-101790,2013-01-29,P02,T02,Media,Autocontrol,Cerrada,2013-02-10,12,R14,245507
NC-104675,2013-01-30,P07,T03,Media,Auditoría Externa,Cerrada,2013-02-25,26,R14,732701
NC-104722,2013-02-02,P01,T01,Media,Auditoría Interna,Cerrada,2013-02-28,26,R21,519888
NC-101771,2013-02-02,P07,T02,Crítica,Autocontrol,Cerrada,2013-02-05,3,R17,887764
NC-102887,2013-02-04,P04,T05,Baja,Inspección de Calidad,En Tratamiento,,,R19,128878
NC-101721,2013-02-07,P06,T04,Baja,Autocontrol,Cerrada,2013-02-26,19,R19,125671
NC-100643,2013-02-09,P02,T04,Alta,Autocontrol,Cerrada,2013-02-19,10,R16,750420
NC-103081,2013-02-11,P08,T06,Baja,Queja de Cliente,Cerrada,2013-02-17,6,R11,153481
NC-104826,2013-02-12,P02,T05,Baja,Auditoría Externa,Cerrada,2013-02-20,8,R19,87221
NC-105250,2013-02-14,P07,T03,Crítica,Auditoría Interna,Cerrada,2013-02-26,12,R18,748343
NC-103455,2013-02-14,P04,T06,Alta,Inspección de Calidad,Cerrada,2013-02-26,12,R14,281292
NC-104563,2013-02-14,P06,T04,Baja,Auditoría Interna,Abierta,,,R11,116697
NC-102421,2013-02-15,P06,T01,Baja,Autocontrol,En Tratamiento,,,R09,204312
NC-103385,2013-02-18,P08,T01,Alta,Inspección de Calidad,Cerrada,2013-03-06,16,R21,269974
NC-102387,2013-02-20,P06,T01,Crítica,Auditoría Interna,Cerrada,2013-03-01,9,R14,409875
NC-100892,2013-02-26,P04,T01,Media,Inspección de Calidad,Cerrada,2013-03-12,14,R08,320401
NC-105159,2013-02-26,P08,T02,Alta,Inspección de Calidad,Cerrada,2013-03-12,14,R08,476964
NC-105679,2013-02-26,P07,T02,Baja,Inspección de Calidad,Cerrada,2013-03-06,8,R16,157607
NC-100075,2013-02-28,P06,T02,Baja,Queja de Cliente,Cerrada,2013-03-02,2,R16,162651
NC-104618,2013-03-02,P05,T01,Alta,Autocontrol,Abierta,,,R20,294201
NC-103091,2013-03-02,P08,T05,Baja,Queja de Cliente,Cerrada,2013-03-06,4,R20,307513
NC-104590,2013-03-04,P01,T02,Alta,Inspección de Calidad,Cerrada,2013-03-12,8,R14,656234
NC-102336,2013-03-05,P07,T04,Alta,Auditoría Externa,Cerrada,2013-03-20,15,R08,638285
NC-101956,2013-03-06,P05,T01,Media,Autocontrol,Cerrada,2013-03-16,10,R01,1010817
NC-101986,2013-03-07,P03,T04,Baja,Autocontrol,Cerrada,2013-03-14,7,R19,640694
NC-105059,2013-03-07,P02,T02,Alta,Auditoría Interna,Cerrada,2013-03-20,13,R18,1226835
NC-105162,2013-03-10,P01,T05,Baja,Queja de Cliente,Cerrada,2013-03-25,15,R19,107329
NC-103456,2013-03-11,P02,T01,Baja,Queja de Cliente,Cerrada,2013-03-27,16,R01,188110
NC-101831,2013-03-13,P02,T01,Baja,Inspección de Calidad,Cerrada,2013-04-01,19,R11,323512
NC-104377,2013-03-14,P07,T03,Alta,Auditoría Interna,Cerrada,2013-03-16,2,R16,1487380
NC-105597,2013-03-17,P04,T01,Baja,Autocontrol,Cerrada,2013-03-27,10,R09,159779
NC-105831,2013-03-18,P03,T04,Baja,Autocontrol,Cerrada,2013-04-12,25,R09,345876
NC-102792,2013-03-19,P05,T01,Baja,Queja de Cliente,Cerrada,2013-03-26,7,R17,425506
NC-100441,2013-03-19,P08,T06,Baja,Queja de Cliente,Cerrada,2013-04-01,13,R18,137080
NC-100394,2013-03-23,P03,T05,Baja,Auditoría Interna,Abierta,,,R11,32424
NC-101322,2013-03-24,P01,T03,Media,Auditoría Externa,Cerrada,2013-04-17,24,R19,345668
NC-104048,2013-03-25,P08,T02,Alta,Auditoría Externa,Cerrada,2013-04-03,9,R09,1074843
NC-101516,2013-03-26,P06,T03,Baja,Queja de Cliente,Cerrada,2013-04-04,9,R19,50643
NC-102274,2013-03-28,P02,T05,Media,Auditoría Externa,En Tratamiento,,,R08,725572
NC-104700,2013-04-02,P04,T01,Crítica,Auditoría Interna,Abierta,,,R16,1104440
NC-101666,2013-04-03,P08,T01,Media,Queja de Cliente,Cerrada,2013-04-15,12,R18,1001472
NC-101479,2013-04-04,P01,T02,Crítica,Auditoría Externa,Cerrada,2013-04-16,12,R09,1563747
NC-100174,2013-04-06,P07,T05,Baja,Auditoría Interna,Cerrada,2013-04-14,8,R08,258384
NC-104671,2013-04-11,P05,T03,Media,Autocontrol,Cerrada,2013-04-17,6,R01,309767
NC-101354,2013-04-11,P04,T01,Crítica,Autocontrol,Cerrada,2013-04-25,14,R14,1310854
NC-102795,2013-04-12,P04,T05,Alta,Autocontrol,En Tratamiento,,,R17,1249258
NC-103983,2013-04-16,P02,T06,Baja,Inspección de Calidad,Cerrada,2013-04-21,5,R11,158044
NC-100163,2013-04-19,P04,T04,Baja,Auditoría Externa,Cerrada,2013-05-03,14,R19,136027
NC-103584,2013-04-20,P06,T01,Media,Inspección de Calidad,Cerrada,2013-05-15,25,R11,108577
NC-100456,2013-04-21,P05,T01,Media,Autocontrol,Cerrada,2013-04-27,6,R18,418112
NC-100660,2013-04-24,P06,T03,Media,Auditoría Externa,En Tratamiento,,,R17,1235963
NC-103780,2013-04-24,P04,T02,Baja,Inspección de Calidad,Cerrada,2013-05-01,7,R19,597450
NC-104638,2013-04-25,P03,T01,Alta,Queja de Cliente,Cerrada,2013-05-02,7,R01,19882
NC-105877,2013-04-26,P04,T01,Crítica,Queja de Cliente,Abierta,,,R18,481245
NC-104689,2013-04-30,P02,T06,Alta,Auditoría Externa,Cerrada,2013-05-14,14,R16,257089
NC-101726,2013-05-09,P01,T03,Alta,Auditoría Externa,Cerrada,2013-05-23,14,R20,1600017
NC-105982,2013-05-12,P07,T02,Media,Queja de Cliente,Cerrada,2013-05-26,14,R11,371509
NC-101428,2013-05-12,P02,T06,Media,Auditoría Externa,Cerrada,2013-06-03,22,R21,144955
NC-101426,2013-05-14,P06,T06,Baja,Auditoría Externa,Cerrada,2013-05-18,4,R11,136191
NC-100412,2013-05-16,P05,T05,Alta,Auditoría Externa,Cerrada,2013-06-02,17,R14,903353
NC-105602,2013-05-16,P03,T03,Baja,Queja de Cliente,Cerrada,2013-06-04,19,R16,572587
NC-100369,2013-05-17,P07,T04,Baja,Auditoría Interna,Cerrada,2013-05-24,7,R09,84973
NC-100689,2013-05-18,P01,T04,Crítica,Auditoría Externa,Cerrada,2013-05-28,10,R11,1018729
NC-101679,2013-05-20,P07,T04,Alta,Inspección de Calidad,Cerrada,2013-05-22,2,R08,1161896
NC-100223,2013-05-22,P01,T01,Crítica,Queja de Cliente,Cerrada,2013-05-30,8,R21,584033
NC-104024,2013-05-22,P01,T02,Alta,Inspección de Calidad,Cerrada,2013-05-28,6,R16,713800
NC-101909,2013-05-25,P03,T06,Alta,Queja de Cliente,Cerrada,2013-06-08,14,R08,380985
NC-104083,2013-05-28,P04,T06,Baja,Queja de Cliente,Cerrada,2013-06-12,15,R11,258183
NC-104694,2013-05-29,P08,T05,Alta,Auditoría Externa,Cerrada,2013-06-10,12,R18,2077429
NC-100610,2013-05-31,P02,T03,Media,Auditoría Interna,Cerrada,2013-06-08,8,R16,411222
NC-105671,2013-06-08,P05,T05,Alta,Inspección de Calidad,Cerrada,2013-06-11,3,R11,215701
NC-103886,2013-06-10,P08,T04,Media,Queja de Cliente,Cerrada,2013-06-26,16,R16,1490840
NC-100609,2013-06-14,P08,T01,Media,Inspección de Calidad,Cerrada,2013-06-26,12,R19,231917
NC-103580,2013-06-16,P07,T06,Media,Inspección de Calidad,Cerrada,2013-06-26,10,R20,110837
NC-104846,2013-06-16,P06,T02,Media,Auditoría Externa,Cerrada,2013-06-21,5,R08,1842392
NC-105669,2013-06-16,P04,T04,Baja,Queja de Cliente,Cerrada,2013-06-26,10,R21,446302
NC-103242,2013-06-17,P01,T03,Alta,Autocontrol,Cerrada,2013-06-30,13,R18,970966
NC-103732,2013-06-19,P03,T06,Alta,Auditoría Interna,Cerrada,2013-06-27,8,R14,698805
NC-100050,2013-06-20,P07,T06,Baja,Auditoría Interna,Cerrada,2013-07-06,16,R19,105394
NC-103347,2013-06-21,P01,T01,Media,Auditoría Externa,En Tratamiento,,,R14,619933
NC-105763,2013-06-25,P08,T01,Baja,Autocontrol,Cerrada,2013-07-06,11,R08,308375
NC-104609,2013-06-25,P03,T03,Baja,Queja de Cliente,En Tratamiento,,,R11,113367
NC-103244,2013-06-27,P05,T02,Crítica,Queja de Cliente,Abierta,,,R19,1755272
NC-101000,2013-07-01,P08,T04,Baja,Queja de Cliente,Abierta,,,R11,243848
NC-102002,2013-07-02,P04,T02,Baja,Auditoría Externa,Cerrada,2013-07-11,9,R18,421696
NC-104380,2013-07-02,P04,T02,Media,Auditoría Interna,Cerrada,2013-07-11,9,R09,413115
NC-100745,2013-07-03,P08,T02,Baja,Auditoría Externa,Cerrada,2013-07-18,15,R21,63909
NC-105355,2013-07-03,P07,T01,Media,Queja de Cliente,Cerrada,2013-07-19,16,R17,473863
NC-100439,2013-07-06,P01,T02,Media,Queja de Cliente,Cerrada,2013-07-22,16,R18,195878
NC-104175,2013-07-11,P08,T06,Baja,Auditoría Externa,Cerrada,2013-07-23,12,R18,78906
NC-102593,2013-07-12,P04,T02,Media,Autocontrol,Cerrada,2013-07-18,6,R08,99397
NC-103264,2013-07-15,P02,T02,Baja,Queja de Cliente,Cerrada,2013-08-04,20,R18,235668
NC-105260,2013-07-17,P05,T04,Alta,Queja de Cliente,Cerrada,2013-07-30,13,R17,233248
NC-104042,2013-07-19,P07,T01,Media,Auditoría Interna,Cerrada,2013-08-05,17,R11,585152
NC-100901,2013-07-19,P04,T04,Media,Inspección de Calidad,Cerrada,2013-08-02,14,R14,217046
NC-106085,2013-07-20,P01,T06,Crítica,Autocontrol,Cerrada,2013-07-30,10,R18,1953466
NC-100386,2013-07-21,P08,T01,Crítica,Queja de Cliente,En Tratamiento,,,R14,307882
NC-105750,2013-07-21,P04,T06,Media,Inspección de Calidad,Cerrada,2013-08-02,12,R21,137389
NC-100194,2013-07-23,P06,T04,Alta,Autocontrol,Cerrada,2013-07-31,8,R16,276925
NC-102977,2013-07-25,P04,T03,Baja,Autocontrol,Abierta,,,R11,152964
NC-103703,2013-07-26,P02,T03,Alta,Autocontrol,Cerrada,2013-08-01,6,R09,724717
NC-102400,2013-07-31,P05,T06,Media,Auditoría Interna,Cerrada,2013-08-10,10,R09,325674
NC-102220,2013-08-02,P03,T01,Media,Auditoría Interna,En Tratamiento,,,R16,524142
NC-105934,2013-08-03,P03,T03,Alta,Autocontrol,Cerrada,2013-08-14,11,R16,1371775
NC-104679,2013-08-03,P06,T04,Alta,Inspección de Calidad,En Tratamiento,,,R08,1131620
NC-104778,2013-08-03,P06,T03,Media,Autocontrol,Cerrada,2013-08-11,8,R14,666634
NC-103377,2013-08-04,P05,T01,Media,Auditoría Interna,Cerrada,2013-08-16,12,R14,149568
NC-104114,2013-08-09,P08,T04,Alta,Queja de Cliente,Cerrada,2013-08-15,6,R16,1726801
NC-100127,2013-08-10,P01,T06,Crítica,Auditoría Interna,Cerrada,2013-08-12,2,R19,829574
NC-101998,2013-08-11,P03,T02,Baja,Auditoría Externa,Cerrada,2013-08-18,7,R01,49760
NC-100784,2013-08-13,P04,T06,Alta,Inspección de Calidad,Cerrada,2013-08-21,8,R09,741354
NC-103266,2013-08-13,P04,T06,Crítica,Auditoría Interna,Cerrada,2013-08-22,9,R01,1177952
NC-104542,2013-08-13,P03,T06,Alta,Autocontrol,Cerrada,2013-08-22,9,R11,1192791
NC-101560,2013-08-15,P04,T03,Baja,Auditoría Interna,Cerrada,2013-08-27,12,R17,24305
NC-105529,2013-08-15,P06,T01,Media,Autocontrol,Cerrada,2013-08-19,4,R01,418770
NC-105478,2013-08-17,P02,T04,Media,Auditoría Externa,Cerrada,2013-08-28,11,R09,905192
NC-102941,2013-08-18,P07,T06,Baja,Auditoría Interna,En Tratamiento,,,R01,339728
NC-103844,2013-08-20,P06,T05,Media,Auditoría Interna,Cerrada,2013-09-05,16,R08,515135
NC-102458,2013-08-23,P01,T01,Media,Queja de Cliente,Abierta,,,R20,408488
NC-103327,2013-08-25,P01,T04,Baja,Autocontrol,Cerrada,2013-09-05,11,R16,237588
NC-104223,2013-08-26,P01,T06,Media,Auditoría Interna,Cerrada,2013-09-04,9,R01,105951
NC-104168,2013-08-26,P08,T04,Alta,Queja de Cliente,Cerrada,2013-09-14,19,R18,687105
NC-104308,2013-08-27,P02,T01,Media,Queja de Cliente,Cerrada,2013-09-17,21,R08,355974
NC-102771,2013-08-27,P03,T01,Alta,Autocontrol,Abierta,,,R01,258383
NC-101743,2013-08-30,P01,T03,Media,Auditoría Interna,Cerrada,2013-09-18,19,R11,352608
NC-105379,2013-08-31,P05,T05,Alta,Autocontrol,Cerrada,2013-09-15,15,R11,580405
NC-105871,2013-08-31,P05,T03,Media,Auditoría Externa,Cerrada,2013-09-25,25,R08,803537
NC-106179,2013-09-01,P04,T03,Alta,Auditoría Interna,En Tratamiento,,,R16,1494815
NC-102764,2013-09-01,P03,T05,Media,Auditoría Externa,Abierta,,,R14,289356
NC-101626,2013-09-02,P06,T05,Baja,Inspección de Calidad,Cerrada,2013-09-15,13,R01,16861
NC-103140,2013-09-03,P06,T05,Alta,Inspección de Calidad,Cerrada,2013-09-10,7,R19,648781
NC-100631,2013-09-03,P05,T05,Media,Inspección de Calidad,Cerrada,2013-09-09,6,R21,214310
NC-102486,2013-09-05,P06,T04,Alta,Auditoría Externa,En Tratamiento,,,R16,123848
NC-105840,2013-09-06,P03,T06,Media,Inspección de Calidad,Cerrada,2013-09-13,7,R09,604123
NC-101497,2013-09-06,P08,T06,Alta,Auditoría Interna,Cerrada,2013-09-08,2,R18,242146
NC-104994,2013-09-07,P04,T02,Crítica,Autocontrol,Cerrada,2013-09-12,5,R17,795571
NC-105674,2013-09-11,P07,T01,Crítica,Queja de Cliente,Cerrada,2013-09-14,3,R14,1187739
NC-104037,2013-09-11,P01,T01,Alta,Auditoría Externa,Cerrada,2013-09-20,9,R08,2229182
NC-103984,2013-09-16,P03,T05,Alta,Auditoría Externa,Cerrada,2013-09-24,8,R14,486631
NC-101513,2013-09-17,P07,T02,Media,Inspección de Calidad,Cerrada,2013-09-24,7,R17,671639
NC-100880,2013-09-17,P03,T04,Media,Autocontrol,Cerrada,2013-09-20,3,R09,89816
NC-105842,2013-09-19,P06,T01,Baja,Auditoría Interna,Cerrada,2013-09-30,11,R09,138124
NC-100633,2013-09-21,P04,T05,Baja,Auditoría Interna,Cerrada,2013-10-03,12,R20,103709
NC-102855,2013-09-23,P02,T02,Media,Autocontrol,Cerrada,2013-09-29,6,R21,885002
NC-101412,2013-09-24,P04,T04,Baja,Auditoría Externa,Cerrada,2013-10-10,16,R14,159742
NC-104150,2013-09-25,P01,T06,Media,Queja de Cliente,Cerrada,2013-09-30,5,R11,276645
NC-103625,2013-09-27,P08,T03,Media,Auditoría Interna,Cerrada,2013-10-10,13,R17,817069
NC-105238,2013-09-28,P03,T06,Media,Autocontrol,Abierta,,,R19,236863
NC-105613,2013-09-29,P07,T02,Baja,Queja de Cliente,Cerrada,2013-10-07,8,R11,172491
NC-101768,2013-10-02,P04,T02,Media,Auditoría Interna,Cerrada,2013-10-17,15,R19,300633
NC-104640,2013-10-02,P07,T06,Crítica,Auditoría Interna,Cerrada,2013-10-16,14,R09,1897673
NC-100626,2013-10-03,P05,T02,Baja,Queja de Cliente,Cerrada,2013-10-17,14,R14,295784
NC-100566,2013-10-04,P08,T01,Baja,Autocontrol,Cerrada,2013-10-12,8,R14,88577
NC-102353,2013-10-06,P07,T06,Baja,Auditoría Externa,Cerrada,2013-10-21,15,R21,373212
NC-103979,2013-10-06,P05,T03,Media,Auditoría Interna,Cerrada,2013-10-15,9,R16,265226
NC-100842,2013-10-06,P05,T03,Alta,Auditoría Interna,En Tratamiento,,,R18,686553
NC-104237,2013-10-07,P02,T06,Media,Queja de Cliente,Cerrada,2013-10-08,1,R18,93877
NC-103775,2013-10-08,P02,T05,Baja,Autocontrol,Cerrada,2013-10-13,5,R17,345431
NC-102639,2013-10-08,P04,T05,Media,Autocontrol,Cerrada,2013-10-21,13,R21,161176
NC-105998,2013-10-10,P07,T03,Media,Queja de Cliente,Cerrada,2013-10-30,20,R19,274847
NC-101312,2013-10-14,P07,T03,Baja,Queja de Cliente,En Tratamiento,,,R11,131515
NC-102423,2013-10-15,P05,T02,Alta,Queja de Cliente,Cerrada,2013-10-20,5,R09,195725
NC-101775,2013-10-18,P07,T04,Crítica,Queja de Cliente,Cerrada,2013-10-30,12,R08,1959253
NC-101995,2013-10-19,P07,T02,Alta,Auditoría Externa,Cerrada,2013-10-29,10,R20,539415
NC-102464,2013-10-20,P03,T01,Media,Autocontrol,En Tratamiento,,,R16,474330
NC-100198,2013-10-22,P05,T01,Baja,Inspección de Calidad,Cerrada,2013-12-05,44,R11,47999
NC-100791,2013-10-22,P06,T06,Baja,Inspección de Calidad,En Tratamiento,,,R17,80927
NC-100130,2013-10-23,P01,T04,Baja,Auditoría Interna,Cerrada,2013-11-02,10,R11,284426
NC-101126,2013-10-26,P02,T01,Media,Auditoría Interna,Cerrada,2013-11-04,9,R16,486562
NC-101908,2013-10-26,P02,T03,Alta,Inspección de Calidad,En Tratamiento,,,R14,874504
NC-103134,2013-10-26,P03,T05,Baja,Inspección de Calidad,Cerrada,2013-11-07,12,R09,166240
NC-100988,2013-10-28,P08,T01,Media,Autocontrol,Cerrada,2013-11-09,12,R08,257791
NC-105785,2013-10-29,P04,T01,Crítica,Inspección de Calidad,Cerrada,2013-11-17,19,R17,454869
NC-105225,2013-10-30,P04,T03,Alta,Auditoría Externa,Cerrada,2013-11-11,12,R18,112835
NC-102441,2013-10-31,P01,T03,Baja,Autocontrol,Cerrada,2013-11-06,6,R16,243572
NC-102607,2013-11-04,P04,T03,Crítica,Autocontrol,Cerrada,2013-11-13,9,R11,1544730
NC-106003,2013-11-05,P06,T06,Alta,Auditoría Interna,Cerrada,2013-11-15,10,R21,647576
NC-101802,2013-11-05,P01,T06,Crítica,Inspección de Calidad,Cerrada,2013-11-25,20,R18,627664
NC-100081,2013-11-06,P08,T06,Alta,Autocontrol,Abierta,,,R21,1925668
NC-100244,2013-11-08,P03,T02,Crítica,Inspección de Calidad,Cerrada,2013-11-21,13,R16,1596571
NC-100961,2013-11-09,P03,T02,Alta,Autocontrol,Abierta,,,R08,615782
NC-105401,2013-11-09,P06,T03,Media,Inspección de Calidad,Cerrada,2013-11-17,8,R09,700187
NC-104098,2013-11-09,P04,T01,Baja,Auditoría Interna,Cerrada,2013-11-13,4,R11,103681
NC-103927,2013-11-10,P08,T02,Media,Inspección de Calidad,Cerrada,2013-11-15,5,R21,2113041
NC-101033,2013-11-11,P02,T04,Alta,Auditoría Interna,Cerrada,2013-11-15,4,R19,1069809
NC-104644,2013-11-11,P03,T06,Media,Queja de Cliente,Cerrada,2013-11-24,13,R14,753930
NC-101688,2013-11-11,P04,T06,Media,Autocontrol,En Tratamiento,,,R18,246451
NC-102786,2013-11-12,P03,T06,Media,Auditoría Interna,Cerrada,2013-11-27,15,R01,1030926
NC-100409,2013-11-13,P03,T02,Baja,Auditoría Interna,Cerrada,2013-11-26,13,R11,344669
NC-105966,2013-11-14,P04,T05,Alta,Inspección de Calidad,En Tratamiento,,,R21,521332
NC-104087,2013-11-14,P01,T01,Alta,Queja de Cliente,Cerrada,2013-11-24,10,R16,1137755
NC-104522,2013-11-14,P02,T04,Baja,Auditoría Externa,Cerrada,2013-11-30,16,R16,191722
NC-101117,2013-11-15,P01,T04,Crítica,Inspección de Calidad,Cerrada,2013-11-24,9,R11,224498
NC-105661,2013-11-16,P02,T03,Baja,Auditoría Interna,Cerrada,2013-11-24,8,R08,58450
NC-104681,2013-11-18,P08,T06,Media,Auditoría Externa,Cerrada,2013-11-27,9,R14,478963
NC-102358,2013-11-20,P03,T02,Media,Inspección de Calidad,Cerrada,2013-11-30,10,R08,321225
NC-103489,2013-11-20,P07,T06,Media,Auditoría Externa,Cerrada,2013-12-01,11,R14,925916
NC-105354,2013-11-22,P04,T01,Media,Auditoría Interna,Cerrada,2013-12-06,14,R16,914661
NC-101762,2013-11-23,P01,T06,Baja,Auditoría Interna,Cerrada,2013-12-05,12,R16,200832
NC-101787,2013-11-23,P08,T06,Baja,Autocontrol,Cerrada,2013-12-10,17,R17,111002
NC-105979,2013-11-23,P06,T05,Media,Inspección de Calidad,Cerrada,2013-12-03,10,R21,501870
NC-101456,2013-11-23,P01,T04,Media,Auditoría Interna,Cerrada,2013-11-29,6,R01,556407
NC-100816,2013-11-25,P01,T03,Media,Autocontrol,Cerrada,2013-12-11,16,R21,726929
NC-104490,2013-11-25,P05,T04,Baja,Auditoría Externa,Cerrada,2013-12-06,11,R01,292445
NC-100315,2013-11-26,P03,T01,Media,Auditoría Externa,Cerrada,2013-11-28,2,R18,264288
NC-101913,2013-11-29,P04,T06,Media,Queja de Cliente,Cerrada,2013-12-08,9,R19,829774
NC-105967,2013-12-01,P06,T02,Media,Queja de Cliente,Cerrada,2013-12-10,9,R20,869498
NC-105828,2013-12-01,P07,T02,Alta,Autocontrol,Cerrada,2013-12-05,4,R09,1333398
NC-102179,2013-12-03,P01,T02,Media,Queja de Cliente,Cerrada,2013-12-09,6,R17,1149121
NC-102645,2013-12-06,P07,T06,Media,Autocontrol,Cerrada,2013-12-24,18,R13,925710
NC-100028,2013-12-06,P05,T04,Media,Queja de Cliente,En Tratamiento,,,R16,94330
NC-103045,2013-12-07,P05,T01,Media,Inspección de Calidad,Abierta,,,R01,936164
NC-101945,2013-12-07,P03,T05,Baja,Inspección de Calidad,En Tratamiento,,,R01,177302
NC-105806,2013-12-07,P08,T01,Media,Auditoría Interna,En Tratamiento,,,R20,479655
NC-101915,2013-12-10,P08,T01,Baja,Autocontrol,Cerrada,2013-12-19,9,R14,87294
NC-101127,2013-12-12,P08,T04,Media,Auditoría Externa,Cerrada,2013-12-16,4,R17,580140
NC-104053,2013-12-14,P03,T01,Baja,Queja de Cliente,Cerrada,2013-12-29,15,R16,306809
NC-103842,2013-12-14,P06,T02,Crítica,Inspección de Calidad,Cerrada,2013-12-31,17,R16,1221926
NC-101969,2013-12-17,P07,T06,Media,Queja de Cliente,Cerrada,2014-01-01,15,R20,1298724
NC-103513,2013-12-17,P06,T06,Media,Queja de Cliente,Cerrada,2013-12-19,2,R01,425601
NC-104132,2013-12-18,P04,T05,Crítica,Inspección de Calidad,Cerrada,2014-01-01,14,R19,867835
NC-104550,2013-12-19,P02,T02,Alta,Inspección de Calidad,Cerrada,2013-12-22,3,R17,932007
NC-103892,2013-12-20,P04,T06,Baja,Autocontrol,Cerrada,2013-12-31,11,R18,109190
NC-100325,2013-12-20,P05,T01,Alta,Queja de Cliente,Cerrada,2014-01-02,13,R11,581625
NC-102883,2013-12-21,P04,T02,Alta,Queja de Cliente,Cerrada,2014-01-07,17,R09,1206594
NC-104921,2013-12-24,P04,T06,Baja,Inspección de Calidad,Cerrada,2014-01-06,13,R17,412359
NC-103402,2013-12-24,P05,T04,Crítica,Auditoría Externa,Cerrada,2014-01-04,11,R09,722570
NC-101654,2013-12-24,P07,T03,Alta,Auditoría Externa,Cerrada,2014-01-03,10,R20,1014787
NC-105064,2013-12-27,P04,T01,Alta,Autocontrol,Cerrada,2014-01-25,29,R13,303918
NC-100812,2013-12-28,P08,T01,Crítica,Inspección de Calidad,Abierta,,,R09,1296131
NC-104106,2013-12-29,P07,T06,Alta,Queja de Cliente,Cerrada,2014-01-09,11,R08,395314
NC-103606,2014-01-03,P02,T02,Crítica,Autocontrol,Cerrada,2014-01-17,14,R13,1052786
NC-101336,2014-01-04,P05,T01,Crítica,Autocontrol,Cerrada,2014-01-17,13,R19,663947
NC-101021,2014-01-06,P08,T01,Media,Auditoría Externa,Cerrada,2014-01-18,12,R01,114136
NC-100497,2014-01-08,P05,T06,Media,Inspección de Calidad,Abierta,,,R13,484138
NC-100098,2014-01-09,P03,T03,Crítica,Autocontrol,Abierta,,,R18,1090763
NC-105153,2014-01-09,P07,T04,Baja,Auditoría Interna,Cerrada,2014-01-15,6,R13,156522
NC-104998,2014-01-10,P01,T06,Media,Auditoría Interna,En Tratamiento,,,R18,352214
NC-101119,2014-01-12,P03,T01,Media,Queja de Cliente,Cerrada,2014-01-25,13,R17,838383
NC-104617,2014-01-13,P01,T05,Media,Inspección de Calidad,Cerrada,2014-01-21,8,R09,177266
NC-100847,2014-01-13,P07,T01,Media,Auditoría Interna,Cerrada,2014-01-16,3,R16,295549
NC-102270,2014-01-13,P02,T04,Baja,Autocontrol,Cerrada,2014-02-03,21,R18,133000
NC-102568,2014-01-16,P05,T02,Media,Queja de Cliente,Cerrada,2014-01-19,3,R13,301002
NC-106107,2014-01-16,P04,T04,Baja,Queja de Cliente,Abierta,,,R01,263560
NC-103111,2014-01-18,P04,T01,Media,Autocontrol,En Tratamiento,,,R16,103130
NC-102215,2014-01-27,P02,T06,Baja,Autocontrol,En Tratamiento,,,R14,539491
NC-103815,2014-01-28,P01,T03,Alta,Autocontrol,Cerrada,2014-02-18,21,R17,1207356
NC-105845,2014-01-31,P05,T06,Alta,Queja de Cliente,Cerrada,2014-02-18,18,R20,870931
NC-103515,2014-02-02,P02,T06,Media,Inspección de Calidad,Cerrada,2014-02-06,4,R21,302928
NC-102297,2014-02-05,P02,T02,Alta,Auditoría Interna,Cerrada,2014-02-14,9,R17,237331
NC-104169,2014-02-06,P08,T06,Baja,Queja de Cliente,Cerrada,2014-02-26,20,R11,95847
NC-101573,2014-02-06,P03,T01,Baja,Auditoría Externa,Cerrada,2014-02-11,5,R17,152381
NC-105487,2014-02-08,P06,T01,Alta,Auditoría Externa,Cerrada,2014-03-06,26,R20,378796
NC-102296,2014-02-08,P03,T04,Media,Auditoría Interna,Cerrada,2014-02-14,6,R01,777976
NC-105426,2014-02-08,P06,T02,Alta,Auditoría Externa,Abierta,,,R16,1871603
NC-102841,2014-02-11,P03,T06,Media,Inspección de Calidad,Cerrada,2014-02-19,8,R21,283923
NC-102554,2014-02-11,P02,T02,Media,Inspección de Calidad,Cerrada,2014-02-27,16,R20,625966
NC-101236,2014-02-13,P05,T01,Alta,Autocontrol,Cerrada,2014-02-18,5,R14,505651
NC-104081,2014-02-14,P05,T05,Alta,Auditoría Interna,En Tratamiento,,,R18,539515
NC-104604,2014-02-14,P06,T05,Media,Auditoría Interna,En Tratamiento,,,R11,20306
NC-101244,2014-02-17,P03,T01,Baja,Inspección de Calidad,Cerrada,2014-02-28,11,R17,402168
NC-105885,2014-02-18,P07,T05,Baja,Auditoría Interna,En Tratamiento,,,R18,150985
NC-101982,2014-02-19,P07,T05,Alta,Queja de Cliente,Cerrada,2014-03-16,25,R17,3286290
NC-103556,2014-02-20,P04,T04,Media,Auditoría Externa,En Tratamiento,,,R19,153644
NC-104553,2014-02-21,P01,T04,Media,Inspección de Calidad,Cerrada,2014-02-25,4,R17,310460
NC-104518,2014-02-24,P08,T04,Alta,Autocontrol,En Tratamiento,,,R11,765047
NC-102896,2014-02-25,P02,T01,Crítica,Autocontrol,Cerrada,2014-03-17,20,R13,387341
NC-100365,2014-02-25,P01,T04,Media,Auditoría Interna,Cerrada,2014-03-17,20,R11,370023
NC-105895,2014-02-26,P06,T02,Media,Autocontrol,Cerrada,2014-03-04,6,R17,167742
NC-103609,2014-02-27,P07,T02,Alta,Auditoría Externa,Abierta,,,R09,579412
NC-105142,2014-02-28,P07,T03,Baja,Inspección de Calidad,Cerrada,2014-03-16,16,R01,90535
NC-103216,2014-03-02,P07,T01,Alta,Auditoría Interna,Cerrada,2014-03-11,9,R18,903749
NC-100040,2014-03-03,P01,T01,Baja,Auditoría Interna,Cerrada,2014-03-21,18,R08,300742
NC-106119,2014-03-04,P02,T03,Baja,Autocontrol,Cerrada,2014-03-05,1,R16,86184
NC-103052,2014-03-08,P01,T01,Baja,Autocontrol,Abierta,,,R09,72874
NC-105787,2014-03-10,P04,T04,Alta,Inspección de Calidad,Cerrada,2014-03-20,10,R16,893162
NC-101226,2014-03-10,P07,T06,Baja,Inspección de Calidad,Cerrada,2014-03-23,13,R09,228792
NC-102299,2014-03-12,P03,T01,Baja,Auditoría Interna,Cerrada,2014-03-22,10,R11,243494
NC-101523,2014-03-14,P03,T03,Media,Autocontrol,Cerrada,2014-03-27,13,R09,692543
NC-102746,2014-03-14,P08,T01,Alta,Auditoría Interna,Cerrada,2014-03-25,11,R19,897814
NC-105837,2014-03-17,P08,T04,Alta,Inspección de Calidad,En Tratamiento,,,R01,204011
NC-102793,2014-03-18,P06,T03,Crítica,Auditoría Externa,Cerrada,2014-04-12,25,R14,881972
NC-103145,2014-03-18,P07,T02,Alta,Queja de Cliente,Cerrada,2014-03-31,13,R09,259586
NC-105001,2014-03-19,P07,T02,Media,Queja de Cliente,Cerrada,2014-04-01,13,R08,416780
NC-100043,2014-03-19,P02,T06,Media,Auditoría Externa,Cerrada,2014-04-15,27,R13,1302309
NC-101455,2014-03-20,P01,T04,Media,Auditoría Interna,Abierta,,,R16,50631
NC-102935,2014-03-22,P01,T06,Baja,Auditoría Interna,Cerrada,2014-04-11,20,R09,181170
NC-105382,2014-03-23,P07,T03,Media,Auditoría Externa,Cerrada,2014-04-04,12,R09,276312
NC-102236,2014-03-23,P06,T02,Baja,Inspección de Calidad,Cerrada,2014-04-02,10,R08,182472
NC-106039,2014-03-24,P07,T01,Crítica,Inspección de Calidad,Abierta,,,R13,699229
NC-106193,2014-03-28,P06,T02,Media,Auditoría Interna,Cerrada,2014-04-06,9,R13,880736
NC-102614,2014-03-28,P02,T02,Baja,Auditoría Externa,Cerrada,2014-04-14,17,R01,229849
NC-102682,2014-03-30,P03,T01,Baja,Auditoría Externa,Abierta,,,R01,222386
NC-106012,2014-03-31,P03,T06,Alta,Auditoría Externa,Cerrada,2014-05-02,32,R13,773319
NC-105610,2014-03-31,P05,T01,Media,Queja de Cliente,Cerrada,2014-04-13,13,R13,501075
NC-102359,2014-03-31,P02,T06,Alta,Queja de Cliente,Cerrada,2014-04-07,7,R18,607564
NC-100558,2014-04-01,P01,T06,Baja,Inspección de Calidad,Cerrada,2014-04-04,3,R14,360022
NC-102714,2014-04-03,P07,T01,Crítica,Auditoría Interna,En Tratamiento,,,R14,887509
NC-100493,2014-04-04,P04,T06,Alta,Auditoría Externa,Cerrada,2014-04-12,8,R13,1163697
NC-101062,2014-04-06,P06,T06,Alta,Autocontrol,Cerrada,2014-04-09,3,R17,1004048
NC-105390,2014-04-06,P02,T04,Baja,Autocontrol,Cerrada,2014-04-24,18,R18,119534
NC-104061,2014-04-08,P04,T06,Alta,Autocontrol,Cerrada,2014-04-19,11,R17,1080783
NC-102596,2014-04-09,P06,T03,Baja,Auditoría Interna,Cerrada,2014-04-23,14,R18,306720
NC-105097,2014-04-12,P08,T03,Media,Autocontrol,Cerrada,2014-04-21,9,R16,480714
NC-101549,2014-04-13,P07,T01,Baja,Autocontrol,Cerrada,2014-04-25,12,R17,35554
NC-102451,2014-04-16,P03,T01,Baja,Auditoría Interna,Cerrada,2014-04-23,7,R08,63986
NC-102524,2014-04-18,P08,T05,Alta,Auditoría Interna,Cerrada,2014-04-24,6,R09,1238947
NC-101922,2014-04-19,P04,T03,Media,Auditoría Externa,Cerrada,2014-04-27,8,R09,268403
NC-105808,2014-04-20,P02,T02,Crítica,Queja de Cliente,Cerrada,2014-05-11,21,R21,2347111
NC-101286,2014-04-21,P02,T04,Crítica,Auditoría Interna,Cerrada,2014-04-27,6,R01,2071862
NC-103298,2014-04-21,P05,T01,Alta,Queja de Cliente,Cerrada,2014-04-25,4,R08,235704
NC-103544,2014-04-23,P02,T03,Media,Auditoría Interna,En Tratamiento,,,R16,951370
NC-101993,2014-04-23,P01,T05,Alta,Queja de Cliente,Cerrada,2014-04-29,6,R17,1510568
NC-105517,2014-04-24,P06,T02,Baja,Inspección de Calidad,Cerrada,2014-05-03,9,R08,34046
NC-102843,2014-04-25,P07,T01,Baja,Inspección de Calidad,Cerrada,2014-05-04,9,R17,270264
NC-100382,2014-04-25,P06,T04,Media,Auditoría Externa,Cerrada,2014-05-06,11,R01,1172424
NC-102759,2014-04-26,P05,T04,Alta,Inspección de Calidad,Cerrada,2014-05-15,19,R18,322647
NC-103466,2014-04-26,P05,T05,Alta,Inspección de Calidad,Cerrada,2014-04-29,3,R11,245222
NC-100756,2014-04-29,P08,T02,Baja,Inspección de Calidad,Cerrada,2014-05-11,12,R09,200249
NC-102959,2014-05-01,P05,T02,Baja,Queja de Cliente,Cerrada,2014-05-23,22,R18,237161
NC-106013,2014-05-02,P08,T06,Alta,Autocontrol,Cerrada,2014-05-19,17,R14,140576
NC-101199,2014-05-02,P05,T05,Alta,Autocontrol,Cerrada,2014-05-12,10,R01,137196
NC-101282,2014-05-03,P05,T04,Media,Auditoría Externa,Cerrada,2014-05-16,13,R13,110059
NC-100986,2014-05-03,P07,T04,Media,Queja de Cliente,Cerrada,2014-05-17,14,R20,921081
NC-100257,2014-05-05,P01,T06,Baja,Inspección de Calidad,En Tratamiento,,,R13,47194
NC-102334,2014-05-05,P02,T05,Media,Auditoría Interna,Cerrada,2014-05-10,5,R16,954998
NC-102481,2014-05-05,P04,T02,Baja,Auditoría Interna,Cerrada,2014-05-07,2,R14,105573
NC-104444,2014-05-06,P07,T03,Media,Queja de Cliente,Abierta,,,R20,50065
NC-105353,2014-05-09,P04,T04,Media,Auditoría Interna,En Tratamiento,,,R17,1406291
NC-105740,2014-05-11,P08,T01,Media,Inspección de Calidad,En Tratamiento,,,R21,805407
NC-104582,2014-05-11,P05,T05,Alta,Auditoría Interna,Cerrada,2014-05-21,10,R13,1789643
NC-104804,2014-05-11,P02,T03,Media,Auditoría Interna,Cerrada,2014-05-19,8,R08,956553
NC-104505,2014-05-12,P08,T05,Baja,Autocontrol,En Tratamiento,,,R13,98131
NC-103268,2014-05-12,P04,T03,Alta,Auditoría Interna,Cerrada,2014-06-01,20,R18,957241
NC-102139,2014-05-12,P02,T01,Crítica,Autocontrol,Cerrada,2014-05-15,3,R16,1544844
NC-104943,2014-05-15,P03,T05,Media,Auditoría Interna,Cerrada,2014-05-20,5,R19,428922
NC-101235,2014-05-16,P07,T06,Alta,Inspección de Calidad,Cerrada,2014-06-05,20,R18,1089603
NC-105525,2014-05-16,P06,T06,Media,Auditoría Interna,Cerrada,2014-05-21,5,R11,954017
NC-102640,2014-05-17,P06,T06,Media,Autocontrol,Cerrada,2014-06-03,17,R19,75703
NC-103201,2014-05-18,P01,T02,Media,Inspección de Calidad,Cerrada,2014-05-27,9,R18,306453
NC-102586,2014-05-19,P04,T04,Baja,Queja de Cliente,Cerrada,2014-06-09,21,R13,93681
NC-103349,2014-05-19,P03,T05,Media,Auditoría Interna,Cerrada,2014-05-30,11,R16,1282154
NC-101041,2014-05-20,P04,T02,Alta,Inspección de Calidad,Cerrada,2014-06-01,12,R09,672661
NC-103196,2014-05-21,P06,T01,Alta,Auditoría Interna,Cerrada,2014-06-11,21,R21,112746
NC-101867,2014-05-21,P08,T01,Media,Inspección de Calidad,Cerrada,2014-05-27,6,R01,721503
NC-100996,2014-05-23,P04,T06,Baja,Auditoría Interna,Cerrada,2014-06-08,16,R21,145710
NC-100755,2014-05-25,P04,T02,Alta,Inspección de Calidad,Cerrada,2014-06-11,17,R08,767970
NC-102808,2014-05-25,P06,T04,Media,Inspección de Calidad,Cerrada,2014-06-04,10,R01,375249
NC-105222,2014-05-26,P06,T03,Media,Autocontrol,Cerrada,2014-06-01,6,R01,490866
NC-103368,2014-05-28,P05,T01,Baja,Inspección de Calidad,En Tratamiento,,,R20,273001
NC-103969,2014-05-29,P05,T01,Baja,Inspección de Calidad,Cerrada,2014-06-08,10,R09,94042
NC-105013,2014-05-29,P01,T04,Alta,Inspección de Calidad,Cerrada,2014-06-15,17,R13,267268
NC-102311,2014-06-01,P03,T04,Baja,Inspección de Calidad,Cerrada,2014-06-11,10,R09,237230
NC-100066,2014-06-02,P03,T06,Media,Inspección de Calidad,Cerrada,2014-06-09,7,R18,226250
NC-105854,2014-06-03,P08,T03,Media,Auditoría Externa,En Tratamiento,,,R18,258468
NC-106033,2014-06-05,P08,T06,Baja,Autocontrol,Cerrada,2014-06-08,3,R14,375718
NC-100064,2014-06-05,P05,T03,Media,Inspección de Calidad,Cerrada,2014-06-07,2,R16,640553
NC-103425,2014-06-06,P06,T05,Baja,Inspección de Calidad,Cerrada,2014-06-19,13,R08,116277
NC-106014,2014-06-07,P03,T06,Alta,Queja de Cliente,Cerrada,2014-06-15,8,R16,1080780
NC-104443,2014-06-07,P04,T06,Alta,Autocontrol,Cerrada,2014-06-20,13,R20,949235
NC-101345,2014-06-11,P04,T06,Alta,Auditoría Interna,Cerrada,2014-07-02,21,R17,693506
NC-101401,2014-06-12,P04,T06,Media,Inspección de Calidad,Cerrada,2014-07-11,29,R13,322720
NC-105614,2014-06-12,P07,T06,Media,Queja de Cliente,Cerrada,2014-07-02,20,R14,300571
NC-105683,2014-06-15,P02,T06,Baja,Queja de Cliente,Cerrada,2014-06-23,8,R14,232817
NC-104523,2014-06-16,P07,T02,Baja,Auditoría Externa,Cerrada,2014-06-23,7,R11,51468
NC-102252,2014-06-17,P05,T04,Media,Auditoría Interna,Cerrada,2014-06-19,2,R13,982017
NC-105946,2014-06-18,P01,T06,Media,Autocontrol,Cerrada,2014-06-28,10,R18,422621
NC-105274,2014-06-19,P01,T06,Baja,Inspección de Calidad,Abierta,,,R21,281012
NC-103991,2014-06-19,P04,T06,Baja,Inspección de Calidad,Cerrada,2014-06-24,5,R17,94219
NC-104892,2014-06-23,P01,T03,Baja,Auditoría Interna,Cerrada,2014-06-29,6,R21,181201
NC-101546,2014-06-23,P06,T03,Baja,Inspección de Calidad,Cerrada,2014-07-04,11,R01,89105
NC-101348,2014-06-24,P03,T05,Alta,Inspección de Calidad,En Tratamiento,,,R01,517646
NC-106178,2014-06-24,P02,T01,Alta,Autocontrol,Abierta,,,R20,648801
NC-103409,2014-06-27,P05,T01,Alta,Inspección de Calidad,Cerrada,2014-07-09,12,R21,346533
NC-102531,2014-06-28,P06,T06,Baja,Auditoría Interna,En Tratamiento,,,R08,146181
NC-101086,2014-06-28,P07,T03,Alta,Auditoría Externa,Cerrada,2014-07-12,14,R13,1184415
NC-103966,2014-06-29,P05,T06,Media,Inspección de Calidad,Abierta,,,R19,194900
NC-104004,2014-06-29,P07,T03,Media,Auditoría Externa,Cerrada,2014-07-08,9,R16,531865
NC-100068,2014-07-01,P06,T01,Media,Autocontrol,Cerrada,2014-07-11,10,R09,2035973
NC-104940,2014-07-03,P04,T03,Baja,Auditoría Externa,Cerrada,2014-07-09,6,R16,12738
NC-103470,2014-07-03,P08,T05,Baja,Auditoría Interna,Cerrada,2014-07-13,10,R13,239062
NC-103882,2014-07-05,P08,T06,Alta,Autocontrol,Cerrada,2014-07-14,9,R11,878072
NC-104673,2014-07-06,P04,T01,Baja,Inspección de Calidad,Cerrada,2014-07-19,13,R01,53410
NC-104100,2014-07-06,P02,T06,Alta,Auditoría Externa,Cerrada,2014-07-14,8,R19,554380
NC-100489,2014-07-06,P07,T01,Baja,Queja de Cliente,Cerrada,2014-07-23,17,R14,217822
NC-103895,2014-07-08,P01,T01,Media,Autocontrol,Cerrada,2014-08-04,27,R13,128282
NC-105272,2014-07-10,P07,T05,Alta,Auditoría Externa,Cerrada,2014-07-24,14,R01,691242
NC-104006,2014-07-10,P05,T02,Media,Autocontrol,Cerrada,2014-07-17,7,R09,341951
NC-102546,2014-07-10,P05,T02,Baja,Queja de Cliente,Cerrada,2014-07-29,19,R17,498728
NC-104049,2014-07-13,P02,T02,Alta,Autocontrol,Cerrada,2014-07-27,14,R17,307164
NC-104071,2014-07-14,P04,T01,Alta,Queja de Cliente,En Tratamiento,,,R19,287453
NC-101822,2014-07-15,P05,T04,Alta,Auditoría Interna,Cerrada,2014-07-29,14,R01,900579
NC-103001,2014-07-17,P07,T04,Baja,Queja de Cliente,Cerrada,2014-07-30,13,R19,336955
NC-104104,2014-07-18,P04,T04,Alta,Queja de Cliente,Cerrada,2014-07-22,4,R20,1677873
NC-100114,2014-07-19,P08,T03,Alta,Auditoría Externa,Abierta,,,R20,377047
NC-100616,2014-07-21,P08,T06,Alta,Queja de Cliente,Abierta,,,R13,968290
NC-102319,2014-07-22,P07,T04,Baja,Inspección de Calidad,Cerrada,2014-07-28,6,R21,262132
NC-102314,2014-07-22,P01,T05,Baja,Auditoría Interna,Cerrada,2014-08-03,12,R20,45278
NC-100289,2014-07-22,P06,T01,Media,Autocontrol,Cerrada,2014-07-26,4,R01,825944
NC-103110,2014-07-24,P03,T02,Baja,Auditoría Externa,Cerrada,2014-08-07,14,R18,117507
NC-100945,2014-07-25,P03,T05,Crítica,Inspección de Calidad,Abierta,,,R20,3506440
NC-100742,2014-07-26,P01,T02,Alta,Auditoría Externa,Cerrada,2014-08-08,13,R17,368040
NC-102374,2014-07-27,P03,T01,Alta,Queja de Cliente,En Tratamiento,,,R09,259334
NC-102471,2014-07-28,P02,T02,Media,Auditoría Interna,Cerrada,2014-08-16,19,R21,55011
NC-106004,2014-07-30,P01,T05,Crítica,Auditoría Externa,Cerrada,2014-08-13,14,R20,262442
NC-103296,2014-07-31,P07,T01,Baja,Auditoría Interna,Cerrada,2014-08-23,23,R21,74899
NC-100116,2014-08-01,P02,T03,Alta,Auditoría Interna,Cerrada,2014-08-11,10,R09,468276
NC-104685,2014-08-01,P01,T03,Media,Auditoría Externa,Cerrada,2014-08-05,4,R21,679538
NC-104483,2014-08-04,P05,T03,Media,Auditoría Externa,Cerrada,2014-08-10,6,R23,480948
NC-103114,2014-08-06,P01,T01,Media,Auditoría Interna,Cerrada,2014-08-10,4,R17,856587
NC-100886,2014-08-06,P01,T03,Alta,Autocontrol,Cerrada,2014-08-10,4,R20,866313
NC-102846,2014-08-07,P08,T02,Media,Auditoría Externa,Cerrada,2014-08-16,9,R08,1945872
NC-100737,2014-08-07,P04,T02,Baja,Queja de Cliente,Cerrada,2014-08-19,12,R19,198617
NC-105496,2014-08-08,P06,T04,Media,Auditoría Externa,Cerrada,2014-08-19,11,R08,673136
NC-102192,2014-08-08,P06,T01,Alta,Inspección de Calidad,Cerrada,2014-08-26,18,R21,65934
NC-105921,2014-08-10,P05,T05,Alta,Queja de Cliente,Cerrada,2014-08-21,11,R16,421526
NC-105372,2014-08-10,P05,T06,Alta,Autocontrol,Cerrada,2014-08-14,4,R08,566776
NC-101213,2014-08-10,P03,T04,Alta,Queja de Cliente,Cerrada,2014-08-12,2,R16,554677
NC-102066,2014-08-11,P02,T04,Media,Auditoría Interna,Cerrada,2014-08-14,3,R20,729038
NC-101904,2014-08-12,P05,T04,Media,Autocontrol,Cerrada,2014-08-31,19,R11,594046
NC-100421,2014-08-12,P08,T03,Alta,Auditoría Externa,Cerrada,2014-08-20,8,R21,451120
NC-101527,2014-08-13,P04,T04,Crítica,Auditoría Externa,Cerrada,2014-08-30,17,R11,2502456
NC-103716,2014-08-14,P03,T05,Baja,Autocontrol,Cerrada,2014-08-19,5,R11,132437
NC-104321,2014-08-14,P02,T04,Baja,Auditoría Externa,Cerrada,2014-08-30,16,R09,136862
NC-103742,2014-08-16,P04,T01,Baja,Auditoría Interna,Cerrada,2014-09-06,21,R21,143065
NC-102739,2014-08-18,P06,T01,Alta,Queja de Cliente,Cerrada,2014-08-24,6,R17,935273
NC-105125,2014-08-20,P06,T05,Media,Queja de Cliente,En Tratamiento,,,R14,615589
NC-102756,2014-08-20,P07,T03,Media,Autocontrol,En Tratamiento,,,R23,410457
NC-103486,2014-08-20,P07,T05,Baja,Autocontrol,Cerrada,2014-08-21,1,R21,134292
NC-100785,2014-08-22,P02,T05,Baja,Queja de Cliente,Cerrada,2014-09-03,12,R18,11143
NC-101488,2014-08-23,P05,T01,Media,Autocontrol,Cerrada,2014-09-03,11,R13,272543
NC-105058,2014-08-24,P03,T04,Alta,Auditoría Externa,En Tratamiento,,,R20,487963
NC-105182,2014-08-25,P07,T02,Media,Queja de Cliente,Cerrada,2014-08-30,5,R11,314074
NC-101254,2014-08-26,P02,T01,Crítica,Inspección de Calidad,Cerrada,2014-10-03,38,R19,696653
NC-105832,2014-08-27,P02,T05,Media,Auditoría Interna,Cerrada,2014-09-07,11,R13,39440
NC-102884,2014-08-27,P06,T06,Media,Queja de Cliente,Cerrada,2014-09-01,5,R18,338484
NC-101715,2014-08-29,P04,T06,Alta,Queja de Cliente,Cerrada,2014-09-04,6,R11,1779443
NC-102690,2014-08-29,P05,T05,Alta,Auditoría Interna,Cerrada,2014-09-09,11,R16,1026881
NC-103097,2014-08-29,P01,T01,Baja,Autocontrol,Cerrada,2014-09-21,23,R01,214921
NC-101309,2014-09-02,P08,T03,Baja,Auditoría Externa,Cerrada,2014-09-25,23,R01,162789
NC-102107,2014-09-02,P04,T04,Baja,Autocontrol,Cerrada,2014-09-05,3,R14,240394
NC-105147,2014-09-03,P02,T01,Alta,Queja de Cliente,Cerrada,2014-09-13,10,R09,869720
NC-100829,2014-09-03,P04,T02,Baja,Inspección de Calidad,Cerrada,2014-09-10,7,R11,181646
NC-100333,2014-09-06,P03,T01,Media,Queja de Cliente,Cerrada,2014-09-10,4,R16,98859
NC-104032,2014-09-07,P07,T05,Media,Autocontrol,En Tratamiento,,,R09,760354
NC-102175,2014-09-07,P07,T01,Media,Inspección de Calidad,Cerrada,2014-09-16,9,R09,423907
NC-103306,2014-09-08,P01,T05,Media,Queja de Cliente,Cerrada,2014-09-17,9,R13,729607
NC-102219,2014-09-09,P08,T01,Media,Auditoría Interna,Abierta,,,R09,79162
NC-101713,2014-09-10,P08,T02,Baja,Auditoría Interna,Abierta,,,R11,91722
NC-103378,2014-09-12,P08,T02,Media,Autocontrol,Cerrada,2014-09-27,15,R11,1261327
NC-104751,2014-09-13,P02,T05,Alta,Autocontrol,Cerrada,2014-09-16,3,R16,373380
NC-102461,2014-09-14,P06,T04,Media,Inspección de Calidad,Cerrada,2014-09-23,9,R16,211710
NC-105003,2014-09-14,P08,T06,Baja,Autocontrol,En Tratamiento,,,R17,120823
NC-104328,2014-09-14,P03,T01,Crítica,Inspección de Calidad,Cerrada,2014-09-27,13,R19,327070
NC-102011,2014-09-15,P07,T03,Crítica,Auditoría Interna,Abierta,,,R19,32483
NC-103093,2014-09-15,P01,T05,Media,Queja de Cliente,Cerrada,2014-09-17,2,R16,478092
NC-102558,2014-09-16,P05,T01,Media,Auditoría Interna,Cerrada,2014-10-01,15,R11,667446
NC-105665,2014-09-17,P08,T01,Media,Inspección de Calidad,Cerrada,2014-09-23,6,R16,568413
NC-101860,2014-09-17,P02,T06,Baja,Auditoría Externa,Abierta,,,R13,495690
NC-105662,2014-09-18,P03,T04,Media,Autocontrol,Cerrada,2014-09-27,9,R01,214840
NC-104421,2014-09-18,P04,T06,Media,Auditoría Interna,Cerrada,2014-09-21,3,R23,751353
NC-103386,2014-09-19,P05,T01,Media,Auditoría Interna,Cerrada,2014-09-27,8,R11,555305
NC-100329,2014-09-20,P07,T05,Media,Auditoría Externa,Cerrada,2014-09-26,6,R09,215073
NC-102980,2014-09-21,P05,T04,Baja,Inspección de Calidad,Cerrada,2014-09-28,7,R11,454316
NC-100175,2014-09-21,P02,T02,Media,Autocontrol,Cerrada,2014-10-05,14,R14,1275037
NC-104028,2014-09-22,P07,T03,Media,Auditoría Externa,Cerrada,2014-10-13,21,R17,813526
NC-102826,2014-09-23,P02,T04,Media,Queja de Cliente,Cerrada,2014-09-27,4,R23,1193066
NC-103211,2014-09-24,P06,T05,Media,Inspección de Calidad,Cerrada,2014-09-28,4,R01,934955
NC-103739,2014-09-24,P08,T06,Media,Queja de Cliente,Cerrada,2014-10-07,13,R20,484748
NC-104575,2014-09-25,P04,T04,Media,Auditoría Interna,Cerrada,2014-10-01,6,R09,367363
NC-105216,2014-09-27,P01,T04,Media,Auditoría Interna,Cerrada,2014-10-02,5,R08,890538
NC-105410,2014-09-27,P03,T03,Media,Inspección de Calidad,Cerrada,2014-10-05,8,R08,288860
NC-102229,2014-09-28,P07,T04,Media,Autocontrol,Cerrada,2014-10-07,9,R11,106495
NC-101051,2014-09-28,P05,T02,Alta,Auditoría Interna,Cerrada,2014-10-20,22,R23,1285891
NC-101733,2014-09-30,P06,T02,Media,Autocontrol,Cerrada,2014-10-11,11,R14,185343
NC-100446,2014-10-01,P02,T03,Baja,Autocontrol,Cerrada,2014-10-13,12,R20,430683
NC-102537,2014-10-02,P08,T01,Baja,Autocontrol,Cerrada,2014-10-19,17,R16,321787
NC-102515,2014-10-03,P04,T05,Alta,Auditoría Interna,Cerrada,2014-10-06,3,R18,198722
NC-105596,2014-10-04,P07,T06,Baja,Auditoría Interna,Cerrada,2014-10-08,4,R18,202489
NC-104068,2014-10-05,P01,T04,Alta,Inspección de Calidad,Cerrada,2014-10-13,8,R13,415033
NC-105433,2014-10-09,P05,T05,Media,Autocontrol,Cerrada,2014-10-15,6,R18,1183002
NC-103430,2014-10-09,P07,T06,Baja,Auditoría Interna,Cerrada,2014-10-13,4,R20,218018
NC-105648,2014-10-11,P07,T03,Baja,Inspección de Calidad,Cerrada,2014-10-16,5,R19,32405
NC-105878,2014-10-12,P07,T05,Alta,Auditoría Externa,Cerrada,2014-10-21,9,R09,997691
NC-102284,2014-10-13,P08,T03,Media,Inspección de Calidad,Cerrada,2014-10-18,5,R21,697961
NC-103440,2014-10-14,P03,T04,Baja,Inspección de Calidad,En Tratamiento,,,R17,166427
NC-105205,2014-10-14,P08,T01,Media,Queja de Cliente,Abierta,,,R21,460238
NC-100559,2014-10-16,P02,T04,Crítica,Auditoría Externa,Cerrada,2014-11-05,20,R13,1810215
NC-100170,2014-10-16,P05,T06,Alta,Queja de Cliente,Cerrada,2014-10-17,1,R14,417720
NC-103278,2014-10-18,P03,T03,Alta,Queja de Cliente,En Tratamiento,,,R20,249806
NC-101443,2014-10-20,P02,T06,Alta,Auditoría Externa,Cerrada,2014-10-30,10,R19,1378402
NC-100897,2014-10-20,P05,T03,Media,Auditoría Externa,Cerrada,2014-11-03,14,R01,45795
NC-102431,2014-10-20,P05,T04,Baja,Auditoría Externa,Cerrada,2014-10-29,9,R16,14245
NC-101798,2014-10-20,P01,T01,Alta,Autocontrol,Abierta,,,R11,740432
NC-102953,2014-10-22,P07,T05,Alta,Autocontrol,Cerrada,2014-11-05,14,R17,64598
NC-105343,2014-10-22,P06,T04,Alta,Queja de Cliente,En Tratamiento,,,R09,893619
NC-101543,2014-10-25,P01,T02,Alta,Auditoría Externa,Cerrada,2014-10-29,4,R23,1474230
NC-102100,2014-10-27,P04,T05,Baja,Autocontrol,En Tratamiento,,,R14,330359
NC-100606,2014-10-27,P01,T04,Baja,Inspección de Calidad,Cerrada,2014-11-04,8,R19,267699
NC-104197,2014-10-27,P06,T05,Baja,Autocontrol,Cerrada,2014-11-10,14,R08,300543
NC-100776,2014-10-28,P01,T05,Media,Auditoría Externa,Abierta,,,R09,532625
NC-103048,2014-10-29,P05,T03,Media,Auditoría Interna,Cerrada,2014-11-11,13,R19,733760
NC-103125,2014-10-30,P07,T06,Baja,Autocontrol,Cerrada,2014-11-07,8,R16,194328
NC-104830,2014-10-31,P05,T06,Media,Auditoría Interna,Cerrada,2014-11-13,13,R16,800397
NC-105619,2014-11-01,P01,T04,Alta,Auditoría Interna,Cerrada,2014-11-11,10,R19,229881
NC-105213,2014-11-04,P05,T04,Media,Auditoría Interna,Cerrada,2014-11-13,9,R19,385008
NC-105765,2014-11-04,P07,T06,Alta,Autocontrol,Cerrada,2014-11-18,14,R23,1035965
NC-101606,2014-11-05,P07,T04,Crítica,Queja de Cliente,Cerrada,2014-11-14,9,R21,2731897
NC-101840,2014-11-05,P06,T01,Media,Queja de Cliente,En Tratamiento,,,R20,810563
NC-105376,2014-11-07,P08,T03,Alta,Autocontrol,En Tratamiento,,,R20,692542
NC-101886,2014-11-08,P06,T06,Alta,Auditoría Externa,Cerrada,2014-11-16,8,R09,646043
NC-100045,2014-11-09,P06,T03,Alta,Queja de Cliente,Cerrada,2014-11-18,9,R08,730243
NC-105691,2014-11-10,P06,T04,Baja,Inspección de Calidad,Cerrada,2014-12-02,22,R18,286616
NC-100682,2014-11-11,P02,T05,Alta,Auditoría Externa,Cerrada,2014-11-28,17,R21,960230
NC-105371,2014-11-18,P06,T05,Media,Inspección de Calidad,Cerrada,2014-12-03,15,R23,335965
NC-102051,2014-11-20,P02,T01,Media,Auditoría Externa,Cerrada,2014-12-02,12,R09,304129
NC-101031,2014-11-21,P08,T01,Media,Queja de Cliente,Abierta,,,R14,487908
NC-105688,2014-11-21,P01,T06,Baja,Inspección de Calidad,Cerrada,2014-11-23,2,R18,82362
NC-101108,2014-11-22,P08,T06,Baja,Queja de Cliente,Cerrada,2014-12-02,10,R20,243796
NC-102172,2014-11-22,P02,T05,Media,Auditoría Externa,Cerrada,2014-12-07,15,R01,223151
NC-100536,2014-11-23,P08,T03,Baja,Autocontrol,Cerrada,2014-12-08,15,R11,228281
NC-102060,2014-11-25,P07,T06,Media,Queja de Cliente,Cerrada,2014-12-09,14,R09,129926
NC-101740,2014-11-26,P02,T06,Baja,Auditoría Externa,Cerrada,2014-12-15,19,R21,47015
NC-105533,2014-11-29,P03,T05,Baja,Auditoría Interna,Cerrada,2014-12-13,14,R23,161726
NC-102624,2014-11-30,P08,T04,Crítica,Auditoría Interna,Cerrada,2014-12-25,25,R16,264812
NC-103859,2014-12-02,P03,T05,Media,Queja de Cliente,Cerrada,2014-12-29,27,R20,765737
NC-104668,2014-12-03,P08,T01,Crítica,Auditoría Interna,En Tratamiento,,,R13,1307403
NC-104682,2014-12-03,P04,T02,Baja,Queja de Cliente,Cerrada,2014-12-20,17,R08,156374
NC-101098,2014-12-05,P04,T01,Alta,Auditoría Interna,En Tratamiento,,,R11,299472
NC-105100,2014-12-05,P06,T02,Media,Autocontrol,Cerrada,2014-12-20,15,R19,289484
NC-105107,2014-12-08,P04,T04,Baja,Inspección de Calidad,Cerrada,2014-12-16,8,R08,9632
NC-101854,2014-12-10,P02,T05,Alta,Queja de Cliente,Cerrada,2014-12-24,14,R14,3283783
NC-103253,2014-12-11,P02,T01,Alta,Auditoría Interna,En Tratamiento,,,R23,868140
NC-103436,2014-12-11,P03,T03,Baja,Autocontrol,Cerrada,2014-12-15,4,R19,219054
NC-104116,2014-12-12,P05,T05,Media,Autocontrol,En Tratamiento,,,R11,305339
NC-102516,2014-12-14,P07,T05,Crítica,Autocontrol,Cerrada,2014-12-26,12,R17,884802
NC-105386,2014-12-16,P04,T06,Media,Auditoría Externa,En Tratamiento,,,R23,595200
NC-101252,2014-12-17,P01,T05,Media,Auditoría Interna,Cerrada,2014-12-22,5,R18,271968
NC-103953,2014-12-19,P02,T01,Baja,Autocontrol,Cerrada,2014-12-20,1,R01,115429
NC-102680,2014-12-19,P01,T06,Media,Queja de Cliente,Cerrada,2014-12-26,7,R01,872069
NC-103958,2014-12-22,P02,T02,Baja,Auditoría Externa,Abierta,,,R17,246281
NC-100772,2014-12-22,P02,T04,Media,Autocontrol,Cerrada,2014-12-31,9,R11,238329
NC-103931,2014-12-23,P02,T02,Media,Auditoría Interna,Cerrada,2015-01-10,18,R17,782969
NC-103251,2014-12-24,P02,T04,Baja,Auditoría Externa,Cerrada,2014-12-31,7,R21,197967
NC-102620,2014-12-25,P07,T05,Alta,Autocontrol,Cerrada,2014-12-27,2,R09,1310013
NC-102478,2014-12-26,P02,T04,Alta,Auditoría Interna,Cerrada,2015-01-05,10,R08,467247
NC-106056,2014-12-26,P06,T03,Media,Auditoría Interna,Cerrada,2014-12-31,5,R09,957542
NC-104730,2014-12-27,P04,T04,Media,Auditoría Interna,Cerrada,2015-01-05,9,R13,500466
NC-102430,2014-12-29,P08,T06,Alta,Auditoría Interna,Cerrada,2015-01-28,30,R23,1495639
NC-102773,2014-12-30,P07,T04,Baja,Auditoría Interna,Cerrada,2015-01-02,3,R13,143225
NC-103790,2014-12-30,P04,T04,Baja,Auditoría Externa,Cerrada,2015-01-06,7,R17,230018
NC-104291,2015-01-01,P03,T02,Media,Auditoría Interna,Cerrada,2015-01-17,16,R08,425632
NC-103581,2015-01-02,P02,T01,Media,Autocontrol,Cerrada,2015-01-09,7,R14,313800
NC-102362,2015-01-02,P01,T06,Alta,Autocontrol,Cerrada,2015-01-17,15,R17,1543083
NC-105907,2015-01-03,P05,T04,Media,Inspección de Calidad,Cerrada,2015-01-04,1,R23,615412
NC-100861,2015-01-05,P02,T02,Baja,Autocontrol,En Tratamiento,,,R23,74323
NC-104990,2015-01-05,P04,T01,Crítica,Auditoría Externa,Cerrada,2015-01-11,6,R16,1466149
NC-100225,2015-01-06,P04,T01,Media,Auditoría Externa,Cerrada,2015-01-17,11,R21,328310
NC-104592,2015-01-08,P06,T04,Media,Auditoría Interna,Cerrada,2015-01-12,4,R21,60732
NC-100841,2015-01-10,P04,T06,Alta,Auditoría Externa,Cerrada,2015-01-22,12,R20,548922
NC-104746,2015-01-10,P01,T03,Crítica,Autocontrol,Cerrada,2015-01-25,15,R17,721155
NC-102290,2015-01-13,P06,T02,Alta,Inspección de Calidad,Cerrada,2015-02-02,20,R20,441837
NC-102042,2015-01-13,P06,T02,Alta,Autocontrol,Cerrada,2015-01-25,12,R19,470760
NC-104208,2015-01-14,P06,T05,Media,Autocontrol,Cerrada,2015-01-18,4,R21,157509
NC-105396,2015-01-15,P02,T06,Baja,Auditoría Interna,Cerrada,2015-01-22,7,R09,360627
NC-104860,2015-01-15,P03,T04,Baja,Queja de Cliente,Cerrada,2015-01-28,13,R14,154450
NC-104788,2015-01-17,P03,T06,Baja,Queja de Cliente,Cerrada,2015-02-05,19,R11,361895
NC-106027,2015-01-21,P07,T05,Alta,Auditoría Interna,Cerrada,2015-02-02,12,R11,1692381
NC-104450,2015-01-21,P08,T02,Crítica,Autocontrol,Abierta,,,R19,1808870
NC-103730,2015-01-21,P05,T04,Media,Auditoría Externa,Cerrada,2015-02-02,12,R19,373858
NC-104588,2015-01-22,P06,T03,Media,Inspección de Calidad,Cerrada,2015-01-30,8,R14,287312
NC-105945,2015-01-22,P05,T03,Crítica,Autocontrol,Cerrada,2015-02-09,18,R21,730230
NC-102561,2015-01-25,P06,T03,Crítica,Auditoría Externa,Cerrada,2015-01-28,3,R19,1465345
NC-101657,2015-01-26,P05,T04,Baja,Inspección de Calidad,Cerrada,2015-02-05,10,R13,77474
NC-103589,2015-01-26,P06,T06,Media,Auditoría Interna,Cerrada,2015-02-08,13,R20,90233
NC-103563,2015-01-28,P02,T04,Baja,Autocontrol,Cerrada,2015-02-02,5,R16,66509
NC-105168,2015-01-29,P01,T05,Baja,Auditoría Externa,Cerrada,2015-02-07,9,R18,279112
NC-101101,2015-01-31,P06,T05,Media,Auditoría Externa,Cerrada,2015-02-04,4,R19,279115
NC-101749,2015-01-31,P04,T03,Baja,Inspección de Calidad,Cerrada,2015-02-14,14,R09,134366
NC-105974,2015-02-02,P01,T01,Media,Inspección de Calidad,Cerrada,2015-02-15,13,R16,730801
NC-103698,2015-02-03,P04,T05,Crítica,Autocontrol,Cerrada,2015-02-15,12,R21,212285
NC-101736,2015-02-05,P05,T01,Baja,Queja de Cliente,Cerrada,2015-02-11,6,R09,120376
NC-103658,2015-02-05,P06,T01,Baja,Auditoría Interna,Cerrada,2015-02-20,15,R09,43884
NC-104125,2015-02-06,P04,T06,Alta,Inspección de Calidad,En Tratamiento,,,R14,1089020
NC-104754,2015-02-07,P02,T03,Alta,Autocontrol,Abierta,,,R13,986118
NC-100942,2015-02-08,P01,T06,Baja,Queja de Cliente,Cerrada,2015-02-17,9,R18,204877
NC-104656,2015-02-09,P04,T04,Media,Auditoría Interna,En Tratamiento,,,R01,254977
NC-105584,2015-02-11,P08,T03,Crítica,Autocontrol,En Tratamiento,,,R08,1640555
NC-105458,2015-02-11,P02,T01,Alta,Queja de Cliente,Cerrada,2015-02-15,4,R11,447842
NC-105755,2015-02-13,P02,T01,Baja,Autocontrol,Cerrada,2015-02-22,9,R08,556272
NC-100538,2015-02-13,P02,T03,Media,Auditoría Interna,Cerrada,2015-02-20,7,R21,1448842
NC-104997,2015-02-13,P07,T01,Media,Auditoría Interna,Abierta,,,R20,316336
NC-104003,2015-02-14,P08,T05,Baja,Auditoría Interna,Cerrada,2015-02-19,5,R16,272240
NC-103955,2015-02-15,P07,T04,Media,Queja de Cliente,Cerrada,2015-02-20,5,R18,517235
NC-102249,2015-02-15,P06,T05,Baja,Queja de Cliente,Cerrada,2015-02-26,11,R18,194138
NC-103814,2015-02-16,P02,T02,Baja,Queja de Cliente,Cerrada,2015-02-23,7,R08,332103
NC-104235,2015-02-17,P04,T05,Alta,Inspección de Calidad,Cerrada,2015-02-22,5,R09,462736
NC-103787,2015-02-19,P05,T06,Alta,Auditoría Interna,Cerrada,2015-02-26,7,R09,512940
NC-104960,2015-02-21,P02,T04,Alta,Inspección de Calidad,Cerrada,2015-03-12,19,R01,705092
NC-101567,2015-02-21,P03,T05,Alta,Inspección de Calidad,Cerrada,2015-03-07,14,R01,410068
NC-105827,2015-02-22,P05,T03,Crítica,Auditoría Externa,Cerrada,2015-03-12,18,R11,272968
NC-105693,2015-02-24,P06,T06,Baja,Auditoría Externa,Cerrada,2015-03-12,16,R16,109592
NC-103747,2015-02-24,P08,T01,Media,Auditoría Externa,En Tratamiento,,,R20,538949
NC-100215,2015-02-25,P07,T03,Media,Inspección de Calidad,Cerrada,2015-03-11,14,R11,221128
NC-104572,2015-02-25,P04,T03,Media,Auditoría Externa,Cerrada,2015-03-01,4,R11,238322
NC-100019,2015-02-25,P07,T04,Alta,Auditoría Externa,Cerrada,2015-03-15,18,R11,271818
NC-103127,2015-02-26,P01,T01,Alta,Auditoría Interna,Cerrada,2015-03-01,3,R17,1052353
NC-100192,2015-02-26,P06,T06,Media,Auditoría Interna,En Tratamiento,,,R20,525485
NC-104574,2015-02-27,P01,T05,Alta,Inspección de Calidad,Cerrada,2015-03-07,8,R20,744428
NC-103765,2015-02-28,P04,T03,Media,Auditoría Externa,Cerrada,2015-03-21,21,R23,1186321
NC-106070,2015-02-28,P07,T01,Baja,Queja de Cliente,Cerrada,2015-03-14,14,R01,265596
NC-103068,2015-03-01,P04,T05,Media,Autocontrol,Cerrada,2015-03-04,3,R21,187079
NC-101114,2015-03-08,P04,T02,Media,Inspección de Calidad,Cerrada,2015-03-16,8,R11,174758
NC-101219,2015-03-09,P01,T04,Media,Auditoría Externa,Abierta,,,R21,756663
NC-105009,2015-03-10,P01,T04,Baja,Auditoría Interna,Abierta,,,R23,285656
NC-104129,2015-03-10,P01,T05,Media,Inspección de Calidad,Cerrada,2015-03-18,8,R14,803569
NC-102147,2015-03-13,P07,T01,Media,Auditoría Externa,En Tratamiento,,,R19,331403
NC-101484,2015-03-13,P02,T05,Baja,Auditoría Interna,Cerrada,2015-03-17,4,R13,326813
NC-106114,2015-03-13,P07,T01,Media,Auditoría Interna,Cerrada,2015-03-21,8,R09,373756
NC-104294,2015-03-15,P07,T04,Baja,Queja de Cliente,Cerrada,2015-03-24,9,R21,271748
NC-105915,2015-03-17,P08,T02,Baja,Queja de Cliente,Cerrada,2015-04-02,16,R09,96609
NC-104063,2015-03-17,P05,T01,Alta,Auditoría Externa,Cerrada,2015-03-22,5,R17,1315003
NC-102922,2015-03-18,P08,T03,Media,Auditoría Externa,Cerrada,2015-03-21,3,R21,764976
NC-105511,2015-03-18,P03,T05,Crítica,Queja de Cliente,Cerrada,2015-04-05,18,R14,1577392
NC-103317,2015-03-19,P01,T05,Baja,Auditoría Externa,Cerrada,2015-03-23,4,R20,484163
NC-101363,2015-03-20,P05,T06,Crítica,Auditoría Externa,Cerrada,2015-04-04,15,R14,1069646
NC-101022,2015-03-20,P03,T01,Media,Autocontrol,Cerrada,2015-03-22,2,R23,698679
NC-100459,2015-03-25,P02,T05,Media,Auditoría Interna,Cerrada,2015-04-14,20,R18,1229980
NC-105321,2015-03-26,P01,T06,Alta,Inspección de Calidad,Cerrada,2015-04-01,6,R23,409555
NC-105566,2015-03-27,P05,T03,Media,Auditoría Interna,En Tratamiento,,,R14,616665
NC-102331,2015-03-29,P07,T03,Crítica,Autocontrol,Cerrada,2015-04-23,25,R18,405575
NC-101371,2015-03-31,P06,T06,Baja,Inspección de Calidad,Cerrada,2015-04-03,3,R20,241313
NC-102693,2015-03-31,P06,T05,Crítica,Autocontrol,Abierta,,,R11,1434192
NC-103557,2015-04-01,P06,T03,Alta,Queja de Cliente,Cerrada,2015-04-13,12,R20,364804
NC-102193,2015-04-02,P03,T06,Baja,Queja de Cliente,En Tratamiento,,,R08,51928
NC-104240,2015-04-02,P07,T03,Alta,Inspección de Calidad,Cerrada,2015-04-07,5,R11,135868
NC-101411,2015-04-03,P05,T01,Alta,Inspección de Calidad,Cerrada,2015-04-09,6,R08,433521
NC-100250,2015-04-03,P03,T01,Baja,Autocontrol,Cerrada,2015-04-06,3,R01,85191
NC-102514,2015-04-03,P02,T06,Baja,Auditoría Externa,Cerrada,2015-04-10,7,R14,72653
NC-104815,2015-04-04,P04,T03,Alta,Inspección de Calidad,Cerrada,2015-04-25,21,R18,967335
NC-103627,2015-04-05,P08,T01,Baja,Auditoría Interna,Cerrada,2015-04-18,13,R08,86431
NC-102262,2015-04-08,P05,T05,Alta,Auditoría Externa,Cerrada,2015-05-11,33,R11,1549701
NC-100765,2015-04-08,P01,T01,Baja,Auditoría Externa,Cerrada,2015-04-19,11,R19,89606
NC-100946,2015-04-11,P06,T01,Media,Inspección de Calidad,Cerrada,2015-04-17,6,R01,235158
NC-105136,2015-04-11,P07,T03,Alta,Auditoría Externa,Cerrada,2015-04-25,14,R09,98717
NC-105038,2015-04-12,P07,T06,Media,Autocontrol,Cerrada,2015-04-22,10,R16,265175
NC-100506,2015-04-15,P07,T05,Baja,Queja de Cliente,Cerrada,2015-05-03,18,R18,120650
NC-102111,2015-04-15,P08,T01,Baja,Inspección de Calidad,Cerrada,2015-04-28,13,R09,192870
NC-105334,2015-04-21,P06,T03,Baja,Autocontrol,Cerrada,2015-06-09,49,R16,252218
NC-103950,2015-04-21,P04,T02,Alta,Queja de Cliente,Cerrada,2015-04-28,7,R13,459285
NC-104376,2015-04-22,P08,T06,Media,Autocontrol,Cerrada,2015-05-10,18,R20,934186
NC-104861,2015-04-22,P05,T01,Media,Inspección de Calidad,Cerrada,2015-04-27,5,R19,689981
NC-101222,2015-04-23,P01,T02,Media,Auditoría Externa,Cerrada,2015-05-04,11,R23,378634
NC-101960,2015-04-24,P07,T01,Media,Auditoría Externa,Cerrada,2015-05-05,11,R16,113270
NC-103192,2015-04-25,P02,T04,Media,Auditoría Externa,Cerrada,2015-05-04,9,R09,520502
NC-102316,2015-04-26,P04,T04,Baja,Inspección de Calidad,Cerrada,2015-05-05,9,R17,207431
NC-100085,2015-04-26,P04,T06,Baja,Queja de Cliente,En Tratamiento,,,R13,431326
NC-105055,2015-04-27,P04,T04,Alta,Queja de Cliente,Cerrada,2015-05-01,4,R16,1332041
NC-104986,2015-04-28,P08,T04,Alta,Auditoría Externa,Abierta,,,R14,1020270
NC-103237,2015-04-28,P08,T02,Baja,Auditoría Externa,En Tratamiento,,,R01,199497
NC-100340,2015-05-02,P05,T05,Baja,Inspección de Calidad,Cerrada,2015-05-09,7,R11,160447
NC-103474,2015-05-02,P06,T05,Crítica,Autocontrol,Cerrada,2015-05-06,4,R01,3760849
NC-101565,2015-05-02,P01,T01,Baja,Auditoría Interna,Cerrada,2015-05-09,7,R23,128234
NC-106025,2015-05-02,P01,T04,Alta,Auditoría Externa,Abierta,,,R01,329089
NC-103241,2015-05-02,P07,T05,Crítica,Auditoría Interna,Cerrada,2015-05-15,13,R08,1552004
NC-103785,2015-05-03,P02,T02,Media,Autocontrol,Abierta,,,R16,176174
NC-103708,2015-05-06,P01,T02,Baja,Inspección de Calidad,Cerrada,2015-06-01,26,R13,362397
NC-103184,2015-05-07,P04,T03,Baja,Auditoría Interna,Cerrada,2015-05-18,11,R23,114735
NC-100735,2015-05-07,P08,T06,Media,Auditoría Externa,Cerrada,2015-05-20,13,R19,495453
NC-102868,2015-05-07,P04,T04,Media,Autocontrol,Cerrada,2015-05-09,2,R19,278039
NC-103996,2015-05-08,P01,T05,Baja,Queja de Cliente,Cerrada,2015-05-26,18,R11,303680
NC-101023,2015-05-09,P06,T02,Media,Queja de Cliente,Cerrada,2015-05-11,2,R23,1103700
NC-103717,2015-05-09,P08,T03,Alta,Auditoría Externa,Cerrada,2015-05-16,7,R23,561124
NC-106158,2015-05-11,P08,T04,Alta,Autocontrol,Cerrada,2015-05-17,6,R09,714767
NC-105847,2015-05-12,P03,T02,Media,Auditoría Externa,Cerrada,2015-05-24,12,R08,520394
NC-101052,2015-05-12,P07,T02,Alta,Autocontrol,Cerrada,2015-05-19,7,R23,660318
NC-101828,2015-05-12,P08,T06,Baja,Autocontrol,Cerrada,2015-05-27,15,R19,146421
NC-101323,2015-05-13,P01,T03,Baja,Auditoría Interna,Cerrada,2015-06-01,19,R21,238178
NC-103608,2015-05-14,P01,T02,Media,Auditoría Interna,Cerrada,2015-05-22,8,R23,476867
NC-100067,2015-05-15,P03,T01,Alta,Auditoría Interna,Cerrada,2015-05-21,6,R21,1144107
NC-101480,2015-05-16,P07,T01,Baja,Inspección de Calidad,Cerrada,2015-05-27,11,R13,192858
NC-104378,2015-05-19,P07,T06,Media,Auditoría Externa,Cerrada,2015-05-26,7,R17,374162
NC-103323,2015-05-19,P04,T05,Baja,Inspección de Calidad,Cerrada,2015-05-21,2,R17,238795
NC-102501,2015-05-19,P02,T03,Baja,Autocontrol,Abierta,,,R14,194309
NC-104243,2015-05-21,P04,T05,Media,Auditoría Externa,Cerrada,2015-06-03,13,R23,653162
NC-104963,2015-05-21,P05,T03,Crítica,Queja de Cliente,Cerrada,2015-06-02,12,R16,1160675
NC-101438,2015-05-23,P03,T04,Baja,Inspección de Calidad,Cerrada,2015-06-04,12,R17,67597
NC-102622,2015-05-23,P02,T06,Baja,Inspección de Calidad,Cerrada,2015-05-31,8,R14,92790
NC-103038,2015-05-25,P07,T01,Media,Queja de Cliente,Cerrada,2015-06-06,12,R19,353741
NC-105737,2015-05-26,P08,T04,Alta,Auditoría Interna,Cerrada,2015-06-14,19,R01,1684425
NC-100767,2015-05-26,P02,T03,Baja,Auditoría Externa,En Tratamiento,,,R01,118657
NC-100524,2015-05-27,P05,T05,Alta,Inspección de Calidad,Cerrada,2015-06-20,24,R14,1341864
NC-102556,2015-05-28,P08,T05,Media,Queja de Cliente,Cerrada,2015-06-02,5,R09,732894
NC-100674,2015-05-28,P08,T04,Alta,Auditoría Externa,En Tratamiento,,,R09,346355
NC-102944,2015-05-29,P01,T03,Baja,Inspección de Calidad,Cerrada,2015-06-13,15,R21,535295
NC-105217,2015-05-29,P08,T03,Media,Autocontrol,Cerrada,2015-06-16,18,R14,335392
NC-103477,2015-05-31,P02,T02,Alta,Autocontrol,Cerrada,2015-06-14,14,R23,403191
NC-100328,2015-06-02,P01,T02,Baja,Auditoría Externa,Cerrada,2015-06-25,23,R21,241263
NC-105455,2015-06-02,P08,T01,Alta,Inspección de Calidad,Cerrada,2015-06-13,11,R11,449320
NC-102716,2015-06-04,P03,T06,Baja,Auditoría Externa,Cerrada,2015-06-13,9,R14,117678
NC-105880,2015-06-05,P02,T05,Crítica,Queja de Cliente,Cerrada,2015-06-22,17,R18,672212
NC-103043,2015-06-06,P04,T04,Alta,Auditoría Interna,Cerrada,2015-06-19,13,R20,1882641
NC-100975,2015-06-07,P05,T03,Baja,Autocontrol,Cerrada,2015-06-20,13,R21,162346
NC-103745,2015-06-08,P04,T04,Media,Inspección de Calidad,Cerrada,2015-06-30,22,R18,611367
NC-105985,2015-06-08,P05,T03,Alta,Auditoría Externa,Cerrada,2015-06-22,14,R21,314293
NC-103394,2015-06-08,P04,T06,Media,Auditoría Interna,Cerrada,2015-06-21,13,R21,102049
NC-103255,2015-06-08,P07,T04,Alta,Inspección de Calidad,Cerrada,2015-06-09,1,R18,318004
NC-101705,2015-06-09,P05,T01,Baja,Inspección de Calidad,Cerrada,2015-06-25,16,R11,230806
NC-103365,2015-06-09,P05,T03,Media,Queja de Cliente,Cerrada,2015-06-19,10,R19,169505
NC-102504,2015-06-10,P08,T02,Baja,Auditoría Externa,En Tratamiento,,,R18,95393
NC-101025,2015-06-12,P08,T02,Media,Queja de Cliente,Cerrada,2015-07-09,27,R11,1113218
NC-105208,2015-06-13,P03,T06,Alta,Autocontrol,Cerrada,2015-06-21,8,R13,1469398
NC-102489,2015-06-14,P03,T02,Alta,Auditoría Interna,En Tratamiento,,,R08,1660014
NC-103337,2015-06-17,P05,T06,Baja,Auditoría Externa,En Tratamiento,,,R16,438880
NC-101653,2015-06-18,P06,T03,Media,Queja de Cliente,Cerrada,2015-07-04,16,R11,1164557
NC-102660,2015-06-19,P01,T01,Alta,Inspección de Calidad,Cerrada,2015-06-30,11,R23,517297
NC-102847,2015-06-19,P02,T01,Crítica,Inspección de Calidad,Cerrada,2015-06-25,6,R08,81945
NC-100981,2015-06-20,P08,T04,Baja,Autocontrol,Cerrada,2015-06-27,7,R11,12960
NC-105292,2015-06-20,P03,T05,Baja,Inspección de Calidad,Cerrada,2015-06-21,1,R21,84160
NC-105631,2015-06-21,P04,T01,Alta,Inspección de Calidad,Cerrada,2015-07-02,11,R20,1071265
NC-105302,2015-06-22,P06,T04,Alta,Auditoría Interna,Cerrada,2015-07-04,12,R14,523257
NC-102767,2015-06-22,P03,T06,Alta,Auditoría Externa,Cerrada,2015-07-01,9,R21,651178
NC-101872,2015-06-24,P05,T01,Media,Auditoría Interna,Cerrada,2015-07-10,16,R13,747613
NC-104810,2015-06-24,P05,T05,Media,Auditoría Interna,Cerrada,2015-07-09,15,R08,213909
NC-104798,2015-06-24,P02,T04,Crítica,Auditoría Interna,Cerrada,2015-06-26,2,R09,1417023
NC-103143,2015-06-25,P03,T02,Alta,Auditoría Interna,Cerrada,2015-07-01,6,R14,580141
NC-104477,2015-06-28,P02,T05,Alta,Auditoría Externa,Cerrada,2015-07-04,6,R13,757176
NC-102122,2015-06-28,P06,T03,Baja,Auditoría Interna,Cerrada,2015-07-16,18,R08,63552
NC-103829,2015-06-29,P08,T05,Media,Queja de Cliente,Cerrada,2015-07-10,11,R09,175756
NC-104737,2015-06-29,P03,T02,Media,Auditoría Externa,En Tratamiento,,,R23,220525
NC-105090,2015-06-30,P02,T03,Media,Autocontrol,Abierta,,,R09,411996
NC-102354,2015-07-03,P01,T06,Baja,Autocontrol,Cerrada,2015-07-23,20,R16,46091
NC-102018,2015-07-07,P08,T04,Baja,Auditoría Interna,Cerrada,2015-07-29,22,R13,695050
NC-105495,2015-07-08,P01,T03,Baja,Queja de Cliente,Cerrada,2015-07-23,15,R08,222434
NC-102549,2015-07-09,P02,T02,Baja,Queja de Cliente,Abierta,,,R20,330161
NC-103471,2015-07-10,P03,T03,Baja,Autocontrol,Cerrada,2015-07-12,2,R18,27912
NC-105096,2015-07-11,P02,T01,Media,Autocontrol,Cerrada,2015-07-23,12,R11,499066
NC-105896,2015-07-12,P06,T01,Alta,Auditoría Externa,Cerrada,2015-07-25,13,R20,1325850
NC-101044,2015-07-13,P03,T04,Baja,Inspección de Calidad,Cerrada,2015-08-03,21,R17,326785
NC-100354,2015-07-18,P07,T03,Media,Inspección de Calidad,En Tratamiento,,,R16,67236
NC-103599,2015-07-18,P07,T06,Alta,Autocontrol,Cerrada,2015-07-23,5,R14,577902
NC-103823,2015-07-19,P07,T06,Crítica,Auditoría Interna,Cerrada,2015-07-24,5,R16,1591786
NC-104648,2015-07-20,P03,T02,Media,Autocontrol,Cerrada,2015-07-27,7,R08,332634
NC-103553,2015-07-23,P08,T06,Media,Auditoría Interna,Cerrada,2015-08-05,13,R09,197858
NC-103468,2015-07-24,P06,T01,Baja,Queja de Cliente,Cerrada,2015-08-04,11,R08,149142
NC-106162,2015-07-26,P05,T01,Media,Inspección de Calidad,Cerrada,2015-07-30,4,R21,1206376
NC-102085,2015-07-26,P02,T04,Media,Auditoría Externa,Cerrada,2015-07-31,5,R11,1177246
NC-103459,2015-07-26,P03,T06,Alta,Queja de Cliente,Cerrada,2015-08-01,6,R23,493889
NC-105476,2015-07-27,P07,T05,Crítica,Autocontrol,Cerrada,2015-08-08,12,R01,887087
NC-105870,2015-07-31,P08,T05,Baja,Autocontrol,Cerrada,2015-08-09,9,R19,45438
NC-105678,2015-08-05,P02,T05,Baja,Queja de Cliente,Cerrada,2015-08-13,8,R21,261952
NC-102971,2015-08-05,P01,T04,Crítica,Queja de Cliente,Cerrada,2015-08-10,5,R18,929082
NC-104890,2015-08-05,P05,T02,Crítica,Autocontrol,Cerrada,2015-08-14,9,R16,1358650
NC-100597,2015-08-05,P07,T06,Baja,Auditoría Interna,Cerrada,2015-08-17,12,R13,211610
NC-104282,2015-08-05,P07,T04,Media,Autocontrol,Cerrada,2015-08-26,21,R11,46995
NC-105239,2015-08-06,P08,T03,Baja,Auditoría Interna,Cerrada,2015-08-16,10,R23,390387
NC-100239,2015-08-06,P04,T06,Alta,Auditoría Externa,En Tratamiento,,,R19,789403
NC-105513,2015-08-09,P01,T06,Media,Queja de Cliente,Cerrada,2015-08-20,11,R09,91109
NC-104674,2015-08-10,P04,T01,Alta,Auditoría Interna,Cerrada,2015-08-14,4,R20,874746
NC-104425,2015-08-11,P06,T03,Media,Auditoría Externa,En Tratamiento,,,R16,121536
NC-101404,2015-08-11,P04,T03,Baja,Autocontrol,Cerrada,2015-08-19,8,R09,136055
NC-105965,2015-08-12,P01,T03,Alta,Auditoría Interna,Cerrada,2015-09-02,21,R08,353178
NC-103217,2015-08-13,P06,T01,Media,Auditoría Externa,Cerrada,2015-08-23,10,R16,411044
NC-105385,2015-08-18,P04,T05,Media,Auditoría Externa,Cerrada,2015-08-20,2,R21,1604859
NC-100905,2015-08-20,P01,T06,Media,Auditoría Externa,Cerrada,2015-09-01,12,R19,354461
NC-104839,2015-08-21,P04,T05,Media,Inspección de Calidad,Cerrada,2015-08-25,4,R08,572020
NC-101308,2015-08-21,P03,T06,Alta,Auditoría Interna,Cerrada,2015-08-30,9,R21,256848
NC-102412,2015-08-21,P07,T01,Media,Inspección de Calidad,Cerrada,2015-09-04,14,R11,341056
NC-104298,2015-08-24,P08,T05,Media,Queja de Cliente,Cerrada,2015-09-02,9,R16,378829
NC-106020,2015-08-25,P08,T03,Crítica,Queja de Cliente,Cerrada,2015-09-03,9,R01,715705
NC-103040,2015-08-25,P01,T01,Baja,Inspección de Calidad,En Tratamiento,,,R11,204399
NC-101718,2015-08-25,P01,T02,Alta,Queja de Cliente,Cerrada,2015-09-07,13,R01,1508642
NC-105115,2015-08-27,P04,T01,Baja,Auditoría Externa,En Tratamiento,,,R21,242504
NC-102227,2015-08-28,P02,T01,Media,Queja de Cliente,Cerrada,2015-09-03,6,R21,35327
NC-106081,2015-08-28,P08,T04,Alta,Auditoría Interna,Cerrada,2015-09-05,8,R14,765148
NC-103776,2015-08-28,P06,T04,Baja,Autocontrol,Cerrada,2015-09-05,8,R11,84069
NC-102367,2015-08-28,P03,T02,Alta,Queja de Cliente,Cerrada,2015-09-03,6,R17,1157152
NC-100003,2015-08-29,P02,T06,Media,Inspección de Calidad,Cerrada,2015-09-20,22,R17,171809
NC-103676,2015-08-30,P05,T06,Media,Auditoría Interna,En Tratamiento,,,R09,63588
NC-101905,2015-08-31,P05,T06,Alta,Inspección de Calidad,Cerrada,2015-09-13,13,R23,65706
NC-103592,2015-09-02,P04,T04,Alta,Inspección de Calidad,Cerrada,2015-09-16,14,R21,612742
NC-100492,2015-09-02,P03,T04,Media,Auditoría Interna,Cerrada,2015-09-11,9,R19,238258
NC-102685,2015-09-03,P05,T02,Baja,Auditoría Interna,Cerrada,2015-09-11,8,R08,29247
NC-105165,2015-09-04,P03,T01,Alta,Auditoría Interna,Cerrada,2015-09-09,5,R14,1676371
NC-102734,2015-09-05,P08,T05,Baja,Queja de Cliente,Cerrada,2015-09-18,13,R11,109353
NC-100458,2015-09-06,P06,T06,Media,Auditoría Externa,Cerrada,2015-09-21,15,R13,327566
NC-100915,2015-09-09,P04,T02,Media,Inspección de Calidad,Cerrada,2015-09-15,6,R21,475317
NC-102877,2015-09-09,P02,T03,Baja,Inspección de Calidad,Abierta,,,R23,458160
NC-102897,2015-09-10,P02,T04,Alta,Queja de Cliente,Cerrada,2015-09-20,10,R08,376342
NC-105843,2015-09-11,P01,T03,Alta,Autocontrol,Cerrada,2015-10-03,22,R14,939528
NC-102485,2015-09-13,P08,T02,Baja,Auditoría Externa,Cerrada,2015-09-26,13,R16,123429
NC-103854,2015-09-13,P04,T02,Crítica,Auditoría Interna,Cerrada,2015-09-27,14,R11,1396719
NC-102025,2015-09-14,P08,T06,Baja,Inspección de Calidad,Cerrada,2015-09-23,9,R13,294549
NC-100679,2015-09-16,P04,T06,Crítica,Queja de Cliente,Cerrada,2015-10-08,22,R14,2448369
NC-104843,2015-09-17,P06,T02,Crítica,Inspección de Calidad,Cerrada,2015-09-24,7,R13,998943
NC-105649,2015-09-17,P02,T05,Baja,Auditoría Externa,Cerrada,2015-10-07,20,R13,239519
NC-100953,2015-09-17,P05,T05,Baja,Auditoría Interna,Cerrada,2015-09-27,10,R08,105095
NC-100065,2015-09-18,P01,T05,Media,Autocontrol,En Tratamiento,,,R14,403749
NC-104544,2015-09-19,P06,T03,Media,Autocontrol,Cerrada,2015-10-25,36,R20,333413
NC-101594,2015-09-20,P02,T03,Baja,Autocontrol,Cerrada,2015-09-27,7,R14,283628
NC-103826,2015-09-21,P02,T02,Alta,Autocontrol,Cerrada,2015-10-12,21,R21,230777
NC-104976,2015-09-21,P04,T03,Crítica,Auditoría Externa,Cerrada,2015-10-04,13,R08,692004
NC-105507,2015-09-23,P08,T05,Crítica,Queja de Cliente,Cerrada,2015-09-28,5,R18,1243104
NC-101208,2015-09-25,P03,T01,Crítica,Auditoría Interna,Cerrada,2015-10-10,15,R17,349019
NC-101144,2015-09-25,P01,T03,Media,Inspección de Calidad,Cerrada,2015-10-20,25,R21,710175
NC-101616,2015-09-26,P07,T04,Alta,Autocontrol,Cerrada,2015-10-21,25,R18,1039973
NC-101719,2015-09-27,P08,T05,Alta,Auditoría Externa,Cerrada,2015-10-11,14,R21,309726
NC-101214,2015-09-27,P04,T05,Media,Auditoría Externa,Cerrada,2015-10-16,19,R20,456802
NC-102728,2015-09-28,P08,T04,Alta,Auditoría Interna,Cerrada,2015-10-04,6,R14,524368
NC-105201,2015-09-30,P06,T03,Crítica,Queja de Cliente,Cerrada,2015-10-04,4,R01,430588
NC-101310,2015-10-01,P08,T03,Baja,Auditoría Interna,Cerrada,2015-10-12,11,R09,87625
NC-103115,2015-10-01,P01,T05,Alta,Auditoría Externa,Cerrada,2015-10-11,10,R09,161505
NC-101505,2015-10-01,P06,T03,Baja,Autocontrol,Cerrada,2015-10-16,15,R11,119437
NC-105178,2015-10-02,P04,T02,Media,Auditoría Interna,Cerrada,2015-10-30,28,R16,571265
NC-101133,2015-10-04,P05,T04,Media,Queja de Cliente,Cerrada,2015-10-22,18,R21,250395
NC-104365,2015-10-04,P05,T06,Alta,Inspección de Calidad,Abierta,,,R01,518447
NC-106073,2015-10-07,P04,T05,Alta,Auditoría Interna,Cerrada,2015-10-15,8,R18,1317687
NC-105883,2015-10-08,P06,T04,Baja,Queja de Cliente,Abierta,,,R01,63094
NC-104619,2015-10-11,P06,T02,Media,Auditoría Interna,Cerrada,2015-10-20,9,R20,245468
NC-100804,2015-10-12,P01,T06,Media,Autocontrol,En Tratamiento,,,R23,123525
NC-102350,2015-10-13,P03,T02,Baja,Inspección de Calidad,Cerrada,2015-10-29,16,R14,204152
NC-103632,2015-10-20,P02,T02,Alta,Queja de Cliente,Cerrada,2015-10-25,5,R08,1314559
NC-101490,2015-10-21,P06,T06,Alta,Queja de Cliente,Cerrada,2015-10-31,10,R19,1895556
NC-104551,2015-10-23,P01,T03,Alta,Autocontrol,Cerrada,2015-11-02,10,R19,273073
NC-103174,2015-10-24,P03,T02,Baja,Inspección de Calidad,Cerrada,2015-11-04,11,R19,107006
NC-105736,2015-10-24,P02,T03,Alta,Inspección de Calidad,Cerrada,2015-10-28,4,R08,904341
NC-102277,2015-10-25,P07,T05,Media,Auditoría Interna,En Tratamiento,,,R16,806206
NC-104614,2015-10-27,P04,T03,Alta,Autocontrol,Cerrada,2015-11-07,11,R16,545705
NC-100104,2015-10-29,P03,T06,Media,Queja de Cliente,Cerrada,2015-11-20,22,R01,1303416
NC-100809,2015-10-29,P07,T03,Media,Autocontrol,Cerrada,2015-11-05,7,R09,186450
NC-104214,2015-10-30,P02,T03,Baja,Auditoría Interna,Cerrada,2015-11-11,12,R20,85630
NC-104181,2015-11-02,P03,T05,Baja,Auditoría Interna,Abierta,,,R01,431353
NC-105813,2015-11-02,P02,T01,Alta,Auditoría Externa,Cerrada,2015-11-04,2,R17,1301390
NC-104790,2015-11-03,P01,T06,Alta,Autocontrol,Cerrada,2015-11-15,12,R19,532318
NC-103613,2015-11-05,P08,T04,Baja,Auditoría Externa,Cerrada,2015-11-14,9,R21,173659
NC-104218,2015-11-06,P04,T01,Crítica,Auditoría Interna,Cerrada,2015-11-19,13,R23,1179185
NC-100282,2015-11-09,P01,T04,Baja,Autocontrol,Cerrada,2015-11-21,12,R11,236281
NC-105242,2015-11-10,P03,T02,Baja,Autocontrol,Cerrada,2015-12-03,23,R19,132727
NC-105140,2015-11-10,P02,T01,Media,Auditoría Externa,En Tratamiento,,,R08,276060
NC-104153,2015-11-10,P05,T03,Baja,Auditoría Externa,Cerrada,2015-11-22,12,R08,313564
NC-104350,2015-11-10,P01,T05,Media,Inspección de Calidad,Cerrada,2015-11-15,5,R08,244682
NC-102115,2015-11-11,P07,T06,Baja,Inspección de Calidad,Cerrada,2015-11-18,7,R09,134422
NC-103271,2015-11-12,P07,T02,Alta,Autocontrol,Cerrada,2015-11-20,8,R14,314622
NC-102789,2015-11-13,P08,T06,Alta,Queja de Cliente,Cerrada,2015-11-18,5,R14,175569
NC-103074,2015-11-13,P07,T02,Baja,Auditoría Externa,Cerrada,2015-11-24,11,R20,460996
NC-101676,2015-11-14,P06,T02,Media,Auditoría Interna,Cerrada,2015-11-23,9,R21,215379
NC-101378,2015-11-16,P03,T03,Media,Autocontrol,Cerrada,2015-12-08,22,R23,266193
NC-101068,2015-11-18,P08,T05,Media,Queja de Cliente,Cerrada,2015-11-24,6,R16,304800
NC-100136,2015-11-19,P07,T04,Crítica,Queja de Cliente,Cerrada,2015-11-24,5,R01,1123615
NC-103645,2015-11-20,P07,T04,Media,Auditoría Externa,Cerrada,2015-12-02,12,R09,357502
NC-104144,2015-11-20,P05,T06,Baja,Autocontrol,En Tratamiento,,,R01,247458
NC-100227,2015-11-22,P04,T05,Crítica,Queja de Cliente,Cerrada,2015-11-28,6,R18,1276817
NC-102517,2015-11-22,P01,T02,Baja,Auditoría Interna,Cerrada,2015-12-02,10,R14,105739
NC-104600,2015-11-22,P07,T03,Media,Auditoría Interna,Cerrada,2015-11-29,7,R13,101344
NC-100896,2015-11-24,P01,T06,Baja,Auditoría Externa,Cerrada,2015-12-26,32,R23,29684
NC-100269,2015-11-25,P03,T03,Media,Auditoría Interna,Cerrada,2015-11-30,5,R18,219173
NC-105494,2015-11-26,P08,T03,Baja,Queja de Cliente,Cerrada,2015-12-02,6,R18,108048
NC-105522,2015-11-27,P08,T05,Media,Autocontrol,Cerrada,2015-12-21,24,R11,568299
NC-100673,2015-11-28,P07,T02,Alta,Queja de Cliente,Cerrada,2015-12-03,5,R14,587839
NC-100889,2015-11-29,P01,T01,Baja,Auditoría Externa,Cerrada,2015-12-15,16,R21,115961
NC-104016,2015-11-29,P08,T06,Alta,Autocontrol,Cerrada,2015-12-14,15,R21,809768
NC-105762,2015-11-30,P05,T03,Media,Inspección de Calidad,Cerrada,2015-12-14,14,R08,454475
NC-105319,2015-12-01,P04,T06,Baja,Auditoría Interna,Cerrada,2015-12-18,17,R11,324263
NC-102176,2015-12-01,P05,T04,Crítica,Inspección de Calidad,Cerrada,2015-12-14,13,R09,1052205
NC-104739,2015-12-01,P04,T04,Baja,Queja de Cliente,Cerrada,2015-12-19,18,R01,215615
NC-104103,2015-12-02,P07,T04,Media,Autocontrol,Cerrada,2015-12-07,5,R19,862972
NC-100605,2015-12-03,P05,T01,Media,Queja de Cliente,Abierta,,,R19,625423
NC-106053,2015-12-06,P05,T05,Baja,Queja de Cliente,Cerrada,2015-12-10,4,R21,413062
NC-103384,2015-12-08,P01,T05,Baja,Auditoría Externa,Cerrada,2015-12-10,2,R11,45258
NC-100034,2015-12-10,P02,T05,Alta,Inspección de Calidad,Cerrada,2015-12-12,2,R19,504886
NC-103450,2015-12-11,P07,T05,Alta,Auditoría Interna,Cerrada,2015-12-25,14,R11,527041
NC-100149,2015-12-12,P03,T06,Alta,Auditoría Interna,Cerrada,2015-12-30,18,R18,1171974
NC-103447,2015-12-12,P01,T01,Alta,Auditoría Externa,Cerrada,2015-12-17,5,R13,44332
NC-100768,2015-12-13,P06,T04,Baja,Queja de Cliente,Cerrada,2015-12-18,5,R09,172387
NC-101064,2015-12-14,P06,T01,Alta,Auditoría Externa,En Tratamiento,,,R18,409426
NC-105780,2015-12-18,P02,T06,Alta,Auditoría Interna,Cerrada,2015-12-31,13,R16,982586
NC-101937,2015-12-19,P03,T01,Media,Auditoría Interna,Cerrada,2015-12-30,11,R11,295658
NC-101046,2015-12-20,P03,T02,Alta,Inspección de Calidad,Abierta,,,R18,506179
NC-103188,2015-12-20,P07,T02,Media,Autocontrol,Cerrada,2015-12-27,7,R20,508437
NC-102258,2015-12-22,P03,T06,Alta,Inspección de Calidad,Cerrada,2016-01-05,14,R09,312196
NC-105919,2015-12-23,P01,T05,Media,Auditoría Interna,Cerrada,2015-12-30,7,R17,221597
NC-101805,2015-12-27,P02,T02,Baja,Auditoría Externa,Cerrada,2016-01-12,16,R23,267713
NC-103943,2015-12-27,P06,T02,Media,Auditoría Externa,Cerrada,2016-01-06,10,R13,200193
NC-105224,2015-12-28,P01,T05,Media,Autocontrol,Cerrada,2016-01-16,19,R16,779516
NC-103373,2015-12-29,P06,T06,Baja,Auditoría Externa,En Tratamiento,,,R09,461718
NC-104303,2015-12-30,P05,T06,Baja,Auditoría Externa,Cerrada,2016-01-12,13,R19,547462
NC-105214,2015-12-31,P05,T02,Alta,Auditoría Externa,Cerrada,2016-01-05,5,R09,188634
NC-101432,2015-12-31,P05,T06,Alta,Inspección de Calidad,Cerrada,2016-01-04,4,R09,264040
NC-100798,2016-01-02,P08,T06,Baja,Inspección de Calidad,Cerrada,2016-01-10,8,R13,197329
NC-104420,2016-01-04,P01,T03,Alta,Autocontrol,En Tratamiento,,,R08,477514
NC-101463,2016-01-05,P04,T05,Media,Auditoría Externa,Cerrada,2016-01-16,11,R11,49645
NC-100186,2016-01-08,P06,T01,Media,Autocontrol,Cerrada,2016-01-15,7,R19,441448
NC-101129,2016-01-10,P06,T02,Crítica,Auditoría Externa,Cerrada,2016-01-24,14,R17,1669394
NC-104105,2016-01-10,P05,T05,Media,Autocontrol,Abierta,,,R09,374773
NC-101297,2016-01-12,P01,T04,Media,Queja de Cliente,Cerrada,2016-01-19,7,R23,379868
NC-100592,2016-01-12,P05,T06,Alta,Auditoría Externa,Cerrada,2016-01-26,14,R14,282434
NC-103968,2016-01-12,P06,T02,Media,Auditoría Interna,En Tratamiento,,,R19,621563
NC-101478,2016-01-14,P07,T03,Baja,Autocontrol,En Tratamiento,,,R17,397656
NC-102394,2016-01-15,P07,T06,Media,Auditoría Interna,Cerrada,2016-01-23,8,R01,429700
NC-103871,2016-01-15,P07,T06,Baja,Auditoría Externa,Cerrada,2016-01-20,5,R01,97313
NC-105981,2016-01-15,P07,T04,Crítica,Queja de Cliente,Cerrada,2016-01-20,5,R13,931380
NC-101466,2016-01-16,P05,T03,Baja,Auditoría Externa,En Tratamiento,,,R01,271343
NC-104060,2016-01-19,P01,T06,Baja,Autocontrol,Cerrada,2016-03-09,50,R01,35868
NC-102226,2016-01-21,P06,T06,Baja,Auditoría Externa,Cerrada,2016-02-13,23,R19,241945
NC-100661,2016-01-21,P08,T04,Alta,Autocontrol,Cerrada,2016-01-29,8,R13,743484
NC-103028,2016-01-22,P04,T06,Media,Inspección de Calidad,Cerrada,2016-01-28,6,R11,844994
NC-100686,2016-01-23,P08,T06,Media,Autocontrol,Cerrada,2016-01-25,2,R09,485750
NC-104177,2016-01-23,P05,T01,Baja,Inspección de Calidad,Cerrada,2016-01-31,8,R11,164721
NC-105642,2016-01-25,P06,T01,Baja,Inspección de Calidad,Cerrada,2016-02-09,15,R17,224537
NC-102780,2016-01-26,P05,T04,Baja,Queja de Cliente,Cerrada,2016-02-16,21,R13,301369
NC-103469,2016-01-28,P06,T01,Alta,Queja de Cliente,Cerrada,2016-01-31,3,R09,354056
NC-102719,2016-01-29,P02,T05,Alta,Auditoría Externa,Cerrada,2016-02-10,12,R17,377750
NC-104407,2016-02-04,P04,T02,Alta,Autocontrol,Cerrada,2016-02-11,7,R20,524946
NC-105483,2016-02-04,P05,T01,Baja,Inspección de Calidad,En Tratamiento,,,R19,582994
NC-101765,2016-02-04,P08,T04,Alta,Auditoría Externa,En Tratamiento,,,R21,191270
NC-105590,2016-02-05,P05,T04,Alta,Inspección de Calidad,Cerrada,2016-02-20,15,R21,1235455
NC-106160,2016-02-05,P08,T04,Baja,Auditoría Interna,Cerrada,2016-02-21,16,R20,247582
NC-104768,2016-02-09,P06,T04,Media,Queja de Cliente,Cerrada,2016-02-14,5,R23,751050
NC-100015,2016-02-16,P05,T06,Alta,Queja de Cliente,Cerrada,2016-02-22,6,R01,2054116
NC-105655,2016-02-17,P08,T04,Media,Autocontrol,En Tratamiento,,,R17,85751
NC-100978,2016-02-17,P06,T01,Media,Autocontrol,Abierta,,,R19,587561
NC-100102,2016-02-20,P06,T03,Crítica,Autocontrol,Cerrada,2016-03-12,21,R19,1923657
NC-104405,2016-02-21,P08,T02,Media,Inspección de Calidad,Cerrada,2016-03-03,11,R20,653048
NC-105392,2016-02-21,P03,T02,Alta,Inspección de Calidad,Abierta,,,R19,1112486
NC-103832,2016-02-22,P08,T03,Crítica,Inspección de Calidad,Cerrada,2016-03-13,20,R01,153467
NC-105859,2016-02-22,P02,T05,Alta,Auditoría Externa,Cerrada,2016-03-13,20,R13,1842597
NC-101917,2016-02-22,P08,T05,Alta,Inspección de Calidad,Cerrada,2016-03-22,29,R08,914579
NC-103095,2016-02-22,P03,T03,Media,Autocontrol,Cerrada,2016-03-08,15,R16,672157
NC-100232,2016-02-24,P04,T04,Crítica,Autocontrol,Cerrada,2016-02-29,5,R01,822445
NC-102174,2016-02-25,P05,T04,Baja,Inspección de Calidad,Cerrada,2016-03-04,8,R08,141405
NC-101770,2016-02-27,P02,T05,Baja,Queja de Cliente,Cerrada,2016-03-03,5,R14,62969
NC-100885,2016-02-27,P06,T01,Baja,Auditoría Interna,Cerrada,2016-03-12,14,R20,266008
NC-103442,2016-02-28,P05,T04,Alta,Autocontrol,Cerrada,2016-03-04,5,R21,412721
NC-100094,2016-03-02,P04,T03,Baja,Queja de Cliente,Cerrada,2016-03-12,10,R16,417938
NC-105065,2016-03-02,P06,T06,Baja,Auditoría Interna,Cerrada,2016-03-18,16,R21,353927
NC-105703,2016-03-03,P05,T03,Baja,Auditoría Interna,Cerrada,2016-03-18,15,R16,103875
NC-106082,2016-03-03,P06,T02,Alta,Queja de Cliente,Cerrada,2016-03-17,14,R13,248131
NC-102647,2016-03-04,P07,T04,Crítica,Autocontrol,Cerrada,2016-03-13,9,R18,2011904
NC-106110,2016-03-08,P05,T06,Baja,Queja de Cliente,En Tratamiento,,,R14,205922
NC-101706,2016-03-10,P01,T01,Baja,Auditoría Externa,Cerrada,2016-03-28,18,R23,92965
NC-102351,2016-03-11,P08,T03,Media,Auditoría Interna,Cerrada,2016-03-17,6,R09,329770
NC-105294,2016-03-15,P03,T01,Alta,Queja de Cliente,Cerrada,2016-03-25,10,R16,114517
NC-101737,2016-03-15,P07,T05,Media,Auditoría Interna,Cerrada,2016-03-30,15,R14,1234006
NC-105078,2016-03-18,P08,T04,Alta,Auditoría Interna,Cerrada,2016-03-23,5,R11,777297
NC-101910,2016-03-22,P05,T03,Alta,Autocontrol,Cerrada,2016-03-31,9,R09,418723
NC-100799,2016-03-25,P02,T02,Baja,Inspección de Calidad,Cerrada,2016-04-06,12,R18,135885
NC-100005,2016-03-25,P07,T06,Crítica,Autocontrol,Cerrada,2016-03-28,3,R20,764276
NC-105229,2016-03-26,P02,T01,Baja,Autocontrol,Cerrada,2016-04-02,7,R16,38700
NC-100449,2016-03-27,P06,T01,Alta,Inspección de Calidad,En Tratamiento,,,R17,950149
NC-100875,2016-03-29,P02,T05,Baja,Auditoría Interna,Cerrada,2016-04-05,7,R17,39868
NC-100310,2016-03-29,P04,T04,Baja,Inspección de Calidad,Cerrada,2016-04-11,13,R18,53663
NC-100817,2016-03-30,P04,T02,Media,Auditoría Externa,Cerrada,2016-04-06,7,R09,134008
NC-104900,2016-03-30,P01,T05,Media,Inspección de Calidad,Cerrada,2016-04-09,10,R11,242939
NC-101493,2016-03-30,P03,T04,Baja,Auditoría Externa,En Tratamiento,,,R01,214834
NC-102559,2016-04-04,P05,T02,Media,Autocontrol,Cerrada,2016-04-10,6,R11,1158987
NC-102039,2016-04-06,P03,T05,Media,Inspección de Calidad,Cerrada,2016-04-15,9,R23,675907
NC-106173,2016-04-06,P02,T02,Alta,Autocontrol,Abierta,,,R20,261831
NC-103876,2016-04-06,P01,T06,Media,Queja de Cliente,Cerrada,2016-04-07,1,R17,422880
NC-105109,2016-04-07,P02,T06,Media,Inspección de Calidad,Cerrada,2016-04-12,5,R18,338843
NC-100868,2016-04-09,P06,T01,Baja,Queja de Cliente,Cerrada,2016-04-21,12,R09,336212
NC-104664,2016-04-14,P07,T01,Crítica,Auditoría Interna,Cerrada,2016-04-26,12,R01,1696693
NC-101335,2016-04-18,P05,T03,Baja,Auditoría Interna,Cerrada,2016-04-21,3,R16,69538
NC-103805,2016-04-20,P07,T06,Media,Autocontrol,Cerrada,2016-04-21,1,R11,746498
NC-102389,2016-04-20,P02,T04,Alta,Auditoría Interna,Cerrada,2016-04-29,9,R13,1016708
NC-101729,2016-04-21,P03,T05,Media,Inspección de Calidad,Cerrada,2016-05-01,10,R11,449904
NC-101357,2016-04-23,P08,T05,Alta,Auditoría Interna,Cerrada,2016-05-02,9,R14,1080861
NC-104102,2016-04-24,P04,T02,Crítica,Auditoría Externa,Cerrada,2016-05-02,8,R13,1283248
NC-106195,2016-04-25,P04,T01,Baja,Queja de Cliente,Cerrada,2016-05-10,15,R21,165884
NC-104981,2016-04-26,P01,T05,Alta,Inspección de Calidad,Cerrada,2016-05-19,23,R21,1398107
NC-100959,2016-04-28,P08,T03,Alta,Inspección de Calidad,Cerrada,2016-05-15,17,R01,438658
NC-103911,2016-04-29,P01,T02,Media,Auditoría Interna,Cerrada,2016-05-15,16,R17,191795
NC-103343,2016-04-29,P02,T03,Alta,Autocontrol,Cerrada,2016-05-18,19,R20,354498
NC-104186,2016-04-29,P04,T05,Media,Autocontrol,En Tratamiento,,,R16,191237
NC-105312,2016-05-03,P03,T01,Media,Queja de Cliente,Cerrada,2016-05-16,13,R11,169625
NC-106167,2016-05-06,P01,T03,Alta,Auditoría Interna,Cerrada,2016-05-14,8,R18,414586
NC-103262,2016-05-08,P06,T01,Alta,Auditoría Interna,Cerrada,2016-05-15,7,R16,1451795
NC-102857,2016-05-09,P06,T06,Alta,Auditoría Interna,Cerrada,2016-05-14,5,R21,927248
NC-103749,2016-05-09,P01,T06,Baja,Inspección de Calidad,Cerrada,2016-06-03,25,R19,684254
NC-100763,2016-05-11,P08,T01,Media,Auditoría Interna,Cerrada,2016-05-20,9,R18,108134
NC-103508,2016-05-12,P04,T03,Alta,Auditoría Interna,Cerrada,2016-05-14,2,R01,276841
NC-105196,2016-05-12,P05,T04,Alta,Inspección de Calidad,Cerrada,2016-05-20,8,R16,1184940
NC-104593,2016-05-13,P06,T05,Media,Autocontrol,Cerrada,2016-05-22,9,R01,249065
NC-101239,2016-05-14,P07,T05,Crítica,Queja de Cliente,Cerrada,2016-06-09,26,R08,2073940
NC-104835,2016-05-14,P04,T04,Baja,Autocontrol,Cerrada,2016-05-28,14,R18,122360
NC-100074,2016-05-14,P06,T03,Crítica,Auditoría Externa,Cerrada,2016-05-19,5,R17,258807
NC-105711,2016-05-15,P06,T03,Baja,Auditoría Externa,Cerrada,2016-05-24,9,R09,114364
NC-103503,2016-05-15,P07,T04,Crítica,Auditoría Externa,Cerrada,2016-06-03,19,R08,1567518
NC-105029,2016-05-16,P08,T04,Crítica,Inspección de Calidad,Cerrada,2016-06-05,20,R09,93577
NC-105510,2016-05-16,P02,T04,Baja,Autocontrol,Cerrada,2016-05-29,13,R01,163018
NC-101720,2016-05-19,P04,T06,Alta,Autocontrol,Cerrada,2016-05-23,4,R23,1380095
NC-105779,2016-05-20,P05,T05,Baja,Auditoría Externa,Cerrada,2016-05-29,9,R20,228364
NC-101877,2016-05-20,P02,T05,Media,Inspección de Calidad,Cerrada,2016-05-29,9,R20,357984
NC-101465,2016-05-20,P06,T05,Baja,Auditoría Externa,Cerrada,2016-05-31,11,R01,51657
NC-103105,2016-05-20,P02,T06,Crítica,Inspección de Calidad,Cerrada,2016-05-26,6,R21,833193
NC-104967,2016-05-23,P02,T03,Alta,Inspección de Calidad,Cerrada,2016-05-31,8,R14,124447
NC-105499,2016-05-23,P02,T04,Media,Autocontrol,Cerrada,2016-05-29,6,R23,757868
NC-103448,2016-05-24,P04,T01,Alta,Queja de Cliente,Cerrada,2016-05-31,7,R01,883007
NC-103796,2016-05-24,P06,T03,Alta,Queja de Cliente,Cerrada,2016-06-01,8,R01,840145
NC-103002,2016-05-24,P05,T05,Baja,Auditoría Externa,Cerrada,2016-06-06,13,R17,60477
NC-105770,2016-05-26,P08,T04,Baja,Auditoría Interna,Cerrada,2016-06-05,10,R16,298212
NC-102705,2016-05-29,P05,T05,Baja,Auditoría Externa,Cerrada,2016-06-07,9,R13,358961
NC-100274,2016-05-29,P05,T02,Media,Auditoría Interna,Cerrada,2016-06-07,9,R17,421989
NC-105580,2016-05-30,P05,T04,Baja,Inspección de Calidad,Cerrada,2016-06-04,5,R11,107139
NC-104109,2016-05-30,P08,T05,Alta,Inspección de Calidad,Cerrada,2016-07-01,32,R13,673564
NC-101953,2016-06-02,P05,T05,Media,Queja de Cliente,Cerrada,2016-06-25,23,R23,109445
NC-105211,2016-06-04,P04,T05,Crítica,Auditoría Externa,Cerrada,2016-06-12,8,R01,1298729
NC-104530,2016-06-04,P02,T06,Alta,Auditoría Externa,En Tratamiento,,,R11,1366798
NC-102550,2016-06-04,P01,T06,Media,Queja de Cliente,Cerrada,2016-06-24,20,R18,254292
NC-100796,2016-06-05,P06,T03,Media,Auditoría Interna,Cerrada,2016-06-16,11,R08,211424
NC-102024,2016-06-07,P04,T02,Baja,Autocontrol,Cerrada,2016-06-19,12,R09,811792
NC-100083,2016-06-09,P01,T03,Media,Autocontrol,Cerrada,2016-06-18,9,R14,321329
NC-102021,2016-06-10,P04,T05,Media,Auditoría Externa,Cerrada,2016-06-26,16,R13,713586
NC-101612,2016-06-11,P02,T03,Baja,Autocontrol,Cerrada,2016-06-29,18,R01,506957
NC-105609,2016-06-11,P07,T02,Alta,Queja de Cliente,Cerrada,2016-06-15,4,R17,439442
NC-103817,2016-06-15,P04,T01,Alta,Auditoría Interna,Cerrada,2016-06-29,14,R01,97385
NC-105844,2016-06-18,P04,T06,Baja,Auditoría Externa,Cerrada,2016-06-30,12,R11,112967
NC-106198,2016-06-19,P04,T06,Crítica,Autocontrol,Cerrada,2016-07-01,12,R14,917041
NC-102933,2016-06-19,P06,T05,Alta,Inspección de Calidad,Cerrada,2016-07-04,15,R09,571959
NC-100595,2016-06-21,P05,T04,Media,Auditoría Interna,Cerrada,2016-07-01,10,R16,584721
NC-102129,2016-06-21,P04,T05,Media,Auditoría Interna,Cerrada,2016-07-10,19,R11,609041
NC-102414,2016-06-21,P03,T05,Media,Inspección de Calidad,Cerrada,2016-06-25,4,R18,594094
NC-105569,2016-06-21,P04,T04,Crítica,Auditoría Externa,Cerrada,2016-06-23,2,R13,405623
NC-105824,2016-06-21,P01,T01,Baja,Auditoría Externa,Cerrada,2016-07-01,10,R19,155457
NC-105935,2016-06-23,P02,T05,Media,Autocontrol,Cerrada,2016-07-17,24,R19,751510
NC-105501,2016-06-23,P05,T03,Baja,Inspección de Calidad,Abierta,,,R13,434331
NC-103155,2016-06-25,P04,T03,Baja,Auditoría Interna,Cerrada,2016-07-04,9,R14,46395
NC-103355,2016-06-25,P02,T05,Media,Inspección de Calidad,Cerrada,2016-06-29,4,R17,191991
NC-102231,2016-06-26,P02,T06,Crítica,Auditoría Interna,Abierta,,,R17,1132658
NC-102283,2016-06-26,P03,T02,Crítica,Autocontrol,Cerrada,2016-07-03,7,R16,1337510
NC-105074,2016-06-26,P07,T03,Crítica,Auditoría Externa,Cerrada,2016-07-06,10,R11,655717
NC-101651,2016-06-26,P04,T02,Alta,Inspección de Calidad,Cerrada,2016-07-01,5,R14,373184
NC-100200,2016-06-27,P02,T06,Media,Auditoría Interna,Cerrada,2016-07-09,12,R18,695763
NC-103482,2016-06-27,P01,T06,Baja,Auditoría Externa,En Tratamiento,,,R23,52264
NC-103465,2016-06-29,P03,T02,Alta,Inspección de Calidad,Cerrada,2016-07-08,9,R13,243912
NC-104667,2016-06-29,P08,T02,Alta,Inspección de Calidad,En Tratamiento,,,R01,342822
NC-103533,2016-07-03,P06,T05,Media,Auditoría Interna,Cerrada,2016-07-17,14,R16,155206
NC-104299,2016-07-03,P05,T01,Baja,Auditoría Interna,Cerrada,2016-07-11,8,R11,230157
NC-100958,2016-07-04,P02,T01,Alta,Autocontrol,Cerrada,2016-07-11,7,R11,227960
NC-104278,2016-07-05,P05,T02,Alta,Auditoría Interna,En Tratamiento,,,R13,1128246
NC-105593,2016-07-05,P06,T04,Baja,Inspección de Calidad,Cerrada,2016-07-17,12,R19,204352
NC-103010,2016-07-05,P05,T05,Alta,Inspección de Calidad,Cerrada,2016-07-20,15,R08,657679
NC-100622,2016-07-07,P03,T02,Baja,Auditoría Externa,Cerrada,2016-07-24,17,R13,249182
NC-106116,2016-07-07,P02,T03,Media,Autocontrol,Cerrada,2016-07-15,8,R08,240989
NC-100155,2016-07-09,P08,T01,Baja,Queja de Cliente,Cerrada,2016-07-19,10,R17,272143
NC-100806,2016-07-09,P08,T04,Media,Auditoría Externa,Cerrada,2016-08-01,23,R01,500274
NC-105228,2016-07-14,P02,T05,Crítica,Autocontrol,Cerrada,2016-07-26,12,R17,334553
NC-105940,2016-07-14,P03,T03,Media,Autocontrol,En Tratamiento,,,R18,202140
NC-105778,2016-07-15,P08,T05,Alta,Auditoría Interna,Cerrada,2016-07-24,9,R11,304012
NC-105470,2016-07-15,P05,T04,Baja,Queja de Cliente,Cerrada,2016-07-16,1,R16,122073
NC-102995,2016-07-15,P04,T02,Alta,Auditoría Interna,Cerrada,2016-07-17,2,R17,436171
NC-101056,2016-07-18,P05,T01,Alta,Inspección de Calidad,Cerrada,2016-07-29,11,R16,281274
NC-101746,2016-07-19,P08,T06,Baja,Auditoría Externa,Cerrada,2016-07-25,6,R13,185209
NC-103928,2016-07-19,P08,T01,Alta,Inspección de Calidad,Cerrada,2016-07-30,11,R14,251160
NC-103994,2016-07-20,P05,T05,Baja,Auditoría Externa,Cerrada,2016-07-24,4,R11,116291
NC-104629,2016-07-21,P04,T05,Crítica,Inspección de Calidad,Abierta,,,R01,543204
NC-103434,2016-07-22,P05,T05,Baja,Auditoría Interna,Cerrada,2016-07-30,8,R08,64698
NC-103322,2016-07-22,P02,T01,Media,Auditoría Externa,En Tratamiento,,,R18,246936
NC-104458,2016-07-23,P05,T05,Media,Auditoría Interna,Cerrada,2016-08-10,18,R08,98395
NC-105519,2016-07-23,P07,T02,Crítica,Queja de Cliente,Cerrada,2016-07-31,8,R13,463911
NC-104367,2016-07-24,P08,T03,Media,Auditoría Externa,Cerrada,2016-08-09,16,R20,1431328
NC-102411,2016-07-26,P08,T02,Crítica,Queja de Cliente,Cerrada,2016-07-28,2,R23,339484
NC-103723,2016-08-01,P03,T02,Media,Autocontrol,Cerrada,2016-08-18,17,R17,304213
NC-101607,2016-08-07,P02,T03,Alta,Auditoría Interna,Cerrada,2016-08-12,5,R19,386739
NC-103361,2016-08-08,P02,T06,Alta,Queja de Cliente,Cerrada,2016-08-28,20,R23,390460
NC-102266,2016-08-10,P08,T02,Baja,Inspección de Calidad,Cerrada,2016-08-20,10,R16,140426
NC-105155,2016-08-11,P03,T03,Baja,Auditoría Interna,Cerrada,2016-08-21,10,R08,170570
NC-103899,2016-08-12,P07,T03,Alta,Queja de Cliente,Cerrada,2016-08-17,5,R17,410408
NC-100583,2016-08-13,P08,T05,Media,Inspección de Calidad,Cerrada,2016-09-02,20,R02,227036
NC-102490,2016-08-14,P08,T01,Baja,Auditoría Externa,Cerrada,2016-09-03,20,R01,545167
NC-105002,2016-08-16,P06,T04,Media,Queja de Cliente,Cerrada,2016-08-20,4,R11,297505
NC-105879,2016-08-18,P04,T02,Baja,Auditoría Externa,Cerrada,2016-08-30,12,R01,114264
NC-103039,2016-08-19,P05,T06,Baja,Auditoría Interna,Cerrada,2016-08-24,5,R08,458111
NC-104267,2016-08-19,P01,T06,Media,Auditoría Interna,Cerrada,2016-08-21,2,R21,349824
NC-101925,2016-08-19,P06,T04,Baja,Queja de Cliente,Cerrada,2016-09-04,16,R23,96165
NC-105714,2016-08-19,P02,T02,Alta,Autocontrol,Cerrada,2016-09-07,19,R23,999055
NC-105342,2016-08-20,P02,T04,Media,Auditoría Interna,En Tratamiento,,,R13,560051
NC-103400,2016-08-20,P04,T04,Baja,Autocontrol,Cerrada,2016-09-01,12,R16,180007
NC-101514,2016-08-21,P06,T04,Alta,Auditoría Externa,Cerrada,2016-09-06,16,R18,505878
NC-103685,2016-08-21,P04,T06,Crítica,Autocontrol,Cerrada,2016-08-30,9,R23,2250177
NC-100434,2016-08-22,P07,T05,Media,Queja de Cliente,Cerrada,2016-08-26,4,R14,418287
NC-103103,2016-08-22,P05,T01,Baja,Autocontrol,Cerrada,2016-09-09,18,R14,242251
NC-105189,2016-08-23,P06,T02,Media,Auditoría Externa,Cerrada,2016-09-08,16,R13,244995
NC-103135,2016-08-23,P03,T02,Media,Auditoría Interna,Abierta,,,R16,251984
NC-101648,2016-08-23,P04,T04,Alta,Autocontrol,Cerrada,2016-09-04,12,R16,1127960
NC-104822,2016-08-26,P01,T05,Crítica,Queja de Cliente,Cerrada,2016-09-14,19,R19,1396421
NC-102813,2016-08-29,P05,T04,Baja,Auditoría Interna,Cerrada,2016-09-03,5,R14,186132
NC-100908,2016-08-30,P01,T03,Baja,Queja de Cliente,Cerrada,2016-09-11,12,R20,90731
NC-104565,2016-08-30,P01,T01,Media,Queja de Cliente,Cerrada,2016-09-13,14,R08,786246
NC-100503,2016-08-31,P08,T06,Baja,Auditoría Interna,Cerrada,2016-09-07,7,R11,208091
NC-101779,2016-09-01,P06,T01,Alta,Queja de Cliente,Cerrada,2016-09-12,11,R16,661714
NC-102339,2016-09-02,P06,T01,Baja,Queja de Cliente,Cerrada,2016-09-15,13,R14,65694
NC-106125,2016-09-03,P02,T05,Media,Auditoría Externa,Cerrada,2016-09-17,14,R21,533669
NC-106009,2016-09-05,P04,T02,Baja,Auditoría Externa,Cerrada,2016-10-01,26,R09,235347
NC-101671,2016-09-05,P06,T01,Media,Autocontrol,Cerrada,2016-09-13,8,R21,576486
NC-102202,2016-09-08,P06,T01,Baja,Queja de Cliente,Cerrada,2016-09-18,10,R08,138843
NC-102533,2016-09-09,P07,T03,Media,Queja de Cliente,Cerrada,2016-10-02,23,R23,439439
NC-104279,2016-09-09,P02,T01,Baja,Auditoría Externa,Cerrada,2016-09-16,7,R09,106926
NC-104145,2016-09-10,P05,T03,Media,Queja de Cliente,Cerrada,2016-09-13,3,R08,611186
NC-105804,2016-09-10,P01,T04,Alta,Queja de Cliente,Cerrada,2016-09-22,12,R01,571693
NC-103069,2016-09-11,P01,T03,Crítica,Auditoría Externa,Cerrada,2016-09-26,15,R14,383495
NC-100512,2016-09-11,P01,T03,Alta,Auditoría Interna,Cerrada,2016-09-19,8,R17,920660
NC-101457,2016-09-14,P04,T03,Baja,Queja de Cliente,Cerrada,2016-09-19,5,R19,39578
NC-103733,2016-09-14,P03,T06,Baja,Inspección de Calidad,Cerrada,2016-09-18,4,R18,125480
NC-103464,2016-09-16,P02,T03,Media,Autocontrol,Cerrada,2016-10-12,26,R16,46537
NC-105464,2016-09-17,P03,T03,Media,Inspección de Calidad,Cerrada,2016-09-22,5,R18,1206828
NC-103309,2016-09-18,P04,T04,Media,Auditoría Externa,Cerrada,2016-09-23,5,R21,247210
NC-102920,2016-09-23,P06,T05,Baja,Autocontrol,En Tratamiento,,,R08,156469
NC-102775,2016-09-23,P05,T01,Baja,Autocontrol,Cerrada,2016-10-22,29,R23,165579
NC-103067,2016-09-25,P07,T06,Media,Auditoría Externa,Abierta,,,R01,783081
NC-101830,2016-09-27,P02,T03,Alta,Inspección de Calidad,Cerrada,2016-10-08,11,R23,927397
NC-100221,2016-09-29,P02,T04,Media,Auditoría Interna,Cerrada,2016-10-15,16,R20,357444
NC-101818,2016-09-30,P08,T04,Alta,Auditoría Externa,Cerrada,2016-11-09,40,R11,1105631
NC-100696,2016-09-30,P04,T02,Media,Auditoría Interna,Cerrada,2016-10-13,13,R08,704703
NC-101137,2016-10-01,P07,T03,Media,Auditoría Interna,En Tratamiento,,,R11,523507
NC-102462,2016-10-02,P01,T06,Baja,Auditoría Interna,Cerrada,2016-10-15,13,R11,32304
NC-102494,2016-10-03,P06,T01,Crítica,Auditoría Externa,Cerrada,2016-10-29,26,R21,1893658
NC-102069,2016-10-03,P02,T04,Baja,Queja de Cliente,En Tratamiento,,,R23,206972
NC-100646,2016-10-05,P02,T03,Media,Queja de Cliente,Cerrada,2016-10-22,17,R11,344167
NC-103479,2016-10-06,P03,T05,Media,Inspección de Calidad,Cerrada,2016-10-21,15,R09,1131976
NC-104934,2016-10-07,P03,T05,Media,Autocontrol,Cerrada,2016-10-19,12,R21,575829
NC-102130,2016-10-07,P08,T02,Media,Auditoría Interna,Cerrada,2016-10-22,15,R20,752878
NC-101966,2016-10-10,P08,T04,Baja,Auditoría Externa,Cerrada,2016-10-28,18,R09,191975
NC-105839,2016-10-11,P04,T02,Alta,Inspección de Calidad,Cerrada,2016-10-19,8,R02,357007
NC-106061,2016-10-13,P08,T06,Alta,Auditoría Externa,Cerrada,2016-10-24,11,R17,974973
NC-104337,2016-10-14,P05,T04,Crítica,Inspección de Calidad,Cerrada,2016-10-27,13,R20,904634
NC-104427,2016-10-14,P04,T05,Baja,Auditoría Externa,Cerrada,2016-10-27,13,R21,277898
NC-100833,2016-10-15,P08,T01,Alta,Queja de Cliente,En Tratamiento,,,R14,842293
NC-105479,2016-10-16,P07,T01,Alta,Autocontrol,Cerrada,2016-10-22,6,R21,182306
NC-103567,2016-10-16,P05,T06,Crítica,Auditoría Externa,Cerrada,2016-10-19,3,R08,275962
NC-103150,2016-10-17,P07,T01,Alta,Autocontrol,Cerrada,2016-10-30,13,R14,439893
NC-102827,2016-10-18,P06,T06,Media,Auditoría Interna,Cerrada,2016-10-22,4,R09,153144
NC-103510,2016-10-18,P06,T04,Crítica,Queja de Cliente,En Tratamiento,,,R18,286666
NC-102094,2016-10-19,P07,T03,Alta,Queja de Cliente,Cerrada,2016-10-24,5,R17,455558
NC-105577,2016-10-19,P01,T05,Media,Queja de Cliente,Cerrada,2016-10-23,4,R17,741863
NC-102590,2016-10-20,P03,T06,Baja,Auditoría Externa,Cerrada,2016-11-02,13,R18,202136
NC-105485,2016-10-20,P01,T02,Media,Auditoría Interna,Cerrada,2016-11-13,24,R14,202453
NC-106163,2016-10-21,P03,T06,Alta,Inspección de Calidad,Cerrada,2016-10-23,2,R14,391868
NC-104375,2016-10-22,P02,T03,Crítica,Auditoría Interna,Abierta,,,R18,110032
NC-100825,2016-10-25,P03,T03,Baja,Auditoría Interna,Cerrada,2016-11-16,22,R11,220982
NC-104844,2016-10-25,P08,T02,Alta,Inspección de Calidad,Cerrada,2016-11-22,28,R14,277854
NC-101248,2016-10-26,P07,T04,Media,Auditoría Externa,Cerrada,2016-11-01,6,R14,684296
NC-105072,2016-10-28,P08,T01,Alta,Auditoría Interna,Abierta,,,R16,1481264
NC-104269,2016-10-29,P01,T05,Media,Inspección de Calidad,Cerrada,2016-11-08,10,R21,758184
NC-101265,2016-10-30,P03,T04,Baja,Auditoría Externa,Cerrada,2016-11-23,24,R23,565823
NC-102259,2016-10-31,P06,T01,Baja,Auditoría Externa,Abierta,,,R13,359847
NC-101156,2016-11-01,P07,T01,Baja,Autocontrol,Cerrada,2016-11-09,8,R08,238743
NC-105463,2016-11-02,P05,T02,Media,Queja de Cliente,Cerrada,2016-11-06,4,R09,139825
NC-101434,2016-11-02,P02,T04,Alta,Queja de Cliente,Cerrada,2016-11-06,4,R09,34108
NC-104389,2016-11-02,P01,T03,Alta,Inspección de Calidad,Cerrada,2016-11-04,2,R01,220996
NC-101382,2016-11-02,P01,T05,Media,Inspección de Calidad,Cerrada,2016-11-12,10,R19,847046
NC-100496,2016-11-04,P03,T05,Media,Inspección de Calidad,Cerrada,2016-11-17,13,R01,781510
NC-100212,2016-11-05,P04,T02,Media,Autocontrol,Cerrada,2016-11-11,6,R17,177739
NC-101338,2016-11-08,P03,T05,Media,Inspección de Calidad,Cerrada,2016-11-19,11,R16,601497
NC-105041,2016-11-09,P02,T05,Baja,Auditoría Externa,Cerrada,2016-11-23,14,R23,228506
NC-100364,2016-11-09,P07,T01,Crítica,Queja de Cliente,Cerrada,2016-11-19,10,R19,197184
NC-104184,2016-11-10,P08,T04,Media,Auditoría Interna,En Tratamiento,,,R17,241707
NC-101422,2016-11-10,P03,T01,Baja,Queja de Cliente,Cerrada,2016-11-22,12,R16,621363
NC-103130,2016-11-11,P06,T06,Media,Auditoría Interna,Cerrada,2016-11-19,8,R18,202781
NC-104562,2016-11-16,P06,T03,Crítica,Queja de Cliente,Cerrada,2016-11-17,1,R09,1160069
NC-104256,2016-11-17,P01,T06,Media,Inspección de Calidad,Abierta,,,R08,485808
NC-103932,2016-11-21,P07,T06,Media,Inspección de Calidad,Abierta,,,R09,659005
NC-103772,2016-11-21,P01,T06,Media,Auditoría Externa,Cerrada,2016-11-27,6,R16,320285
NC-104616,2016-11-23,P07,T02,Media,Auditoría Interna,Cerrada,2016-11-26,3,R14,461347
NC-103182,2016-11-25,P02,T04,Media,Autocontrol,Cerrada,2016-12-01,6,R08,134056
NC-104927,2016-11-25,P04,T02,Baja,Queja de Cliente,Cerrada,2016-12-01,6,R14,99124
NC-101366,2016-11-26,P04,T06,Baja,Inspección de Calidad,Cerrada,2016-12-01,5,R14,319200
NC-101852,2016-11-27,P04,T03,Media,Queja de Cliente,En Tratamiento,,,R18,513608
NC-105682,2016-11-27,P03,T01,Media,Auditoría Externa,Cerrada,2016-12-09,12,R17,501600
NC-106017,2016-11-28,P03,T02,Baja,Queja de Cliente,En Tratamiento,,,R08,171729
NC-103133,2016-11-28,P08,T06,Media,Auditoría Interna,Cerrada,2016-12-13,15,R09,399858
NC-103460,2016-11-28,P08,T03,Baja,Autocontrol,Cerrada,2016-12-03,5,R20,133998
NC-100853,2016-11-29,P06,T04,Baja,Auditoría Externa,Cerrada,2016-12-23,24,R19,64203
NC-105346,2016-11-29,P04,T04,Baja,Queja de Cliente,Cerrada,2016-12-08,9,R08,82633
NC-100968,2016-11-30,P08,T02,Baja,Autocontrol,Cerrada,2016-12-03,3,R11,236552
NC-103786,2016-12-01,P04,T01,Alta,Autocontrol,Cerrada,2016-12-06,5,R11,2088813
NC-101987,2016-12-01,P02,T04,Crítica,Auditoría Externa,En Tratamiento,,,R02,2153216
NC-104512,2016-12-03,P07,T04,Baja,Auditoría Externa,Cerrada,2016-12-08,5,R20,480018
NC-100593,2016-12-03,P04,T03,Media,Autocontrol,Cerrada,2016-12-26,23,R16,424674
NC-102349,2016-12-04,P07,T03,Baja,Inspección de Calidad,Cerrada,2016-12-11,7,R16,140264
NC-101820,2016-12-06,P01,T04,Baja,Queja de Cliente,Cerrada,2016-12-12,6,R02,118977
NC-104834,2016-12-08,P08,T06,Crítica,Auditoría Externa,Cerrada,2016-12-20,12,R01,560302
NC-102036,2016-12-09,P01,T03,Media,Inspección de Calidad,En Tratamiento,,,R20,171736
NC-101531,2016-12-09,P02,T04,Alta,Auditoría Interna,Cerrada,2016-12-20,11,R14,1185437
NC-100523,2016-12-11,P03,T03,Alta,Autocontrol,Cerrada,2016-12-23,12,R21,923603
NC-105489,2016-12-11,P03,T01,Baja,Autocontrol,Cerrada,2016-12-25,14,R13,152219
NC-101383,2016-12-14,P03,T06,Baja,Autocontrol,Cerrada,2016-12-19,5,R01,111216
NC-101096,2016-12-15,P05,T03,Media,Queja de Cliente,Cerrada,2016-12-25,10,R19,362626
NC-103574,2016-12-15,P02,T06,Media,Auditoría Interna,Cerrada,2016-12-22,7,R01,407698
NC-102722,2016-12-15,P07,T03,Crítica,Auditoría Interna,Cerrada,2017-01-06,22,R13,524343
NC-102117,2016-12-16,P07,T04,Alta,Auditoría Interna,Cerrada,2017-01-06,21,R19,1217385
NC-100938,2016-12-17,P06,T05,Alta,Autocontrol,Cerrada,2016-12-29,12,R09,1057596
NC-104046,2016-12-17,P07,T01,Baja,Auditoría Externa,Cerrada,2016-12-23,6,R21,271103
NC-100260,2016-12-20,P02,T02,Media,Auditoría Interna,Cerrada,2016-12-27,7,R20,82031
NC-102495,2016-12-21,P01,T05,Media,Inspección de Calidad,Cerrada,2016-12-27,6,R08,490139
NC-100041,2016-12-23,P06,T03,Alta,Autocontrol,Cerrada,2017-01-12,20,R19,906624
NC-101449,2016-12-23,P01,T03,Media,Inspección de Calidad,Cerrada,2016-12-31,8,R23,314098
NC-100970,2016-12-23,P02,T04,Media,Queja de Cliente,Cerrada,2016-12-25,2,R13,375970
NC-102535,2016-12-24,P03,T02,Alta,Autocontrol,Cerrada,2016-12-30,6,R19,416406
NC-105701,2016-12-25,P05,T05,Alta,Auditoría Interna,Cerrada,2017-01-05,11,R16,652372
NC-101420,2016-12-26,P04,T05,Baja,Auditoría Externa,Cerrada,2016-12-30,4,R17,74959
NC-101744,2016-12-26,P02,T05,Crítica,Inspección de Calidad,Cerrada,2017-01-09,14,R19,667924
NC-105103,2016-12-29,P03,T04,Alta,Inspección de Calidad,Cerrada,2017-01-09,11,R02,681445
NC-103160,2016-12-29,P07,T04,Media,Auditoría Interna,En Tratamiento,,,R19,1060722
NC-105017,2016-12-31,P08,T02,Alta,Inspección de Calidad,Cerrada,2017-01-08,8,R14,162260
NC-104227,2017-01-04,P07,T05,Media,Inspección de Calidad,En Tratamiento,,,R14,108299
NC-103493,2017-01-05,P08,T03,Media,Auditoría Interna,Cerrada,2017-01-08,3,R08,598876
NC-104306,2017-01-08,P01,T05,Baja,Autocontrol,Cerrada,2017-01-24,16,R18,103417
NC-104589,2017-01-08,P02,T04,Baja,Queja de Cliente,En Tratamiento,,,R16,498719
NC-104310,2017-01-08,P06,T05,Media,Auditoría Interna,Cerrada,2017-01-16,8,R01,306826
NC-100642,2017-01-08,P07,T05,Baja,Inspección de Calidad,Cerrada,2017-01-12,4,R13,707584
NC-103139,2017-01-09,P05,T02,Baja,Auditoría Externa,Cerrada,2017-01-18,9,R21,80621
NC-100105,2017-01-11,P05,T02,Baja,Queja de Cliente,Abierta,,,R20,377452
NC-100613,2017-01-13,P03,T05,Crítica,Auditoría Interna,Cerrada,2017-01-29,16,R09,544506
NC-104540,2017-01-15,P08,T01,Alta,Auditoría Interna,Cerrada,2017-01-23,8,R13,2649928
NC-102151,2017-01-15,P04,T02,Baja,Auditoría Interna,Cerrada,2017-02-07,23,R02,87182
NC-102958,2017-01-17,P07,T01,Alta,Auditoría Interna,En Tratamiento,,,R02,829846
NC-101421,2017-01-17,P03,T02,Media,Inspección de Calidad,Abierta,,,R19,4910
NC-100360,2017-01-18,P04,T02,Baja,Queja de Cliente,Cerrada,2017-01-28,10,R02,446156
NC-105989,2017-01-18,P03,T02,Media,Auditoría Externa,Cerrada,2017-01-31,13,R01,41090
NC-101800,2017-01-18,P05,T02,Media,Queja de Cliente,Cerrada,2017-02-04,17,R19,90568
NC-100989,2017-01-18,P04,T03,Baja,Auditoría Externa,Cerrada,2017-01-21,3,R18,266992
NC-105384,2017-01-19,P04,T02,Alta,Auditoría Interna,Cerrada,2017-02-02,14,R08,674685
NC-105969,2017-01-19,P07,T01,Alta,Queja de Cliente,Cerrada,2017-01-24,5,R14,174783
NC-100983,2017-01-23,P08,T03,Crítica,Auditoría Interna,Cerrada,2017-02-10,18,R13,128265
NC-105248,2017-01-23,P05,T06,Media,Inspección de Calidad,Cerrada,2017-02-13,21,R13,188811
NC-106189,2017-01-24,P03,T06,Alta,Auditoría Externa,Cerrada,2017-01-28,4,R21,1027624
NC-101190,2017-01-25,P02,T04,Alta,Auditoría Interna,Cerrada,2017-01-28,3,R09,642618
NC-100036,2017-01-25,P02,T04,Baja,Queja de Cliente,Cerrada,2017-02-06,12,R21,45962
NC-100156,2017-01-25,P03,T04,Crítica,Queja de Cliente,Cerrada,2017-02-11,17,R18,191171
NC-101518,2017-01-26,P03,T03,Media,Inspección de Calidad,Cerrada,2017-02-09,14,R21,469706
NC-100128,2017-01-28,P06,T06,Baja,Queja de Cliente,Abierta,,,R09,244823
NC-105709,2017-01-28,P08,T01,Baja,Queja de Cliente,Cerrada,2017-02-11,14,R01,110143
NC-101388,2017-01-28,P08,T04,Alta,Auditoría Interna,Cerrada,2017-02-04,7,R01,1198409
NC-100120,2017-01-30,P08,T02,Baja,Queja de Cliente,Cerrada,2017-02-05,6,R09,520857
NC-104457,2017-01-31,P07,T03,Media,Autocontrol,Cerrada,2017-02-03,3,R21,483476
NC-104426,2017-02-02,P05,T03,Alta,Queja de Cliente,Cerrada,2017-03-04,30,R18,959461
NC-102832,2017-02-03,P03,T03,Crítica,Inspección de Calidad,Abierta,,,R21,1072139
NC-102860,2017-02-03,P03,T04,Alta,Inspección de Calidad,Cerrada,2017-02-23,20,R13,394578
NC-100715,2017-02-06,P05,T06,Baja,Autocontrol,Cerrada,2017-02-08,2,R11,318151
NC-102285,2017-02-07,P02,T06,Media,Auditoría Interna,Cerrada,2017-02-10,3,R11,1058422
NC-103868,2017-02-07,P02,T06,Baja,Auditoría Externa,Cerrada,2017-02-10,3,R16,129383
NC-103183,2017-02-08,P04,T06,Media,Inspección de Calidad,Cerrada,2017-02-15,7,R18,557846
NC-104066,2017-02-10,P02,T03,Baja,Inspección de Calidad,Cerrada,2017-02-21,11,R23,222827
NC-102470,2017-02-10,P01,T01,Alta,Inspección de Calidad,En Tratamiento,,,R02,533884
NC-100277,2017-02-12,P01,T01,Baja,Queja de Cliente,Cerrada,2017-02-20,8,R08,991827
NC-101894,2017-02-13,P08,T03,Alta,Queja de Cliente,Cerrada,2017-03-02,17,R09,738942
NC-105551,2017-02-14,P03,T06,Alta,Auditoría Externa,Cerrada,2017-02-23,9,R20,1073005
NC-100410,2017-02-16,P06,T05,Alta,Auditoría Interna,Cerrada,2017-03-05,17,R14,641983
NC-105644,2017-02-17,P03,T06,Media,Inspección de Calidad,Cerrada,2017-02-27,10,R09,698541
NC-100161,2017-02-17,P03,T01,Media,Queja de Cliente,Cerrada,2017-02-22,5,R09,228510
NC-105520,2017-02-18,P05,T03,Media,Autocontrol,Cerrada,2017-02-22,4,R23,1420779
NC-100117,2017-02-18,P03,T02,Media,Auditoría Interna,Cerrada,2017-02-27,9,R14,529653
NC-103330,2017-02-19,P03,T01,Alta,Auditoría Externa,Cerrada,2017-03-06,15,R19,761565
NC-104341,2017-02-20,P02,T02,Baja,Inspección de Calidad,Abierta,,,R09,118610
NC-101026,2017-02-20,P02,T01,Alta,Queja de Cliente,Cerrada,2017-02-28,8,R20,1110513
NC-103451,2017-02-20,P05,T04,Alta,Queja de Cliente,Cerrada,2017-03-01,9,R14,1568841
NC-102652,2017-02-22,P02,T01,Media,Queja de Cliente,En Tratamiento,,,R13,1304304
NC-101824,2017-02-22,P06,T02,Media,Auditoría Externa,Cerrada,2017-03-02,8,R21,1200243
NC-104404,2017-02-23,P06,T05,Alta,Auditoría Externa,Cerrada,2017-02-28,5,R16,1538519
NC-100307,2017-02-24,P04,T05,Media,Autocontrol,Cerrada,2017-03-03,7,R19,504700
NC-102609,2017-02-25,P07,T06,Media,Auditoría Externa,Cerrada,2017-03-04,7,R11,118947
NC-103531,2017-02-25,P08,T03,Media,Inspección de Calidad,Cerrada,2017-03-01,4,R20,648317
NC-101803,2017-02-26,P08,T04,Alta,Auditoría Externa,Cerrada,2017-02-28,2,R18,337706
NC-105888,2017-02-27,P03,T03,Baja,Autocontrol,Cerrada,2017-03-21,22,R02,403235
NC-102800,2017-02-27,P02,T01,Alta,Inspección de Calidad,Cerrada,2017-03-06,7,R18,2049870
NC-102015,2017-02-27,P04,T06,Media,Inspección de Calidad,Abierta,,,R09,241241
NC-101738,2017-02-27,P04,T02,Media,Inspección de Calidad,Cerrada,2017-03-10,11,R20,1257161
NC-103850,2017-03-03,P01,T05,Alta,Auditoría Interna,Cerrada,2017-03-15,12,R02,233978
NC-105956,2017-03-06,P06,T02,Media,Inspección de Calidad,Cerrada,2017-03-31,25,R01,746946
NC-105461,2017-03-08,P07,T06,Media,Inspección de Calidad,Cerrada,2017-03-31,23,R21,1081654
NC-103651,2017-03-08,P01,T05,Baja,Queja de Cliente,Abierta,,,R21,235444
NC-105203,2017-03-08,P08,T04,Alta,Inspección de Calidad,Abierta,,,R20,1037735
NC-100857,2017-03-08,P05,T06,Baja,Queja de Cliente,Cerrada,2017-03-30,22,R23,627173
NC-106050,2017-03-09,P04,T04,Media,Autocontrol,Cerrada,2017-03-10,1,R14,382531
NC-101314,2017-03-10,P04,T06,Alta,Auditoría Interna,Abierta,,,R18,917973
NC-102600,2017-03-13,P06,T05,Media,Queja de Cliente,Cerrada,2017-03-23,10,R17,299869
NC-101124,2017-03-15,P03,T06,Alta,Auditoría Interna,Cerrada,2017-04-01,17,R08,341688
NC-102402,2017-03-16,P07,T06,Media,Inspección de Calidad,Cerrada,2017-03-25,9,R13,266284
NC-100073,2017-03-18,P05,T03,Alta,Auditoría Externa,Cerrada,2017-04-03,16,R13,2292134
NC-105923,2017-03-18,P05,T04,Media,Auditoría Externa,Cerrada,2017-04-09,22,R02,315199
NC-101735,2017-03-22,P03,T03,Alta,Autocontrol,Cerrada,2017-04-03,12,R17,560092
NC-103910,2017-03-22,P05,T04,Alta,Autocontrol,Cerrada,2017-03-25,3,R16,1097711
NC-100253,2017-03-22,P05,T05,Crítica,Autocontrol,Cerrada,2017-03-31,9,R20,624114
NC-104954,2017-03-23,P06,T04,Crítica,Auditoría Externa,En Tratamiento,,,R20,3545869
NC-103032,2017-03-24,P02,T02,Media,Autocontrol,Cerrada,2017-04-05,12,R02,874465
NC-104416,2017-03-25,P06,T06,Media,Inspección de Calidad,Cerrada,2017-04-09,15,R18,539315
NC-104527,2017-03-25,P06,T04,Baja,Autocontrol,Cerrada,2017-04-11,17,R11,134284
NC-105732,2017-03-27,P02,T02,Crítica,Inspección de Calidad,Cerrada,2017-04-07,11,R11,1395866
NC-106066,2017-03-29,P01,T02,Media,Queja de Cliente,Cerrada,2017-04-07,9,R16,156839
NC-105247,2017-03-30,P08,T05,Media,Inspección de Calidad,Cerrada,2017-04-11,12,R11,1072583
NC-105421,2017-03-31,P02,T02,Baja,Inspección de Calidad,En Tratamiento,,,R08,55963
NC-101002,2017-04-01,P07,T02,Baja,Inspección de Calidad,Cerrada,2017-04-14,13,R14,394785
NC-102408,2017-04-01,P04,T04,Media,Auditoría Interna,Cerrada,2017-04-13,12,R13,94017
NC-100882,2017-04-03,P05,T06,Baja,Queja de Cliente,Cerrada,2017-04-11,8,R11,219103
NC-103995,2017-04-03,P06,T01,Alta,Autocontrol,Cerrada,2017-04-14,11,R19,1616160
NC-100923,2017-04-03,P02,T05,Alta,Inspección de Calidad,Cerrada,2017-04-15,12,R08,1234049
NC-105344,2017-04-07,P06,T04,Media,Inspección de Calidad,Cerrada,2017-04-18,11,R17,428051
NC-105129,2017-04-07,P03,T05,Baja,Queja de Cliente,Cerrada,2017-04-28,21,R02,402489
NC-104296,2017-04-08,P08,T04,Baja,Autocontrol,Cerrada,2017-04-15,7,R21,189783
NC-105595,2017-04-09,P07,T02,Baja,Auditoría Interna,Cerrada,2017-04-17,8,R18,24197
NC-100226,2017-04-09,P08,T06,Media,Queja de Cliente,Cerrada,2017-04-15,6,R13,50744
NC-101261,2017-04-09,P04,T02,Media,Queja de Cliente,Cerrada,2017-04-26,17,R21,623650
NC-100242,2017-04-10,P02,T04,Alta,Queja de Cliente,Cerrada,2017-05-03,23,R20,700560
NC-103701,2017-04-10,P05,T06,Media,Auditoría Externa,Cerrada,2017-04-24,14,R19,785565
NC-104139,2017-04-11,P08,T02,Media,Auditoría Interna,Cerrada,2017-05-04,23,R09,171769
NC-103300,2017-04-13,P01,T01,Media,Auditoría Interna,Cerrada,2017-05-02,19,R02,432575
NC-101091,2017-04-14,P07,T02,Baja,Autocontrol,Cerrada,2017-05-05,21,R14,318066
NC-102915,2017-04-15,P01,T05,Media,Autocontrol,Cerrada,2017-04-22,7,R11,589430
NC-103843,2017-04-19,P05,T01,Alta,Autocontrol,Cerrada,2017-04-25,6,R18,621564
NC-105138,2017-04-20,P04,T03,Baja,Inspección de Calidad,Cerrada,2017-05-03,13,R19,485692
NC-102576,2017-04-21,P01,T02,Alta,Inspección de Calidad,Cerrada,2017-05-05,14,R02,628058
NC-104123,2017-04-22,P08,T06,Alta,Inspección de Calidad,Cerrada,2017-04-27,5,R20,686766
NC-103056,2017-04-23,P02,T06,Media,Auditoría Interna,Abierta,,,R16,441644
NC-102279,2017-04-24,P07,T04,Alta,Auditoría Externa,Cerrada,2017-04-30,6,R08,1072719
NC-103586,2017-04-25,P06,T05,Media,Auditoría Interna,Cerrada,2017-04-29,4,R08,718457
NC-105741,2017-04-27,P07,T04,Baja,Auditoría Externa,Cerrada,2017-05-01,4,R01,221165
NC-102096,2017-05-01,P06,T03,Media,Auditoría Interna,Abierta,,,R21,307287
NC-103122,2017-05-01,P02,T05,Baja,Inspección de Calidad,Cerrada,2017-05-16,15,R01,309880
NC-105668,2017-05-02,P04,T01,Baja,Auditoría Interna,Cerrada,2017-05-19,17,R13,311549
NC-102659,2017-05-03,P04,T02,Media,Auditoría Externa,Cerrada,2017-05-12,9,R01,262274
NC-100603,2017-05-03,P07,T04,Baja,Queja de Cliente,Cerrada,2017-05-16,13,R14,226833
NC-105047,2017-05-05,P05,T05,Media,Autocontrol,Cerrada,2017-05-19,14,R17,761191
NC-100871,2017-05-08,P06,T03,Media,Inspección de Calidad,En Tratamiento,,,R20,829910
NC-102671,2017-05-08,P08,T03,Baja,Auditoría Externa,Cerrada,2017-05-14,6,R19,40040
NC-105784,2017-05-08,P08,T02,Media,Inspección de Calidad,Cerrada,2017-06-04,27,R19,216399
NC-101313,2017-05-09,P03,T04,Media,Queja de Cliente,En Tratamiento,,,R16,489857
NC-101895,2017-05-09,P01,T05,Media,Auditoría Externa,Cerrada,2017-05-23,14,R21,1079040
NC-105377,2017-05-10,P01,T05,Alta,Auditoría Externa,Cerrada,2017-05-31,21,R18,1141413
NC-105548,2017-05-10,P02,T05,Media,Inspección de Calidad,Cerrada,2017-05-15,5,R18,900349
NC-105497,2017-05-12,P02,T04,Alta,Autocontrol,En Tratamiento,,,R11,797748
NC-104570,2017-05-12,P01,T05,Baja,Auditoría Interna,Cerrada,2017-05-31,19,R19,254274
NC-105395,2017-05-12,P06,T02,Media,Autocontrol,Cerrada,2017-05-15,3,R23,234580
NC-105174,2017-05-13,P01,T04,Media,Auditoría Externa,Cerrada,2017-06-03,21,R19,545860
NC-101177,2017-05-15,P01,T02,Media,Autocontrol,Cerrada,2017-06-14,30,R13,373519
NC-104220,2017-05-16,P01,T06,Alta,Queja de Cliente,Cerrada,2017-05-22,6,R13,307389
NC-102913,2017-05-16,P08,T06,Alta,Inspección de Calidad,Cerrada,2017-05-28,12,R19,231496
NC-101270,2017-05-17,P02,T04,Media,Queja de Cliente,Cerrada,2017-05-22,5,R13,519190
NC-104498,2017-05-17,P03,T03,Baja,Inspección de Calidad,Cerrada,2017-05-26,9,R19,307608
NC-105299,2017-05-18,P06,T06,Media,Inspección de Calidad,En Tratamiento,,,R14,145125
NC-103791,2017-05-18,P05,T01,Media,Inspección de Calidad,Cerrada,2017-05-31,13,R08,119362
NC-106031,2017-05-18,P05,T02,Crítica,Inspección de Calidad,Cerrada,2017-05-22,4,R14,447200
NC-105486,2017-05-19,P04,T04,Alta,Autocontrol,Cerrada,2017-05-28,9,R20,379603
NC-100525,2017-05-20,P04,T06,Baja,Autocontrol,Cerrada,2017-05-31,11,R09,452590
NC-102050,2017-05-21,P02,T02,Alta,Autocontrol,Abierta,,,R14,1590539
NC-104642,2017-05-22,P03,T02,Media,Inspección de Calidad,Cerrada,2017-05-25,3,R23,373129
NC-104164,2017-05-23,P06,T06,Media,Autocontrol,Cerrada,2017-05-28,5,R19,105584
NC-103396,2017-05-24,P02,T05,Media,Inspección de Calidad,Cerrada,2017-05-25,1,R23,199940
NC-101302,2017-05-25,P06,T06,Media,Inspección de Calidad,Cerrada,2017-05-28,3,R09,262999
NC-101276,2017-05-26,P06,T05,Media,Auditoría Externa,Cerrada,2017-05-27,1,R08,843263
NC-103675,2017-05-27,P08,T03,Baja,Auditoría Externa,Cerrada,2017-06-08,12,R01,401208
NC-104429,2017-05-29,P02,T01,Media,Autocontrol,Cerrada,2017-06-12,14,R19,811859
NC-102204,2017-05-30,P04,T03,Crítica,Inspección de Calidad,Cerrada,2017-06-20,21,R18,808001
NC-104248,2017-05-30,P01,T02,Media,Queja de Cliente,Cerrada,2017-06-05,6,R14,585631
NC-104300,2017-06-01,P08,T05,Alta,Queja de Cliente,Cerrada,2017-06-15,14,R02,409252
NC-102406,2017-06-02,P06,T04,Alta,Inspección de Calidad,Cerrada,2017-06-06,4,R16,630504
NC-101919,2017-06-02,P02,T01,Media,Inspección de Calidad,Cerrada,2017-06-14,12,R20,301170
NC-100173,2017-06-04,P04,T02,Baja,Inspección de Calidad,Cerrada,2017-06-09,5,R16,80111
NC-106072,2017-06-04,P04,T05,Media,Autocontrol,Cerrada,2017-06-12,8,R02,420744
NC-105256,2017-06-04,P08,T06,Media,Auditoría Externa,En Tratamiento,,,R23,290069
NC-105207,2017-06-06,P04,T02,Media,Auditoría Externa,Cerrada,2017-06-17,11,R23,586630
NC-101850,2017-06-06,P03,T04,Baja,Inspección de Calidad,Cerrada,2017-06-27,21,R11,474108
NC-103725,2017-06-06,P08,T03,Baja,Autocontrol,Cerrada,2017-06-12,6,R13,83966
NC-103610,2017-06-06,P06,T05,Alta,Auditoría Externa,Cerrada,2017-06-26,20,R02,132247
NC-103011,2017-06-06,P01,T02,Media,Inspección de Calidad,Cerrada,2017-06-10,4,R19,398592
NC-105113,2017-06-07,P04,T06,Media,Inspección de Calidad,Cerrada,2017-06-23,16,R19,1039596
NC-100890,2017-06-08,P02,T06,Baja,Auditoría Interna,Cerrada,2017-06-15,7,R23,561566
NC-105297,2017-06-08,P06,T01,Baja,Auditoría Externa,Cerrada,2017-06-22,14,R20,126461
NC-103245,2017-06-09,P08,T06,Media,Auditoría Interna,Cerrada,2017-06-29,20,R02,122067
NC-104382,2017-06-09,P07,T04,Media,Auditoría Interna,Abierta,,,R14,979869
NC-101756,2017-06-11,P04,T04,Alta,Queja de Cliente,Cerrada,2017-06-24,13,R20,2081809
NC-104932,2017-06-12,P04,T06,Baja,Inspección de Calidad,Cerrada,2017-06-24,12,R17,19207
NC-102702,2017-06-13,P03,T03,Alta,Auditoría Externa,Cerrada,2017-06-28,15,R16,513832
NC-102135,2017-06-14,P05,T06,Crítica,Inspección de Calidad,Cerrada,2017-06-25,11,R23,850903
NC-100252,2017-06-14,P04,T02,Baja,Auditoría Interna,Cerrada,2017-07-02,18,R09,202214
NC-100224,2017-06-16,P02,T03,Media,Queja de Cliente,Cerrada,2017-06-21,5,R14,836370
NC-100826,2017-06-21,P03,T04,Alta,Queja de Cliente,En Tratamiento,,,R20,986487
NC-103550,2017-06-22,P04,T02,Alta,Queja de Cliente,Cerrada,2017-07-04,12,R22,351603
NC-100165,2017-06-22,P05,T03,Alta,Autocontrol,Cerrada,2017-06-25,3,R08,1406961
NC-105271,2017-06-22,P03,T05,Crítica,Auditoría Externa,Cerrada,2017-07-04,12,R19,844811
NC-101977,2017-06-22,P08,T01,Alta,Inspección de Calidad,En Tratamiento,,,R21,322650
NC-105167,2017-06-22,P02,T03,Media,Autocontrol,Cerrada,2017-06-30,8,R08,445520
NC-103835,2017-06-22,P02,T05,Alta,Autocontrol,Cerrada,2017-06-29,7,R21,254641
NC-102985,2017-06-24,P07,T03,Baja,Auditoría Interna,Abierta,,,R08,44084
NC-105680,2017-06-25,P03,T02,Media,Auditoría Interna,Cerrada,2017-07-07,12,R19,684624
NC-105313,2017-06-25,P02,T02,Media,Autocontrol,Cerrada,2017-06-26,1,R09,270849
NC-100877,2017-06-27,P08,T01,Alta,Auditoría Externa,Cerrada,2017-07-26,29,R13,2005446
NC-105730,2017-06-28,P06,T04,Alta,Auditoría Interna,En Tratamiento,,,R18,214327
NC-103102,2017-06-29,P04,T05,Media,Auditoría Externa,Cerrada,2017-07-19,20,R19,189884
NC-105970,2017-07-01,P02,T06,Alta,Auditoría Externa,Cerrada,2017-07-09,8,R08,295278
NC-102001,2017-07-04,P07,T05,Alta,Autocontrol,Cerrada,2017-07-19,15,R14,1167092
NC-104073,2017-07-04,P07,T01,Baja,Queja de Cliente,Cerrada,2017-07-10,6,R08,74818
NC-103227,2017-07-05,P04,T02,Crítica,Queja de Cliente,Cerrada,2017-07-24,19,R16,1754538
NC-102812,2017-07-05,P06,T02,Baja,Queja de Cliente,Abierta,,,R20,217209
NC-104200,2017-07-06,P01,T06,Media,Inspección de Calidad,Cerrada,2017-07-09,3,R08,387048
NC-100011,2017-07-07,P08,T02,Crítica,Auditoría Interna,Cerrada,2017-07-16,9,R16,1276753
NC-100719,2017-07-08,P01,T03,Baja,Queja de Cliente,Cerrada,2017-07-17,9,R22,227967
NC-104885,2017-07-08,P04,T05,Crítica,Auditoría Interna,Cerrada,2017-07-16,8,R18,1963567
NC-101220,2017-07-08,P05,T04,Baja,Inspección de Calidad,Cerrada,2017-07-18,10,R18,342817
NC-103481,2017-07-08,P07,T01,Baja,Queja de Cliente,Cerrada,2017-07-24,16,R21,30333
NC-101881,2017-07-09,P04,T01,Media,Inspección de Calidad,Cerrada,2017-07-25,16,R22,851495
NC-102455,2017-07-10,P03,T02,Baja,Inspección de Calidad,Cerrada,2017-07-20,10,R02,387693
NC-104280,2017-07-10,P03,T01,Media,Autocontrol,Cerrada,2017-07-17,7,R11,1067016
NC-103050,2017-07-12,P07,T01,Alta,Queja de Cliente,Cerrada,2017-08-04,23,R21,1628718
NC-100726,2017-07-13,P06,T02,Alta,Autocontrol,Cerrada,2017-08-02,20,R14,263409
NC-101381,2017-07-13,P02,T05,Baja,Autocontrol,Abierta,,,R23,246061
NC-101888,2017-07-14,P08,T06,Alta,Auditoría Interna,Cerrada,2017-08-19,36,R13,194311
NC-104915,2017-07-14,P01,T01,Media,Inspección de Calidad,Cerrada,2017-07-26,12,R11,96548
NC-104662,2017-07-14,P04,T04,Media,Autocontrol,Cerrada,2017-07-26,12,R02,135328
NC-102326,2017-07-16,P02,T04,Alta,Auditoría Interna,Abierta,,,R14,1629771
NC-105278,2017-07-16,P03,T05,Media,Auditoría Interna,Cerrada,2017-07-22,6,R09,412965
NC-104160,2017-07-16,P03,T05,Crítica,Auditoría Interna,Cerrada,2017-07-24,8,R18,885907
NC-104756,2017-07-17,P02,T06,Baja,Auditoría Interna,Cerrada,2017-07-28,11,R09,219390
NC-101255,2017-07-18,P04,T04,Alta,Inspección de Calidad,Cerrada,2017-08-02,15,R19,104559
NC-102863,2017-07-19,P07,T03,Media,Auditoría Interna,Cerrada,2017-07-29,10,R13,387944
NC-101812,2017-07-22,P05,T01,Crítica,Auditoría Externa,Cerrada,2017-08-03,12,R11,1483605
NC-106005,2017-07-24,P07,T02,Baja,Autocontrol,En Tratamiento,,,R21,82123
NC-104896,2017-07-24,P06,T02,Alta,Autocontrol,En Tratamiento,,,R14,38015
NC-102201,2017-07-25,P02,T05,Alta,Autocontrol,Cerrada,2017-08-03,9,R21,65829
NC-101279,2017-07-25,P07,T03,Alta,Auditoría Externa,Cerrada,2017-08-01,7,R19,740944
NC-104877,2017-07-26,P05,T01,Baja,Queja de Cliente,Cerrada,2017-08-14,19,R20,248101
NC-105656,2017-07-27,P05,T06,Alta,Autocontrol,Cerrada,2017-08-10,14,R22,939942
NC-104092,2017-07-28,P01,T02,Media,Queja de Cliente,Cerrada,2017-08-17,20,R16,882868
NC-104142,2017-07-28,P02,T04,Baja,Inspección de Calidad,Cerrada,2017-08-07,10,R02,302726
NC-104547,2017-07-29,P07,T04,Alta,Autocontrol,Cerrada,2017-08-23,25,R08,822969
NC-103021,2017-07-29,P01,T02,Baja,Inspección de Calidad,Cerrada,2017-08-09,11,R14,162627
NC-101285,2017-07-29,P08,T05,Alta,Autocontrol,En Tratamiento,,,R20,621457
NC-100617,2017-07-31,P07,T03,Baja,Inspección de Calidad,Cerrada,2017-08-10,10,R18,28980
NC-103532,2017-07-31,P02,T06,Alta,Queja de Cliente,Cerrada,2017-08-16,16,R17,582767
NC-102230,2017-08-02,P03,T01,Alta,Autocontrol,En Tratamiento,,,R08,1196265
NC-102118,2017-08-02,P01,T03,Baja,Auditoría Interna,Cerrada,2017-08-05,3,R13,102643
NC-101649,2017-08-02,P06,T03,Media,Auditoría Interna,Cerrada,2017-08-13,11,R17,212293
NC-101167,2017-08-03,P05,T01,Media,Queja de Cliente,Cerrada,2017-08-14,11,R08,1042779
NC-102945,2017-08-06,P03,T01,Crítica,Autocontrol,Cerrada,2017-08-13,7,R18,2167252
NC-103098,2017-08-06,P01,T01,Baja,Auditoría Externa,Cerrada,2017-08-11,5,R21,109477
NC-105440,2017-08-06,P05,T03,Crítica,Auditoría Externa,Cerrada,2017-08-29,23,R20,1145332
NC-102585,2017-08-07,P08,T04,Media,Queja de Cliente,Cerrada,2017-08-11,4,R01,141987
NC-102589,2017-08-09,P05,T02,Media,Inspección de Calidad,Cerrada,2017-08-31,22,R23,606622
NC-106111,2017-08-09,P02,T03,Baja,Auditoría Interna,Cerrada,2017-08-14,5,R17,196505
NC-103285,2017-08-10,P01,T05,Media,Inspección de Calidad,En Tratamiento,,,R22,666794
NC-104475,2017-08-15,P06,T05,Baja,Autocontrol,En Tratamiento,,,R09,655989
NC-101833,2017-08-16,P06,T05,Baja,Auditoría Interna,Cerrada,2017-08-25,9,R21,467442
NC-104451,2017-08-18,P05,T04,Media,Auditoría Externa,Cerrada,2017-08-25,7,R02,355513
NC-103229,2017-08-18,P07,T02,Media,Auditoría Interna,Cerrada,2017-08-26,8,R17,388549
NC-103452,2017-08-19,P05,T02,Media,Auditoría Externa,Cerrada,2017-08-25,6,R09,244984
NC-104666,2017-08-19,P02,T04,Media,Autocontrol,Cerrada,2017-08-29,10,R08,1227665
NC-102871,2017-08-21,P07,T02,Baja,Inspección de Calidad,Cerrada,2017-08-25,4,R20,164934
NC-100692,2017-08-22,P04,T05,Alta,Queja de Cliente,Cerrada,2017-09-01,10,R22,718156
NC-105380,2017-08-23,P04,T02,Media,Queja de Cliente,Cerrada,2017-08-29,6,R08,610949
NC-103049,2017-08-23,P04,T06,Baja,Auditoría Externa,Cerrada,2017-09-02,10,R17,447533
NC-101786,2017-08-23,P08,T02,Media,Autocontrol,Cerrada,2017-09-04,12,R22,308653
NC-104399,2017-08-25,P05,T01,Baja,Inspección de Calidad,Cerrada,2017-08-27,2,R13,240388
NC-103083,2017-08-26,P03,T05,Alta,Auditoría Interna,Cerrada,2017-08-29,3,R02,983569
NC-103526,2017-08-26,P04,T04,Baja,Auditoría Interna,Cerrada,2017-09-01,6,R16,390382
NC-105818,2017-08-27,P07,T03,Media,Inspección de Calidad,En Tratamiento,,,R21,490197
NC-103009,2017-08-27,P02,T03,Media,Auditoría Externa,Cerrada,2017-09-06,10,R01,499256
NC-104929,2017-08-29,P05,T01,Alta,Auditoría Externa,Cerrada,2017-09-08,10,R21,1112355
NC-104792,2017-08-30,P06,T05,Alta,Queja de Cliente,Abierta,,,R01,1123097
NC-104277,2017-08-31,P02,T03,Media,Queja de Cliente,Cerrada,2017-09-04,4,R01,536470
NC-100357,2017-09-02,P01,T06,Media,Auditoría Externa,Cerrada,2017-09-04,2,R13,924298
NC-101640,2017-09-04,P04,T01,Baja,Auditoría Externa,Cerrada,2017-09-21,17,R01,286609
NC-101643,2017-09-05,P01,T06,Alta,Queja de Cliente,Cerrada,2017-09-21,16,R19,240761
NC-106047,2017-09-06,P06,T03,Baja,Auditoría Interna,Cerrada,2017-10-12,36,R14,228447
NC-105079,2017-09-07,P06,T04,Baja,Inspección de Calidad,Cerrada,2017-09-08,1,R22,333625
NC-102162,2017-09-08,P02,T01,Media,Auditoría Interna,Cerrada,2017-09-14,6,R19,596273
NC-101196,2017-09-09,P01,T05,Baja,Queja de Cliente,Cerrada,2017-09-13,4,R01,249294
NC-104772,2017-09-10,P03,T03,Baja,Autocontrol,Cerrada,2017-09-23,13,R19,121461
NC-101193,2017-09-11,P08,T05,Alta,Autocontrol,Cerrada,2017-10-06,25,R19,146623
NC-100830,2017-09-12,P04,T02,Media,Autocontrol,Cerrada,2017-09-22,10,R20,148442
NC-100283,2017-09-12,P07,T06,Media,Inspección de Calidad,Cerrada,2017-09-20,8,R13,404073
NC-101405,2017-09-12,P08,T04,Alta,Queja de Cliente,Cerrada,2017-09-25,13,R01,347019
NC-105148,2017-09-13,P04,T05,Baja,Auditoría Externa,Cerrada,2017-09-26,13,R18,77047
NC-102689,2017-09-14,P08,T06,Alta,Autocontrol,Cerrada,2017-09-30,16,R09,249309
NC-105626,2017-09-14,P02,T03,Media,Auditoría Interna,Cerrada,2017-09-17,3,R13,368994
NC-101398,2017-09-14,P03,T04,Baja,Autocontrol,Abierta,,,R19,58160
NC-101634,2017-09-15,P07,T04,Baja,Inspección de Calidad,En Tratamiento,,,R11,58353
NC-102605,2017-09-16,P05,T04,Crítica,Auditoría Externa,Cerrada,2017-09-21,5,R08,1032630
NC-104155,2017-09-16,P02,T02,Alta,Auditoría Interna,Cerrada,2017-09-28,12,R01,1208563
NC-102385,2017-09-16,P06,T04,Crítica,Auditoría Externa,Cerrada,2017-09-28,12,R09,660575
NC-105397,2017-09-16,P05,T01,Media,Autocontrol,Cerrada,2017-09-19,3,R13,313590
NC-104318,2017-09-17,P08,T06,Media,Inspección de Calidad,Cerrada,2017-10-07,20,R14,347036
NC-105356,2017-09-18,P07,T02,Alta,Queja de Cliente,Cerrada,2017-09-27,9,R11,2176431
NC-103727,2017-09-18,P07,T01,Baja,Auditoría Interna,Cerrada,2017-09-22,4,R18,117662
NC-100397,2017-09-19,P05,T03,Baja,Auditoría Externa,Cerrada,2017-10-03,14,R17,86195
NC-102708,2017-09-20,P05,T04,Media,Auditoría Interna,Abierta,,,R16,566756
NC-102811,2017-09-20,P05,T03,Baja,Auditoría Interna,Cerrada,2017-10-14,24,R08,188010
NC-104924,2017-09-22,P03,T02,Media,Autocontrol,Cerrada,2017-10-09,17,R19,38454
NC-105502,2017-09-22,P05,T01,Alta,Auditoría Interna,Cerrada,2017-10-04,12,R14,482641
NC-102366,2017-09-23,P02,T02,Alta,Auditoría Externa,En Tratamiento,,,R08,788985
NC-105983,2017-09-24,P07,T03,Baja,Inspección de Calidad,Abierta,,,R18,205932
NC-103428,2017-09-24,P04,T01,Crítica,Autocontrol,Cerrada,2017-10-09,15,R23,157616
NC-104260,2017-09-26,P02,T01,Media,Autocontrol,Cerrada,2017-10-09,13,R16,171325
NC-103234,2017-09-26,P04,T02,Baja,Auditoría Externa,Cerrada,2017-10-14,18,R16,266337
NC-103403,2017-09-29,P04,T03,Baja,Auditoría Externa,En Tratamiento,,,R20,149243
NC-104883,2017-09-30,P05,T02,Crítica,Autocontrol,Cerrada,2017-10-13,13,R13,2035600
NC-104946,2017-09-30,P04,T03,Media,Inspección de Calidad,Cerrada,2017-10-03,3,R13,1371361
NC-101201,2017-10-01,P05,T03,Media,Queja de Cliente,Cerrada,2017-10-05,4,R20,411456
NC-105413,2017-10-01,P04,T05,Baja,Auditoría Interna,Cerrada,2017-10-14,13,R20,87632
NC-104459,2017-10-01,P03,T05,Crítica,Auditoría Interna,En Tratamiento,,,R14,1005961
NC-105739,2017-10-04,P01,T04,Alta,Autocontrol,Cerrada,2017-10-07,3,R14,400660
NC-105700,2017-10-05,P01,T03,Alta,Inspección de Calidad,Cerrada,2017-10-21,16,R14,652625
NC-106102,2017-10-05,P06,T05,Alta,Auditoría Externa,Cerrada,2017-10-13,8,R16,840977
NC-104238,2017-10-05,P08,T04,Media,Auditoría Externa,En Tratamiento,,,R13,794187
NC-101965,2017-10-08,P06,T06,Baja,Auditoría Interna,En Tratamiento,,,R08,358009
NC-105126,2017-10-08,P07,T03,Alta,Queja de Cliente,Cerrada,2017-10-14,6,R09,98419
NC-102376,2017-10-08,P05,T04,Media,Auditoría Interna,Cerrada,2017-11-10,33,R16,392621
NC-102720,2017-10-08,P05,T06,Alta,Auditoría Externa,Cerrada,2017-10-19,11,R17,721621
NC-100639,2017-10-08,P05,T05,Media,Auditoría Interna,Cerrada,2017-10-14,6,R23,234542
NC-103210,2017-10-10,P03,T03,Baja,Queja de Cliente,En Tratamiento,,,R19,119767
NC-105570,2017-10-12,P05,T03,Baja,Queja de Cliente,En Tratamiento,,,R13,584757
NC-104852,2017-10-12,P08,T01,Media,Auditoría Externa,Cerrada,2017-10-23,11,R22,185931
NC-105135,2017-10-12,P08,T05,Media,Autocontrol,Cerrada,2017-11-01,20,R08,423220
NC-102898,2017-10-14,P06,T06,Baja,Inspección de Calidad,Cerrada,2017-10-22,8,R22,190723
NC-106135,2017-10-14,P08,T06,Baja,Autocontrol,Cerrada,2017-10-19,5,R19,56140
NC-104244,2017-10-15,P08,T02,Media,Inspección de Calidad,Cerrada,2017-10-19,4,R18,328377
NC-103427,2017-10-15,P02,T02,Baja,Auditoría Externa,Cerrada,2017-11-07,23,R11,240751
NC-104899,2017-10-16,P03,T01,Baja,Auditoría Interna,En Tratamiento,,,R20,457775
NC-106021,2017-10-17,P04,T04,Baja,Auditoría Interna,En Tratamiento,,,R17,521838
NC-104050,2017-10-17,P06,T04,Baja,Auditoría Interna,Cerrada,2017-11-06,20,R08,305336
NC-101764,2017-10-17,P04,T05,Alta,Auditoría Interna,Cerrada,2017-11-05,19,R13,1005620
NC-101680,2017-10-17,P05,T01,Crítica,Queja de Cliente,Cerrada,2017-11-06,20,R22,463654
NC-100834,2017-10-17,P07,T06,Baja,Autocontrol,Cerrada,2017-11-01,15,R11,217870
NC-100821,2017-10-18,P04,T06,Crítica,Inspección de Calidad,Cerrada,2017-10-26,8,R19,1004643
NC-102397,2017-10-18,P02,T02,Alta,Queja de Cliente,Cerrada,2017-10-27,9,R23,671081
NC-104057,2017-10-20,P01,T06,Baja,Auditoría Interna,Cerrada,2017-11-05,16,R21,47401
NC-100202,2017-10-20,P02,T01,Crítica,Auditoría Externa,En Tratamiento,,,R20,713035
NC-101373,2017-10-20,P06,T03,Alta,Auditoría Interna,Cerrada,2017-10-23,3,R08,73995
NC-104110,2017-10-21,P03,T02,Baja,Auditoría Externa,Cerrada,2017-11-22,32,R08,126485
NC-100780,2017-10-24,P02,T06,Alta,Inspección de Calidad,Cerrada,2017-11-10,17,R19,1350126
NC-102621,2017-10-26,P03,T02,Alta,Auditoría Interna,Cerrada,2017-11-17,22,R08,1034951
NC-103058,2017-10-27,P02,T05,Alta,Inspección de Calidad,Cerrada,2017-11-22,26,R18,281694
NC-104099,2017-10-27,P06,T04,Media,Auditoría Interna,Cerrada,2017-11-17,21,R14,368854
NC-104332,2017-10-28,P01,T05,Alta,Autocontrol,Cerrada,2017-11-06,9,R01,323027
NC-101672,2017-10-28,P05,T01,Alta,Queja de Cliente,En Tratamiento,,,R14,930089
NC-105797,2017-10-29,P04,T04,Alta,Auditoría Interna,Cerrada,2017-11-07,9,R17,877846
NC-104070,2017-10-31,P03,T01,Alta,Inspección de Calidad,Cerrada,2017-11-20,20,R20,2603449
NC-100907,2017-11-01,P06,T06,Alta,Auditoría Externa,Abierta,,,R01,755732
NC-104702,2017-11-02,P06,T06,Media,Autocontrol,Cerrada,2017-11-12,10,R11,708314
NC-103956,2017-11-03,P04,T06,Media,Auditoría Externa,Cerrada,2017-11-12,9,R18,197577
NC-105963,2017-11-05,P07,T03,Media,Inspección de Calidad,En Tratamiento,,,R17,636621
NC-100562,2017-11-05,P01,T03,Media,Queja de Cliente,Cerrada,2017-11-06,1,R18,2618630
NC-102040,2017-11-07,P03,T02,Media,Auditoría Interna,Cerrada,2017-11-18,11,R20,742312
NC-102260,2017-11-08,P07,T01,Media,Auditoría Externa,En Tratamiento,,,R21,148547
NC-103029,2017-11-11,P08,T05,Alta,Inspección de Calidad,Abierta,,,R09,234885
NC-100425,2017-11-11,P01,T03,Baja,Auditoría Interna,Cerrada,2017-11-14,3,R20,158606
NC-104608,2017-11-12,P03,T04,Media,Autocontrol,Cerrada,2017-11-23,11,R11,47072
NC-101949,2017-11-12,P05,T04,Alta,Auditoría Interna,Cerrada,2017-11-16,4,R23,1481552
NC-100248,2017-11-14,P02,T05,Media,Auditoría Interna,Cerrada,2017-11-21,7,R20,768809
NC-100698,2017-11-16,P03,T05,Media,Queja de Cliente,Cerrada,2017-11-19,3,R02,744310
NC-103108,2017-11-17,P07,T02,Baja,Auditoría Interna,Cerrada,2017-11-29,12,R22,195946
NC-101097,2017-11-17,P08,T04,Baja,Auditoría Externa,Cerrada,2017-11-21,4,R14,380480
NC-105733,2017-11-19,P07,T02,Crítica,Auditoría Interna,Cerrada,2017-11-23,4,R22,104696
NC-101462,2017-11-19,P03,T05,Baja,Queja de Cliente,Cerrada,2017-12-03,14,R01,159744
NC-102519,2017-11-20,P04,T03,Media,Auditoría Interna,En Tratamiento,,,R14,297029
NC-101178,2017-11-20,P06,T03,Media,Inspección de Calidad,Cerrada,2017-12-13,23,R16,101048
NC-105809,2017-11-22,P07,T03,Media,Autocontrol,Cerrada,2017-12-09,17,R16,141017
NC-105317,2017-11-22,P03,T03,Media,Auditoría Interna,En Tratamiento,,,R01,806015
NC-106197,2017-11-23,P04,T04,Crítica,Auditoría Externa,Cerrada,2017-11-26,3,R13,1381274
NC-106109,2017-11-23,P08,T06,Baja,Inspección de Calidad,Cerrada,2017-12-03,10,R23,145600
NC-105331,2017-11-23,P01,T02,Crítica,Autocontrol,Cerrada,2017-11-27,4,R17,1666749
NC-101263,2017-11-24,P07,T03,Baja,Auditoría Externa,Cerrada,2017-12-14,20,R09,229763
NC-103540,2017-11-24,P07,T02,Media,Inspección de Calidad,Cerrada,2017-11-28,4,R16,815072
NC-105024,2017-11-26,P08,T02,Baja,Autocontrol,Cerrada,2017-12-01,5,R21,57886
NC-102196,2017-11-29,P02,T05,Media,Inspección de Calidad,Cerrada,2017-12-12,13,R11,894215
NC-101469,2017-11-30,P08,T01,Baja,Auditoría Externa,Cerrada,2017-12-29,29,R16,144886
NC-100012,2017-12-01,P05,T04,Media,Auditoría Externa,Cerrada,2017-12-13,12,R22,345544
NC-105057,2017-12-01,P08,T04,Alta,Inspección de Calidad,Cerrada,2017-12-05,4,R11,286733
NC-101826,2017-12-04,P02,T01,Baja,Autocontrol,Cerrada,2017-12-13,9,R21,228422
NC-100295,2017-12-05,P01,T05,Baja,Auditoría Externa,Cerrada,2017-12-25,20,R17,391500
NC-102419,2017-12-06,P01,T03,Crítica,Queja de Cliente,Cerrada,2017-12-17,11,R23,1480947
NC-102209,2017-12-08,P03,T01,Alta,Auditoría Externa,Cerrada,2018-01-01,24,R13,1281306
NC-106181,2017-12-08,P03,T02,Media,Inspección de Calidad,Cerrada,2017-12-13,5,R17,35345
NC-102623,2017-12-11,P05,T03,Baja,Auditoría Interna,Cerrada,2017-12-22,11,R21,64378
NC-105909,2017-12-12,P08,T03,Media,Queja de Cliente,En Tratamiento,,,R20,283785
NC-105039,2017-12-15,P02,T04,Media,Queja de Cliente,Cerrada,2018-01-03,19,R22,557420
NC-100428,2017-12-17,P06,T04,Media,Inspección de Calidad,Cerrada,2017-12-30,13,R13,557885
NC-101334,2017-12-19,P04,T02,Baja,Queja de Cliente,Cerrada,2017-12-28,9,R02,252123
NC-105761,2017-12-20,P04,T01,Baja,Autocontrol,Cerrada,2018-01-01,12,R01,226624
NC-101078,2017-12-24,P02,T05,Baja,Autocontrol,Cerrada,2017-12-30,6,R17,165185
NC-102492,2017-12-24,P03,T03,Alta,Autocontrol,Cerrada,2018-01-02,9,R18,1391031
NC-103779,2017-12-27,P05,T05,Baja,Autocontrol,Cerrada,2018-01-02,6,R14,246083
NC-103480,2017-12-28,P07,T02,Alta,Auditoría Interna,En Tratamiento,,,R20,532587
NC-105768,2017-12-30,P06,T03,Alta,Inspección de Calidad,Cerrada,2018-01-09,10,R01,556966
NC-105320,2017-12-31,P05,T05,Crítica,Auditoría Interna,Cerrada,2018-01-04,4,R19,297310
NC-100724,2018-01-01,P05,T01,Alta,Autocontrol,Cerrada,2018-01-22,21,R20,444390
NC-103498,2018-01-02,P06,T03,Media,Auditoría Externa,Cerrada,2018-01-22,20,R16,347528
NC-102657,2018-01-02,P08,T02,Media,Autocontrol,En Tratamiento,,,R23,90965
NC-101418,2018-01-02,P03,T05,Alta,Auditoría Interna,En Tratamiento,,,R14,531488
NC-101515,2018-01-03,P04,T05,Baja,Autocontrol,Cerrada,2018-01-21,18,R09,234867
NC-103997,2018-01-04,P01,T01,Alta,Auditoría Interna,Cerrada,2018-01-22,18,R08,2150033
NC-105537,2018-01-05,P03,T03,Alta,Auditoría Externa,Cerrada,2018-01-13,8,R02,571137
NC-100762,2018-01-06,P07,T03,Media,Queja de Cliente,Cerrada,2018-01-20,14,R13,375125
NC-100810,2018-01-08,P06,T06,Media,Queja de Cliente,Cerrada,2018-01-14,6,R20,981330
NC-101485,2018-01-10,P05,T01,Crítica,Queja de Cliente,Cerrada,2018-01-16,6,R16,2086853
NC-100380,2018-01-12,P05,T01,Alta,Autocontrol,Cerrada,2018-01-31,19,R02,645820
NC-101206,2018-01-12,P07,T03,Media,Auditoría Interna,Cerrada,2018-01-17,5,R21,298493
NC-100237,2018-01-14,P05,T03,Crítica,Queja de Cliente,Cerrada,2018-02-09,26,R23,442616
NC-100578,2018-01-14,P05,T03,Baja,Auditoría Interna,Cerrada,2018-01-19,5,R20,37213
NC-104920,2018-01-15,P03,T04,Alta,Queja de Cliente,Cerrada,2018-01-26,11,R18,693136
NC-103653,2018-01-16,P07,T01,Baja,Autocontrol,Cerrada,2018-01-27,11,R01,216698
NC-105052,2018-01-17,P05,T01,Baja,Autocontrol,Cerrada,2018-02-13,27,R19,80728
NC-104493,2018-01-17,P07,T06,Baja,Auditoría Interna,Abierta,,,R18,586504
NC-102972,2018-01-18,P02,T01,Media,Autocontrol,En Tratamiento,,,R22,358920
NC-103511,2018-01-19,P06,T03,Media,Autocontrol,Cerrada,2018-01-29,10,R23,270763
NC-103178,2018-01-24,P07,T04,Baja,Queja de Cliente,Cerrada,2018-02-07,14,R16,82359
NC-103179,2018-01-24,P06,T02,Baja,Auditoría Externa,Cerrada,2018-01-29,5,R17,330638
NC-103719,2018-01-24,P06,T05,Alta,Auditoría Externa,Cerrada,2018-02-10,17,R18,1359870
NC-102750,2018-01-24,P01,T06,Baja,Auditoría Interna,Abierta,,,R16,93190
NC-103935,2018-01-24,P02,T03,Baja,Auditoría Externa,Cerrada,2018-02-01,8,R21,179202
NC-106152,2018-01-24,P03,T01,Media,Auditoría Externa,Cerrada,2018-01-28,4,R02,198980
NC-102206,2018-01-24,P01,T03,Media,Auditoría Interna,Cerrada,2018-02-08,15,R09,306289
NC-106184,2018-01-25,P05,T05,Media,Queja de Cliente,Cerrada,2018-01-28,3,R20,162321
NC-103136,2018-01-27,P06,T04,Baja,Auditoría Interna,Cerrada,2018-02-19,23,R09,69478
NC-100216,2018-01-29,P03,T03,Media,Inspección de Calidad,En Tratamiento,,,R18,279673
NC-100211,2018-01-31,P02,T01,Media,Autocontrol,Cerrada,2018-02-22,22,R11,338972
NC-105922,2018-02-01,P08,T01,Media,Inspección de Calidad,Abierta,,,R22,796861
NC-105438,2018-02-02,P02,T03,Alta,Auditoría Interna,Cerrada,2018-02-20,18,R13,1243905
NC-105681,2018-02-03,P06,T05,Baja,Autocontrol,Cerrada,2018-02-16,13,R11,162195
NC-104264,2018-02-03,P05,T03,Alta,Autocontrol,Cerrada,2018-02-09,6,R16,1177092
NC-103660,2018-02-03,P06,T02,Media,Inspección de Calidad,Cerrada,2018-02-26,23,R20,128983
NC-100530,2018-02-04,P06,T06,Alta,Auditoría Externa,Cerrada,2018-02-11,7,R20,714222
NC-104529,2018-02-04,P08,T04,Baja,Auditoría Interna,Cerrada,2018-02-14,10,R21,387581
NC-102154,2018-02-05,P01,T04,Crítica,Autocontrol,Cerrada,2018-02-14,9,R17,1384219
NC-104349,2018-02-05,P01,T01,Media,Auditoría Externa,Cerrada,2018-02-16,11,R18,513665
NC-100912,2018-02-07,P06,T05,Alta,Queja de Cliente,En Tratamiento,,,R20,1270843
NC-103491,2018-02-08,P06,T06,Media,Auditoría Interna,Cerrada,2018-02-14,6,R19,889262
NC-100563,2018-02-08,P07,T03,Media,Autocontrol,Cerrada,2018-02-17,9,R19,314222
NC-104922,2018-02-09,P03,T06,Alta,Inspección de Calidad,Cerrada,2018-02-25,16,R14,439963
NC-104065,2018-02-10,P08,T06,Media,Queja de Cliente,Cerrada,2018-02-17,7,R16,640474
NC-103680,2018-02-11,P01,T03,Baja,Inspección de Calidad,Cerrada,2018-02-19,8,R01,249849
NC-103279,2018-02-12,P01,T06,Crítica,Inspección de Calidad,Cerrada,2018-03-16,32,R16,1307369
NC-104241,2018-02-13,P04,T02,Baja,Auditoría Externa,Cerrada,2018-02-18,5,R13,462771
NC-106171,2018-02-14,P04,T04,Baja,Auditoría Interna,Cerrada,2018-03-02,16,R17,244874
NC-106128,2018-02-15,P01,T03,Media,Auditoría Externa,Cerrada,2018-02-25,10,R23,351790
NC-105328,2018-02-15,P04,T02,Media,Queja de Cliente,Cerrada,2018-02-20,5,R22,376496
NC-104658,2018-02-15,P04,T04,Baja,Auditoría Interna,Cerrada,2018-03-04,17,R20,32040
NC-105037,2018-02-16,P06,T04,Media,Auditoría Externa,Abierta,,,R08,1349142
NC-105588,2018-02-16,P08,T04,Alta,Queja de Cliente,Abierta,,,R08,909536
NC-105862,2018-02-17,P06,T05,Media,Autocontrol,Cerrada,2018-03-04,15,R21,270320
NC-102217,2018-02-17,P06,T02,Crítica,Inspección de Calidad,Cerrada,2018-02-27,10,R09,153680
NC-102205,2018-02-18,P08,T03,Crítica,Auditoría Externa,Cerrada,2018-03-10,20,R08,1772448
NC-104559,2018-02-19,P06,T03,Media,Queja de Cliente,Cerrada,2018-03-25,34,R14,835449
NC-101395,2018-02-19,P06,T06,Alta,Autocontrol,Cerrada,2018-03-02,11,R19,706200
NC-104956,2018-02-20,P01,T05,Baja,Queja de Cliente,Cerrada,2018-02-28,8,R14,331674
NC-103688,2018-02-21,P04,T01,Alta,Auditoría Externa,Cerrada,2018-03-11,18,R23,1103048
NC-104978,2018-02-23,P04,T01,Crítica,Inspección de Calidad,Cerrada,2018-03-02,7,R09,503516
NC-102740,2018-02-24,P04,T04,Crítica,Autocontrol,Cerrada,2018-03-08,12,R17,1042859
NC-105033,2018-02-25,P06,T03,Media,Auditoría Interna,Cerrada,2018-03-18,21,R16,522717
NC-102405,2018-02-26,P07,T04,Baja,Queja de Cliente,Cerrada,2018-03-03,5,R09,284488
NC-101427,2018-02-28,P02,T03,Media,Autocontrol,Cerrada,2018-03-06,6,R21,778753
NC-104211,2018-02-28,P02,T05,Baja,Inspección de Calidad,Abierta,,,R11,315052
NC-104047,2018-02-28,P05,T02,Media,Auditoría Externa,Abierta,,,R14,729320
NC-102942,2018-02-28,P08,T04,Baja,Auditoría Interna,Cerrada,2018-03-08,8,R23,143663
NC-102581,2018-03-01,P03,T06,Media,Inspección de Calidad,Abierta,,,R19,717506
NC-104314,2018-03-01,P05,T01,Baja,Queja de Cliente,Cerrada,2018-03-06,5,R19,222585
NC-104203,2018-03-02,P03,T03,Media,Inspección de Calidad,Cerrada,2018-03-10,8,R01,59049
NC-105720,2018-03-03,P04,T05,Alta,Autocontrol,Abierta,,,R01,404921
NC-102899,2018-03-03,P02,T02,Alta,Auditoría Externa,Abierta,,,R18,217136
NC-100311,2018-03-03,P03,T04,Media,Auditoría Externa,Cerrada,2018-03-18,15,R01,898819
NC-103473,2018-03-06,P04,T01,Media,Inspección de Calidad,Cerrada,2018-03-21,15,R23,244399
NC-101897,2018-03-08,P07,T06,Media,Auditoría Interna,Cerrada,2018-03-17,9,R13,140581
NC-101403,2018-03-10,P08,T05,Alta,Autocontrol,Cerrada,2018-03-17,7,R20,935306
NC-103827,2018-03-11,P07,T04,Baja,Auditoría Interna,Cerrada,2018-03-13,2,R13,63270
NC-102770,2018-03-11,P02,T02,Crítica,Auditoría Externa,Abierta,,,R22,1066313
NC-101627,2018-03-11,P03,T01,Media,Autocontrol,Cerrada,2018-04-04,24,R17,383497
NC-104776,2018-03-11,P01,T01,Alta,Auditoría Externa,Cerrada,2018-03-21,10,R13,631902
NC-103744,2018-03-15,P03,T01,Alta,Auditoría Interna,Cerrada,2018-03-20,5,R23,712765
NC-102983,2018-03-16,P02,T02,Alta,Auditoría Externa,Cerrada,2018-03-26,10,R19,656294
NC-105465,2018-03-18,P01,T06,Baja,Queja de Cliente,Cerrada,2018-04-08,21,R02,176661
NC-103057,2018-03-18,P02,T05,Alta,Autocontrol,Cerrada,2018-03-31,13,R01,494350
NC-104794,2018-03-20,P01,T03,Baja,Auditoría Interna,Cerrada,2018-04-05,16,R17,127975
NC-100864,2018-03-20,P02,T02,Media,Auditoría Interna,Cerrada,2018-03-31,11,R11,70856
NC-105427,2018-03-20,P01,T02,Baja,Auditoría Interna,Cerrada,2018-04-26,37,R08,134900
NC-105258,2018-03-20,P03,T03,Alta,Queja de Cliente,Cerrada,2018-04-22,33,R20,448187
NC-105640,2018-03-21,P02,T05,Alta,Auditoría Interna,Cerrada,2018-04-03,13,R16,709430
NC-101464,2018-03-23,P05,T05,Alta,Autocontrol,Cerrada,2018-03-31,8,R18,501720
NC-105329,2018-03-24,P04,T06,Crítica,Inspección de Calidad,En Tratamiento,,,R23,487806
NC-100343,2018-03-25,P07,T01,Crítica,Auditoría Interna,Cerrada,2018-04-18,24,R01,2114919
NC-102984,2018-03-25,P05,T05,Media,Auditoría Interna,Cerrada,2018-03-30,5,R01,1205714
NC-102246,2018-03-26,P06,T03,Alta,Queja de Cliente,Abierta,,,R13,337671
NC-101601,2018-03-28,P07,T05,Alta,Autocontrol,Cerrada,2018-04-08,11,R16,681124
NC-103054,2018-03-29,P06,T01,Alta,Queja de Cliente,Cerrada,2018-04-20,22,R13,732875
NC-103990,2018-03-29,P06,T03,Baja,Auditoría Interna,Cerrada,2018-04-08,10,R22,45098
NC-101689,2018-03-31,P02,T05,Alta,Autocontrol,Cerrada,2018-04-07,7,R01,220194
NC-105023,2018-03-31,P06,T06,Alta,Inspección de Calidad,Cerrada,2018-04-13,13,R09,732402
NC-100238,2018-03-31,P02,T02,Alta,Inspección de Calidad,Cerrada,2018-04-08,8,R16,786967
NC-100865,2018-03-31,P04,T03,Baja,Queja de Cliente,Cerrada,2018-04-09,9,R19,6560
NC-105310,2018-04-01,P04,T02,Alta,Auditoría Externa,Cerrada,2018-04-15,14,R01,289184
NC-106035,2018-04-02,P02,T05,Alta,Queja de Cliente,Cerrada,2018-04-27,25,R01,844963
NC-105424,2018-04-02,P02,T02,Media,Inspección de Calidad,Cerrada,2018-04-27,25,R02,231390
NC-105350,2018-04-03,P07,T03,Baja,Inspección de Calidad,Cerrada,2018-04-11,8,R18,661758
NC-102762,2018-04-03,P06,T05,Alta,Auditoría Externa,Cerrada,2018-04-23,20,R09,806795
NC-100348,2018-04-04,P03,T06,Alta,Autocontrol,Cerrada,2018-04-06,2,R17,749023
NC-104866,2018-04-04,P02,T05,Crítica,Inspección de Calidad,Cerrada,2018-04-11,7,R14,1645052
NC-101522,2018-04-04,P06,T02,Media,Autocontrol,Cerrada,2018-04-27,23,R20,639415
NC-100305,2018-04-04,P06,T01,Baja,Auditoría Interna,Cerrada,2018-04-14,10,R16,142739
NC-100956,2018-04-05,P01,T04,Media,Auditoría Interna,Abierta,,,R01,312995
NC-105223,2018-04-08,P06,T06,Media,Autocontrol,Cerrada,2018-04-21,13,R17,665185
NC-100818,2018-04-08,P06,T05,Baja,Autocontrol,Cerrada,2018-04-27,19,R16,199172
NC-105186,2018-04-10,P08,T03,Baja,Autocontrol,Cerrada,2018-04-13,3,R23,580488
NC-102594,2018-04-10,P04,T01,Baja,Queja de Cliente,Cerrada,2018-04-21,11,R22,98779
NC-103668,2018-04-10,P06,T04,Media,Autocontrol,Abierta,,,R01,978931
NC-101724,2018-04-14,P02,T01,Media,Auditoría Interna,Cerrada,2018-04-23,9,R02,480118
NC-100017,2018-04-15,P03,T05,Alta,Auditoría Externa,Cerrada,2018-04-23,8,R02,1042066
NC-104688,2018-04-16,P07,T03,Media,Auditoría Interna,Cerrada,2018-04-21,5,R11,832678
NC-105437,2018-04-16,P02,T06,Media,Auditoría Interna,En Tratamiento,,,R23,722034
NC-102333,2018-04-17,P01,T06,Alta,Auditoría Interna,Cerrada,2018-04-26,9,R16,1469199
NC-104875,2018-04-18,P02,T04,Alta,Inspección de Calidad,Cerrada,2018-04-26,8,R22,192389
NC-100922,2018-04-20,P07,T04,Alta,Inspección de Calidad,Cerrada,2018-04-30,10,R20,494367
NC-102091,2018-04-22,P03,T01,Alta,Inspección de Calidad,Cerrada,2018-05-05,13,R01,674632
NC-104831,2018-04-23,P01,T02,Baja,Autocontrol,Abierta,,,R08,275117
NC-100972,2018-04-24,P01,T03,Media,Auditoría Interna,Cerrada,2018-05-06,12,R14,110815
NC-102393,2018-04-25,P06,T04,Baja,Auditoría Interna,Cerrada,2018-05-02,7,R20,212582
NC-105518,2018-04-25,P02,T02,Crítica,Inspección de Calidad,Cerrada,2018-05-02,7,R23,469710
NC-101858,2018-04-29,P07,T03,Alta,Inspección de Calidad,Cerrada,2018-05-10,11,R13,209291
NC-102410,2018-04-30,P04,T05,Alta,Autocontrol,Cerrada,2018-05-13,13,R20,563661
NC-102281,2018-05-01,P04,T05,Media,Auditoría Externa,Cerrada,2018-05-05,4,R02,781904
NC-106137,2018-05-04,P06,T04,Baja,Autocontrol,Cerrada,2018-05-24,20,R23,417939
NC-105019,2018-05-04,P07,T05,Media,Queja de Cliente,Cerrada,2018-05-18,14,R01,395700
NC-102445,2018-05-05,P08,T04,Media,Auditoría Interna,En Tratamiento,,,R13,426901
NC-101838,2018-05-06,P06,T03,Crítica,Autocontrol,Cerrada,2018-05-15,9,R17,769874
NC-105651,2018-05-06,P05,T04,Baja,Auditoría Externa,Cerrada,2018-05-24,18,R08,102361
NC-105524,2018-05-06,P07,T05,Alta,Auditoría Interna,Cerrada,2018-05-27,21,R18,168716
NC-103831,2018-05-08,P03,T06,Baja,Autocontrol,Cerrada,2018-05-15,7,R18,179992
NC-103208,2018-05-09,P02,T03,Alta,Queja de Cliente,Cerrada,2018-05-20,11,R11,144907
NC-105368,2018-05-10,P02,T01,Baja,Auditoría Interna,Cerrada,2018-05-19,9,R21,160816
NC-101042,2018-05-10,P01,T02,Media,Auditoría Externa,Cerrada,2018-05-19,9,R02,345978
NC-103336,2018-05-10,P07,T02,Baja,Queja de Cliente,Cerrada,2018-05-14,4,R22,749330
NC-100368,2018-05-10,P08,T05,Baja,Queja de Cliente,Cerrada,2018-05-14,4,R20,100348
NC-103614,2018-05-11,P05,T02,Media,Inspección de Calidad,En Tratamiento,,,R20,16138
NC-103025,2018-05-13,P05,T04,Alta,Autocontrol,Cerrada,2018-05-22,9,R11,447914
NC-103382,2018-05-14,P04,T06,Media,Auditoría Interna,Cerrada,2018-05-20,6,R14,210066
NC-103792,2018-05-15,P07,T02,Media,Queja de Cliente,Cerrada,2018-05-21,6,R02,357705
NC-100801,2018-05-18,P01,T04,Media,Auditoría Interna,Abierta,,,R11,254293
NC-101801,2018-05-18,P04,T05,Crítica,Inspección de Calidad,Cerrada,2018-05-29,11,R16,1493840
NC-102158,2018-05-19,P01,T03,Baja,Inspección de Calidad,Cerrada,2018-05-27,8,R22,91321
NC-100695,2018-05-19,P05,T02,Media,Auditoría Externa,En Tratamiento,,,R23,619869
NC-102023,2018-05-19,P06,T04,Media,Queja de Cliente,Cerrada,2018-06-05,17,R14,711211
NC-100557,2018-05-19,P01,T05,Media,Autocontrol,Cerrada,2018-05-25,6,R16,837518
NC-105565,2018-05-20,P08,T01,Media,Autocontrol,En Tratamiento,,,R16,394368
NC-105420,2018-05-20,P05,T06,Media,Inspección de Calidad,Cerrada,2018-05-26,6,R23,557884
NC-101379,2018-05-21,P06,T02,Media,Auditoría Interna,Cerrada,2018-05-30,9,R11,516549
NC-102539,2018-05-22,P06,T03,Media,Inspección de Calidad,Cerrada,2018-05-28,6,R17,525745
NC-104140,2018-05-22,P04,T02,Baja,Auditoría Externa,En Tratamiento,,,R21,431585
NC-103441,2018-05-23,P05,T05,Alta,Queja de Cliente,En Tratamiento,,,R13,1821394
NC-104025,2018-05-24,P05,T04,Baja,Queja de Cliente,Cerrada,2018-06-01,8,R22,423297
NC-102149,2018-05-26,P02,T06,Alta,Auditoría Interna,Cerrada,2018-06-05,10,R11,34814
NC-104428,2018-05-26,P06,T05,Crítica,Queja de Cliente,Cerrada,2018-06-03,8,R16,701206
NC-102317,2018-05-27,P04,T01,Crítica,Auditoría Externa,Cerrada,2018-06-04,8,R19,580448
NC-104041,2018-05-27,P07,T06,Alta,Inspección de Calidad,En Tratamiento,,,R13,368159
NC-105068,2018-05-28,P08,T03,Baja,Autocontrol,Cerrada,2018-06-04,7,R09,481359
NC-101620,2018-05-29,P03,T04,Baja,Inspección de Calidad,Cerrada,2018-06-20,22,R17,99456
NC-100197,2018-05-31,P01,T01,Alta,Queja de Cliente,Cerrada,2018-06-24,24,R14,500764
NC-102200,2018-05-31,P07,T01,Media,Auditoría Externa,Cerrada,2018-06-15,15,R21,435373
NC-105773,2018-05-31,P06,T01,Alta,Inspección de Calidad,Cerrada,2018-06-15,15,R20,471475
NC-102037,2018-06-02,P08,T01,Media,Inspección de Calidad,Cerrada,2018-06-10,8,R09,824376
NC-100805,2018-06-03,P03,T06,Crítica,Autocontrol,Cerrada,2018-06-16,13,R20,322067
NC-105093,2018-06-05,P04,T03,Alta,Auditoría Interna,En Tratamiento,,,R14,898843
NC-102741,2018-06-06,P01,T01,Alta,Auditoría Externa,Cerrada,2018-06-18,12,R13,1661350
NC-101967,2018-06-06,P06,T01,Media,Inspección de Calidad,Cerrada,2018-06-24,18,R11,327699
NC-102473,2018-06-07,P03,T06,Crítica,Inspección de Calidad,En Tratamiento,,,R21,3142656
NC-101722,2018-06-08,P02,T05,Alta,Autocontrol,Cerrada,2018-06-15,7,R22,562853
NC-101981,2018-06-08,P06,T02,Baja,Auditoría Externa,Cerrada,2018-06-18,10,R01,199867
NC-104393,2018-06-10,P02,T02,Crítica,Autocontrol,En Tratamiento,,,R23,1524758
NC-101983,2018-06-10,P02,T04,Media,Queja de Cliente,Cerrada,2018-06-29,19,R09,561694
NC-105698,2018-06-10,P02,T02,Alta,Autocontrol,Cerrada,2018-06-15,5,R01,662481
NC-100331,2018-06-10,P05,T06,Crítica,Auditoría Interna,Cerrada,2018-06-25,15,R19,2785513
NC-105933,2018-06-11,P01,T05,Media,Queja de Cliente,Abierta,,,R23,1654849
NC-105540,2018-06-13,P05,T06,Baja,Auditoría Externa,Cerrada,2018-06-18,5,R11,64033
NC-103342,2018-06-13,P02,T01,Media,Inspección de Calidad,Cerrada,2018-07-02,19,R16,701698
NC-100123,2018-06-14,P02,T03,Baja,Auditoría Interna,Cerrada,2018-06-18,4,R01,32792
NC-105704,2018-06-14,P07,T03,Alta,Auditoría Interna,Cerrada,2018-06-19,5,R13,606888
NC-101301,2018-06-15,P04,T01,Baja,Auditoría Interna,Cerrada,2018-06-16,1,R17,273264
NC-100182,2018-06-17,P08,T01,Media,Auditoría Interna,Cerrada,2018-06-24,7,R02,542502
NC-103228,2018-06-21,P01,T06,Baja,Inspección de Calidad,Cerrada,2018-07-05,14,R01,69168
NC-104880,2018-06-21,P02,T06,Alta,Autocontrol,Cerrada,2018-07-12,21,R02,684405
NC-103499,2018-06-22,P03,T01,Alta,Auditoría Externa,Cerrada,2018-07-10,18,R19,391722
NC-101402,2018-06-22,P08,T02,Baja,Auditoría Interna,Cerrada,2018-07-07,15,R11,238616
NC-101057,2018-06-24,P08,T05,Alta,Auditoría Interna,Cerrada,2018-06-30,6,R13,469557
NC-102635,2018-06-26,P05,T04,Alta,Autocontrol,Cerrada,2018-07-08,12,R09,1187107
NC-104849,2018-06-28,P05,T06,Baja,Queja de Cliente,Cerrada,2018-07-22,24,R13,138887
NC-102736,2018-06-30,P05,T02,Crítica,Inspección de Calidad,Cerrada,2018-07-16,16,R19,2666984
NC-105459,2018-06-30,P07,T06,Media,Queja de Cliente,Abierta,,,R21,295950
NC-101887,2018-07-01,P04,T05,Alta,Auditoría Externa,Cerrada,2018-07-09,8,R22,1749226
NC-102344,2018-07-03,P04,T04,Baja,Auditoría Externa,Cerrada,2018-07-19,16,R16,108458
NC-105269,2018-07-03,P07,T06,Media,Inspección de Calidad,Cerrada,2018-07-08,5,R22,344881
NC-100858,2018-07-03,P06,T03,Alta,Inspección de Calidad,Cerrada,2018-07-26,23,R18,529443
NC-103822,2018-07-04,P05,T03,Media,Queja de Cliente,Cerrada,2018-07-21,17,R11,406164
NC-106067,2018-07-04,P02,T03,Alta,Inspección de Calidad,Cerrada,2018-07-16,12,R13,421100
NC-102223,2018-07-07,P08,T03,Alta,Queja de Cliente,Cerrada,2018-07-29,22,R13,181614
NC-100167,2018-07-08,P07,T06,Media,Auditoría Externa,Cerrada,2018-07-24,16,R14,1828130
NC-100448,2018-07-08,P04,T06,Alta,Auditoría Externa,Cerrada,2018-07-19,11,R14,2022417
NC-102076,2018-07-08,P05,T01,Baja,Queja de Cliente,Cerrada,2018-07-12,4,R20,113179
NC-100835,2018-07-09,P02,T03,Media,Autocontrol,En Tratamiento,,,R14,753018
NC-105098,2018-07-10,P06,T04,Crítica,Inspección de Calidad,Cerrada,2018-07-28,18,R16,357595
NC-104859,2018-07-13,P04,T04,Alta,Auditoría Externa,Cerrada,2018-07-27,14,R20,586256
NC-103504,2018-07-13,P02,T06,Media,Autocontrol,Cerrada,2018-07-19,6,R17,778001
NC-103869,2018-07-14,P01,T05,Media,Queja de Cliente,Cerrada,2018-07-18,4,R17,405265
NC-103809,2018-07-14,P02,T06,Alta,Auditoría Externa,Cerrada,2018-07-20,6,R19,776786
NC-101630,2018-07-15,P05,T04,Baja,Auditoría Externa,Cerrada,2018-08-01,17,R21,200191
NC-105534,2018-07-15,P02,T05,Baja,Autocontrol,Abierta,,,R23,214531
NC-105697,2018-07-16,P02,T04,Media,Auditoría Externa,Cerrada,2018-07-23,7,R17,1281578
NC-104568,2018-07-16,P04,T02,Media,Inspección de Calidad,Cerrada,2018-07-26,10,R09,206131
NC-100159,2018-07-17,P05,T04,Alta,Queja de Cliente,Cerrada,2018-07-18,1,R22,451659
NC-101853,2018-07-20,P05,T06,Media,Autocontrol,Cerrada,2018-08-06,17,R16,1636228
NC-100355,2018-07-21,P06,T02,Media,Auditoría Externa,Cerrada,2018-07-31,10,R21,176188
NC-101029,2018-07-22,P04,T05,Baja,Auditoría Interna,Cerrada,2018-07-25,3,R13,183278
NC-101702,2018-07-23,P03,T03,Alta,Auditoría Externa,Cerrada,2018-08-03,11,R13,301383
NC-101043,2018-07-25,P04,T06,Media,Inspección de Calidad,Cerrada,2018-08-08,14,R21,656291
NC-100881,2018-07-28,P01,T01,Baja,Auditoría Interna,Cerrada,2018-08-15,18,R16,179194
NC-104545,2018-07-28,P03,T02,Media,Auditoría Interna,Cerrada,2018-08-11,14,R16,1158334
NC-104825,2018-07-29,P03,T06,Baja,Auditoría Interna,Cerrada,2018-08-13,15,R09,273885
NC-100619,2018-07-31,P04,T04,Baja,Auditoría Interna,Cerrada,2018-08-11,11,R22,254583
NC-101747,2018-08-03,P01,T06,Alta,Inspección de Calidad,Cerrada,2018-08-17,14,R13,932852
NC-105960,2018-08-03,P01,T01,Baja,Queja de Cliente,Cerrada,2018-08-12,9,R08,85838
NC-100312,2018-08-04,P06,T04,Media,Auditoría Interna,En Tratamiento,,,R13,724058
NC-101885,2018-08-06,P04,T06,Media,Auditoría Externa,Cerrada,2018-08-20,14,R11,69853
NC-103070,2018-08-06,P02,T03,Media,Autocontrol,Cerrada,2018-08-12,6,R11,375669
NC-102418,2018-08-07,P04,T05,Media,Auditoría Interna,Cerrada,2018-08-20,13,R01,30680
NC-104704,2018-08-08,P06,T02,Crítica,Auditoría Externa,Cerrada,2018-08-30,22,R23,663820
NC-105341,2018-08-09,P08,T02,Media,Autocontrol,Cerrada,2018-08-26,17,R01,155818
NC-101611,2018-08-09,P02,T06,Baja,Auditoría Interna,Cerrada,2018-09-11,33,R09,96496
NC-100429,2018-08-09,P07,T01,Media,Auditoría Interna,Cerrada,2018-08-17,8,R20,784613
NC-102099,2018-08-12,P08,T01,Crítica,Auditoría Externa,Cerrada,2018-08-29,17,R16,1652329
NC-102141,2018-08-12,P08,T03,Alta,Queja de Cliente,Cerrada,2018-08-15,3,R19,433272
NC-105638,2018-08-12,P04,T03,Media,Inspección de Calidad,Cerrada,2018-08-29,17,R19,540244
NC-102413,2018-08-13,P08,T04,Alta,Auditoría Externa,Cerrada,2018-08-25,12,R16,995645
NC-106041,2018-08-13,P04,T04,Media,Auditoría Interna,Cerrada,2018-08-18,5,R23,549826
NC-102725,2018-08-15,P04,T06,Media,Auditoría Interna,Cerrada,2018-08-29,14,R22,640278
NC-105332,2018-08-16,P07,T03,Baja,Queja de Cliente,Cerrada,2018-08-28,12,R09,386454
NC-103720,2018-08-16,P05,T02,Alta,Auditoría Interna,Cerrada,2018-09-03,18,R16,176574
NC-103302,2018-08-16,P02,T06,Media,Queja de Cliente,Cerrada,2018-09-07,22,R20,553563
NC-103900,2018-08-17,P04,T06,Media,Queja de Cliente,Cerrada,2018-09-02,16,R19,1030917
NC-104554,2018-08-17,P07,T04,Alta,Auditoría Externa,Cerrada,2018-08-23,6,R16,489456
NC-101071,2018-08-18,P08,T06,Media,Auditoría Interna,Cerrada,2018-09-03,16,R21,73512
NC-100476,2018-08-18,P05,T05,Baja,Inspección de Calidad,Cerrada,2018-09-15,28,R13,202874
NC-100035,2018-08-18,P05,T05,Baja,Queja de Cliente,Cerrada,2018-09-11,24,R02,139218
NC-104000,2018-08-18,P07,T02,Media,Auditoría Interna,Cerrada,2018-08-30,12,R22,220086
NC-100944,2018-08-21,P06,T05,Baja,Auditoría Externa,Cerrada,2018-08-28,7,R18,67188
NC-102033,2018-08-23,P02,T01,Media,Auditoría Interna,Cerrada,2018-09-01,9,R20,766617
NC-101980,2018-08-24,P03,T05,Alta,Autocontrol,Cerrada,2018-09-11,18,R23,373173
NC-104947,2018-08-24,P04,T04,Baja,Auditoría Externa,Cerrada,2018-09-05,12,R09,58719
NC-104691,2018-08-27,P03,T05,Alta,Inspección de Calidad,Cerrada,2018-09-03,7,R01,834832
NC-103706,2018-08-27,P01,T05,Baja,Inspección de Calidad,Cerrada,2018-09-10,14,R20,155735
NC-104174,2018-08-27,P02,T01,Baja,Auditoría Externa,En Tratamiento,,,R21,186623
NC-100057,2018-08-27,P06,T04,Media,Autocontrol,Cerrada,2018-09-18,22,R16,380160
NC-104941,2018-08-28,P02,T03,Baja,Inspección de Calidad,En Tratamiento,,,R21,311613
NC-101907,2018-08-28,P08,T01,Media,Queja de Cliente,Cerrada,2018-09-05,8,R19,354239
NC-101168,2018-08-30,P07,T04,Media,Queja de Cliente,Cerrada,2018-09-10,11,R09,942680
NC-100899,2018-09-01,P08,T02,Alta,Queja de Cliente,Cerrada,2018-09-15,14,R13,1944991
NC-101963,2018-09-01,P07,T02,Baja,Inspección de Calidad,Cerrada,2018-10-12,41,R16,79707
NC-103940,2018-09-03,P02,T06,Media,Autocontrol,Cerrada,2018-09-20,17,R08,178422
NC-103644,2018-09-03,P02,T06,Baja,Auditoría Interna,Cerrada,2018-09-07,4,R18,37187
NC-103269,2018-09-05,P02,T03,Alta,Inspección de Calidad,Cerrada,2018-09-17,12,R09,140414
NC-100383,2018-09-06,P08,T04,Media,Queja de Cliente,Abierta,,,R13,236160
NC-103755,2018-09-06,P07,T04,Media,Queja de Cliente,Cerrada,2018-09-10,4,R19,485817
NC-105160,2018-09-06,P05,T03,Baja,Inspección de Calidad,Cerrada,2018-09-17,11,R20,83816
NC-102617,2018-09-07,P01,T06,Baja,Autocontrol,En Tratamiento,,,R01,92260
NC-101010,2018-09-07,P03,T04,Alta,Autocontrol,En Tratamiento,,,R20,512332
NC-102730,2018-09-07,P03,T02,Alta,Queja de Cliente,Cerrada,2018-10-02,25,R18,355119
NC-102978,2018-09-08,P06,T01,Alta,Auditoría Interna,En Tratamiento,,,R16,377397
NC-103821,2018-09-08,P07,T01,Crítica,Auditoría Externa,Cerrada,2018-09-16,8,R20,1264451
NC-102687,2018-09-09,P05,T02,Alta,Inspección de Calidad,Cerrada,2018-09-28,19,R22,773668
NC-104115,2018-09-09,P04,T04,Baja,Queja de Cliente,Cerrada,2018-09-20,11,R02,104526
NC-105991,2018-09-10,P02,T03,Baja,Autocontrol,Cerrada,2018-09-18,8,R18,60699
NC-105803,2018-09-11,P04,T02,Crítica,Auditoría Interna,Cerrada,2018-09-21,10,R20,185010
NC-100258,2018-09-11,P07,T02,Alta,Auditoría Externa,Abierta,,,R23,64568
NC-100638,2018-09-14,P07,T03,Media,Auditoría Interna,Cerrada,2018-10-06,22,R14,307251
NC-103807,2018-09-15,P03,T06,Alta,Queja de Cliente,Cerrada,2018-09-25,10,R14,1197379
NC-104971,2018-09-15,P05,T01,Media,Autocontrol,En Tratamiento,,,R23,366476
NC-100263,2018-09-16,P04,T05,Alta,Inspección de Calidad,Cerrada,2018-09-26,10,R23,1313781
NC-100526,2018-09-17,P01,T01,Alta,Queja de Cliente,Cerrada,2018-09-27,10,R14,1207015
NC-102216,2018-09-17,P03,T02,Media,Autocontrol,Cerrada,2018-10-09,22,R17,391732
NC-101710,2018-09-18,P01,T01,Alta,Auditoría Externa,En Tratamiento,,,R09,1065805
NC-103643,2018-09-18,P01,T06,Alta,Auditoría Interna,Abierta,,,R23,3324400
NC-103988,2018-09-18,P02,T03,Media,Auditoría Externa,Cerrada,2018-09-21,3,R23,540363
NC-101293,2018-09-19,P07,T06,Baja,Queja de Cliente,Abierta,,,R11,23963
NC-104799,2018-09-20,P07,T02,Media,Autocontrol,Cerrada,2018-10-05,15,R20,1128226
NC-102889,2018-09-21,P05,T01,Media,Inspección de Calidad,Cerrada,2018-10-11,20,R17,462391
NC-101218,2018-09-22,P05,T02,Media,Autocontrol,Cerrada,2018-09-30,8,R19,686633
NC-106101,2018-09-22,P01,T05,Baja,Queja de Cliente,Cerrada,2018-09-26,4,R09,232620
NC-103390,2018-09-22,P02,T04,Alta,Inspección de Calidad,Cerrada,2018-09-28,6,R13,534010
NC-102328,2018-09-22,P01,T06,Media,Auditoría Externa,Cerrada,2018-10-19,27,R16,353764
NC-106120,2018-09-25,P02,T03,Media,Auditoría Externa,Cerrada,2018-10-01,6,R17,106751
NC-103207,2018-09-28,P07,T03,Baja,Queja de Cliente,Cerrada,2018-10-07,9,R14,67153
NC-103670,2018-09-28,P01,T04,Media,Inspección de Calidad,Cerrada,2018-10-17,19,R08,182299
NC-101356,2018-09-28,P07,T01,Alta,Inspección de Calidad,Cerrada,2018-10-17,19,R01,725471
NC-100115,2018-09-28,P08,T01,Alta,Auditoría Interna,Cerrada,2018-10-18,20,R09,603101
NC-102982,2018-10-02,P03,T03,Baja,Inspección de Calidad,Cerrada,2018-10-14,12,R13,340466
NC-101194,2018-10-03,P07,T02,Media,Queja de Cliente,Cerrada,2018-10-07,4,R22,420318
NC-103431,2018-10-03,P06,T03,Alta,Queja de Cliente,Abierta,,,R18,790163
NC-100240,2018-10-03,P08,T04,Baja,Queja de Cliente,Cerrada,2018-10-09,6,R20,483634
NC-103198,2018-10-05,P04,T03,Baja,Autocontrol,Cerrada,2018-11-02,28,R08,38014
NC-105175,2018-10-07,P08,T05,Media,Queja de Cliente,En Tratamiento,,,R21,157604
NC-101898,2018-10-07,P04,T04,Alta,Auditoría Externa,Cerrada,2018-10-15,8,R01,181796
NC-101007,2018-10-09,P05,T01,Media,Queja de Cliente,Cerrada,2018-10-18,9,R08,680786
NC-103729,2018-10-10,P05,T05,Crítica,Auditoría Externa,Abierta,,,R14,778400
NC-100466,2018-10-10,P04,T04,Media,Autocontrol,Cerrada,2018-10-28,18,R21,246483
NC-104121,2018-10-11,P05,T04,Alta,Auditoría Interna,Cerrada,2018-10-18,7,R09,482599
NC-101506,2018-10-11,P04,T04,Baja,Autocontrol,Cerrada,2018-10-23,12,R14,124295
NC-105607,2018-10-11,P03,T03,Media,Inspección de Calidad,Cerrada,2018-10-21,10,R22,518794
NC-101806,2018-10-12,P01,T01,Alta,Auditoría Externa,Cerrada,2018-10-29,17,R02,1936052
NC-104519,2018-10-14,P02,T02,Alta,Inspección de Calidad,Cerrada,2018-10-16,2,R02,1381503
NC-103173,2018-10-15,P06,T03,Baja,Auditoría Externa,Cerrada,2018-11-02,18,R08,398877
NC-103636,2018-10-15,P07,T06,Media,Auditoría Interna,Cerrada,2018-10-23,8,R19,483133
NC-103446,2018-10-20,P05,T05,Crítica,Inspección de Calidad,Cerrada,2018-10-29,9,R14,290148
NC-103709,2018-10-20,P04,T04,Media,Auditoría Externa,Cerrada,2018-10-30,10,R20,193567
NC-105834,2018-10-21,P07,T05,Baja,Inspección de Calidad,Cerrada,2018-11-10,20,R22,167929
NC-100376,2018-10-21,P05,T06,Media,Auditoría Externa,En Tratamiento,,,R20,291077
NC-102738,2018-10-22,P06,T02,Baja,Autocontrol,Cerrada,2018-10-31,9,R20,16269
NC-105151,2018-10-22,P04,T02,Baja,Queja de Cliente,Cerrada,2018-11-11,20,R19,165627
NC-103903,2018-10-22,P06,T05,Baja,Queja de Cliente,Cerrada,2018-10-26,4,R09,109388
NC-100733,2018-10-22,P06,T04,Crítica,Autocontrol,Cerrada,2018-11-15,24,R23,462668
NC-103439,2018-10-23,P08,T06,Media,Queja de Cliente,Cerrada,2018-11-01,9,R01,207306
NC-104541,2018-10-24,P05,T01,Crítica,Auditoría Externa,En Tratamiento,,,R01,1156736
NC-103315,2018-10-25,P08,T02,Alta,Queja de Cliente,Cerrada,2018-10-31,6,R13,362290
NC-104151,2018-10-27,P02,T04,Baja,Autocontrol,Cerrada,2018-10-30,3,R14,202593
NC-105571,2018-10-27,P06,T03,Media,Autocontrol,En Tratamiento,,,R02,486829
NC-103142,2018-10-27,P03,T01,Alta,Queja de Cliente,Cerrada,2018-11-02,6,R17,1120053
NC-102346,2018-10-27,P03,T05,Alta,Queja de Cliente,Cerrada,2018-10-29,2,R14,269518
NC-100677,2018-10-28,P06,T01,Baja,Inspección de Calidad,Cerrada,2018-11-04,7,R17,153597
NC-104649,2018-10-29,P05,T01,Media,Auditoría Externa,Cerrada,2018-11-10,12,R16,214211
NC-100481,2018-10-29,P04,T02,Baja,Auditoría Interna,En Tratamiento,,,R09,161800
NC-105717,2018-10-29,P01,T03,Alta,Auditoría Interna,Cerrada,2018-11-05,7,R14,985440
NC-102318,2018-10-29,P02,T01,Baja,Auditoría Interna,Cerrada,2018-11-05,7,R21,142935
NC-101355,2018-10-30,P02,T02,Alta,Queja de Cliente,Cerrada,2018-12-09,40,R22,411991
NC-100771,2018-10-30,P03,T05,Baja,Autocontrol,Cerrada,2018-11-05,6,R08,118191
NC-102749,2018-10-31,P08,T05,Crítica,Queja de Cliente,Cerrada,2018-11-07,7,R22,501180
NC-105484,2018-11-01,P05,T06,Media,Inspección de Calidad,Cerrada,2018-11-06,5,R19,1029775
NC-101266,2018-11-03,P07,T04,Media,Auditoría Interna,Cerrada,2018-12-04,31,R19,287962
NC-101076,2018-11-05,P02,T01,Baja,Inspección de Calidad,Cerrada,2018-11-10,5,R18,44451
NC-104948,2018-11-06,P07,T02,Baja,Auditoría Externa,Cerrada,2018-11-16,10,R18,127712
NC-104096,2018-11-06,P08,T03,Alta,Inspección de Calidad,En Tratamiento,,,R11,237741
NC-101535,2018-11-06,P08,T02,Alta,Auditoría Interna,Cerrada,2018-11-29,23,R13,477246
NC-103509,2018-11-10,P08,T05,Alta,Queja de Cliente,Cerrada,2018-11-22,12,R11,621547
NC-103682,2018-11-11,P06,T05,Baja,Auditoría Interna,Abierta,,,R14,127328
NC-104283,2018-11-14,P01,T06,Baja,Auditoría Interna,Cerrada,2018-11-17,3,R16,67128
NC-105992,2018-11-14,P01,T01,Media,Auditoría Interna,Cerrada,2018-11-24,10,R22,603346
NC-104137,2018-11-14,P05,T04,Alta,Auditoría Externa,Cerrada,2018-11-19,5,R17,811012
NC-101537,2018-11-15,P07,T06,Alta,Auditoría Externa,Cerrada,2018-11-27,12,R17,952028
NC-103777,2018-11-18,P04,T05,Crítica,Autocontrol,En Tratamiento,,,R17,3373467
NC-103128,2018-11-20,P07,T04,Media,Queja de Cliente,En Tratamiento,,,R23,45656
NC-105777,2018-11-20,P05,T04,Media,Autocontrol,En Tratamiento,,,R14,486096
NC-105363,2018-11-21,P02,T01,Baja,Inspección de Calidad,Cerrada,2018-12-02,11,R13,284879
NC-102949,2018-11-22,P05,T04,Crítica,Auditoría Interna,Cerrada,2018-11-26,4,R13,606110
NC-102890,2018-11-22,P04,T01,Alta,Autocontrol,En Tratamiento,,,R22,224854
NC-101809,2018-11-23,P04,T03,Alta,Autocontrol,Cerrada,2018-12-07,14,R17,1256303
NC-103157,2018-11-23,P08,T03,Baja,Autocontrol,Cerrada,2018-12-17,24,R21,76998
NC-101992,2018-11-25,P07,T05,Media,Inspección de Calidad,Cerrada,2018-12-17,22,R13,689069
NC-103870,2018-11-26,P05,T02,Media,Inspección de Calidad,Cerrada,2018-12-04,8,R23,513423
NC-104499,2018-11-27,P01,T06,Alta,Auditoría Externa,Cerrada,2018-11-30,3,R23,126941
NC-105617,2018-11-30,P03,T02,Media,Autocontrol,Cerrada,2018-12-04,4,R13,483485
NC-102692,2018-12-01,P07,T04,Alta,Inspección de Calidad,Cerrada,2018-12-02,1,R09,690384
NC-106062,2018-12-01,P07,T06,Baja,Queja de Cliente,Cerrada,2018-12-08,7,R11,634759
NC-103027,2018-12-02,P01,T02,Alta,Queja de Cliente,Cerrada,2018-12-13,11,R23,520754
NC-101935,2018-12-02,P02,T03,Crítica,Auditoría Externa,Cerrada,2018-12-08,6,R22,454544
NC-100540,2018-12-03,P06,T01,Baja,Auditoría Interna,En Tratamiento,,,R17,376983
NC-106105,2018-12-03,P03,T05,Crítica,Queja de Cliente,Cerrada,2018-12-15,12,R20,977761
NC-100730,2018-12-04,P03,T06,Media,Queja de Cliente,Cerrada,2018-12-07,3,R17,541246
NC-104245,2018-12-04,P01,T02,Media,Auditoría Externa,Cerrada,2018-12-18,14,R17,362556
NC-100520,2018-12-04,P04,T01,Media,Auditoría Interna,Cerrada,2018-12-18,14,R20,553932
NC-103812,2018-12-04,P01,T04,Media,Queja de Cliente,Cerrada,2018-12-22,18,R20,264415
NC-105817,2018-12-04,P02,T04,Baja,Autocontrol,Cerrada,2018-12-09,5,R21,58374
NC-100736,2018-12-04,P05,T04,Crítica,Queja de Cliente,Cerrada,2019-01-07,34,R17,1015846
NC-102802,2018-12-05,P01,T02,Baja,Autocontrol,En Tratamiento,,,R17,288503
NC-101188,2018-12-06,P04,T02,Crítica,Queja de Cliente,Cerrada,2018-12-16,10,R01,713150
NC-100819,2018-12-06,P04,T06,Alta,Queja de Cliente,Cerrada,2018-12-19,13,R21,357680
NC-103418,2018-12-06,P07,T04,Media,Autocontrol,Cerrada,2018-12-16,10,R02,202887
NC-105841,2018-12-07,P05,T04,Media,Autocontrol,Cerrada,2018-12-16,9,R08,335629
NC-102086,2018-12-07,P06,T04,Media,Inspección de Calidad,Cerrada,2019-01-02,26,R14,44041
NC-100608,2018-12-09,P01,T05,Baja,Queja de Cliente,Cerrada,2018-12-20,11,R16,163073
NC-104158,2018-12-09,P01,T06,Media,Auditoría Externa,Cerrada,2018-12-13,4,R19,1015468
NC-104538,2018-12-10,P03,T04,Alta,Inspección de Calidad,Cerrada,2018-12-22,12,R01,357890
NC-104286,2018-12-13,P04,T06,Media,Inspección de Calidad,Cerrada,2019-01-09,27,R22,186136
NC-104202,2018-12-14,P05,T06,Media,Inspección de Calidad,Cerrada,2018-12-18,4,R13,595415
NC-104901,2018-12-14,P08,T05,Media,Queja de Cliente,Cerrada,2018-12-27,13,R04,354506
NC-105414,2018-12-14,P01,T01,Media,Auditoría Interna,Cerrada,2018-12-28,14,R18,464961
NC-103366,2018-12-15,P04,T02,Alta,Queja de Cliente,Cerrada,2018-12-28,13,R23,353994
NC-101856,2018-12-16,P08,T05,Media,Inspección de Calidad,Cerrada,2018-12-24,8,R16,514757
NC-104476,2018-12-18,P07,T02,Alta,Queja de Cliente,Abierta,,,R16,766194
NC-103484,2018-12-18,P06,T01,Baja,Queja de Cliente,Cerrada,2019-01-12,25,R11,9403
NC-104974,2018-12-18,P04,T01,Media,Autocontrol,Cerrada,2018-12-23,5,R20,347310
NC-105418,2018-12-18,P02,T06,Media,Queja de Cliente,Cerrada,2018-12-31,13,R11,213070
NC-102472,2018-12-18,P07,T03,Baja,Inspección de Calidad,Cerrada,2018-12-24,6,R19,115236
NC-103960,2018-12-20,P01,T02,Alta,Auditoría Externa,Cerrada,2018-12-31,11,R20,321618
NC-105646,2018-12-21,P02,T01,Media,Auditoría Interna,Cerrada,2018-12-28,7,R21,652323
NC-101757,2018-12-21,P01,T01,Baja,Auditoría Externa,Cerrada,2018-12-31,10,R18,241809
NC-105014,2018-12-23,P02,T03,Baja,Auditoría Externa,Cerrada,2018-12-29,6,R14,305311
NC-104503,2018-12-26,P08,T04,Media,Inspección de Calidad,Cerrada,2019-01-16,21,R18,174180
NC-101647,2018-12-27,P07,T02,Baja,Auditoría Externa,Cerrada,2019-01-02,6,R23,25750
NC-105316,2018-12-29,P08,T03,Media,Inspección de Calidad,Cerrada,2019-01-01,3,R14,594966
NC-102894,2018-12-29,P05,T02,Crítica,Queja de Cliente,Cerrada,2019-01-07,9,R14,1729583
NC-101413,2018-12-30,P07,T02,Media,Inspección de Calidad,Cerrada,2019-01-10,11,R02,319860
NC-105184,2018-12-31,P06,T06,Alta,Auditoría Interna,En Tratamiento,,,R16,247996
NC-102294,2018-12-31,P01,T06,Baja,Auditoría Interna,Cerrada,2019-01-04,4,R11,40615
NC-101154,2019-01-02,P04,T05,Baja,Queja de Cliente,Cerrada,2019-01-22,20,R23,433797
NC-103907,2019-01-02,P02,T06,Crítica,Auditoría Externa,Cerrada,2019-01-19,17,R09,1179020
NC-100680,2019-01-03,P02,T03,Media,Autocontrol,Cerrada,2019-01-06,3,R18,131095
NC-101185,2019-01-06,P07,T05,Alta,Queja de Cliente,En Tratamiento,,,R13,516360
NC-105527,2019-01-06,P05,T01,Baja,Autocontrol,En Tratamiento,,,R19,206829
NC-101883,2019-01-07,P07,T02,Baja,Auditoría Externa,Cerrada,2019-01-22,15,R16,89778
NC-101032,2019-01-07,P07,T03,Media,Inspección de Calidad,Cerrada,2019-01-16,9,R14,153945
NC-105860,2019-01-07,P01,T03,Alta,Inspección de Calidad,Cerrada,2019-01-23,16,R14,636959
NC-104111,2019-01-08,P08,T06,Baja,Inspección de Calidad,Cerrada,2019-01-29,21,R17,249299
NC-102796,2019-01-09,P05,T06,Baja,Queja de Cliente,Cerrada,2019-01-10,1,R13,585786
NC-105601,2019-01-09,P06,T05,Media,Auditoría Externa,Cerrada,2019-01-13,4,R04,886775
NC-100426,2019-01-10,P08,T02,Media,Inspección de Calidad,Cerrada,2019-01-13,3,R09,536083
NC-100385,2019-01-10,P03,T05,Baja,Inspección de Calidad,Cerrada,2019-01-21,11,R13,148476
NC-105304,2019-01-11,P07,T02,Media,Auditoría Externa,Cerrada,2019-01-17,6,R21,231842
NC-100588,2019-01-11,P07,T05,Alta,Auditoría Externa,Cerrada,2019-01-15,4,R02,451112
NC-103789,2019-01-12,P02,T05,Baja,Auditoría Interna,Cerrada,2019-01-23,11,R11,360541
NC-102321,2019-01-13,P03,T02,Baja,Auditoría Interna,Cerrada,2019-01-28,15,R23,40861
NC-102874,2019-01-13,P02,T04,Alta,Inspección de Calidad,Cerrada,2019-01-25,12,R04,1268454
NC-101837,2019-01-14,P04,T06,Baja,Autocontrol,En Tratamiento,,,R17,113582
NC-103094,2019-01-14,P04,T05,Media,Queja de Cliente,Cerrada,2019-01-20,6,R17,405736
NC-102819,2019-01-14,P06,T02,Media,Autocontrol,Cerrada,2019-01-29,15,R01,184886
NC-100937,2019-01-15,P04,T06,Media,Inspección de Calidad,Cerrada,2019-01-18,3,R19,330989
NC-104876,2019-01-16,P05,T04,Media,Autocontrol,Cerrada,2019-01-19,3,R09,755049
NC-100052,2019-01-18,P08,T04,Baja,Inspección de Calidad,Cerrada,2019-01-23,5,R04,204368
NC-101633,2019-01-18,P02,T05,Baja,Autocontrol,Cerrada,2019-01-21,3,R21,201977
NC-101637,2019-01-19,P05,T03,Alta,Queja de Cliente,Cerrada,2019-02-03,15,R23,452727
NC-100943,2019-01-19,P05,T02,Media,Autocontrol,Cerrada,2019-01-24,5,R16,307050
NC-103692,2019-01-19,P01,T06,Baja,Auditoría Interna,Cerrada,2019-01-23,4,R16,157349
NC-102298,2019-01-20,P01,T04,Baja,Auditoría Externa,Cerrada,2019-02-01,12,R17,99083
NC-102238,2019-01-20,P03,T06,Alta,Inspección de Calidad,Cerrada,2019-01-21,1,R01,888155
NC-104938,2019-01-20,P06,T04,Baja,Queja de Cliente,Abierta,,,R02,88158
NC-104741,2019-01-22,P07,T01,Baja,Inspección de Calidad,Cerrada,2019-01-29,7,R21,468883
NC-100146,2019-01-24,P03,T02,Baja,Auditoría Externa,Cerrada,2019-02-06,13,R18,283885
NC-100761,2019-01-24,P01,T01,Baja,Auditoría Externa,Cerrada,2019-02-13,20,R19,37714
NC-102861,2019-01-26,P05,T03,Alta,Auditoría Interna,Cerrada,2019-02-17,22,R09,676272
NC-100820,2019-01-26,P07,T04,Alta,Autocontrol,Cerrada,2019-02-02,7,R19,520211
NC-104501,2019-01-26,P03,T05,Baja,Auditoría Externa,Cerrada,2019-02-12,17,R16,387950
NC-101209,2019-01-27,P03,T01,Media,Inspección de Calidad,En Tratamiento,,,R22,341522
NC-102474,2019-01-27,P05,T06,Media,Auditoría Externa,Cerrada,2019-02-20,24,R18,588666
NC-104412,2019-01-28,P03,T06,Baja,Auditoría Interna,Abierta,,,R11,112595
NC-105367,2019-01-28,P04,T04,Crítica,Auditoría Externa,Cerrada,2019-02-03,6,R18,612143
NC-102676,2019-01-29,P04,T01,Media,Auditoría Externa,Cerrada,2019-02-04,6,R14,188884
NC-104491,2019-01-29,P07,T03,Baja,Inspección de Calidad,Cerrada,2019-02-07,9,R13,103311
NC-104489,2019-01-31,P05,T06,Alta,Queja de Cliente,Cerrada,2019-02-06,6,R09,367527
NC-102695,2019-01-31,P06,T05,Baja,Auditoría Externa,Cerrada,2019-02-03,3,R19,17488
NC-102263,2019-01-31,P03,T01,Media,Queja de Cliente,Cerrada,2019-02-26,26,R09,156843
NC-100920,2019-01-31,P05,T06,Media,Autocontrol,Cerrada,2019-02-09,9,R08,328071
NC-104980,2019-02-02,P05,T02,Alta,Inspección de Calidad,Cerrada,2019-02-15,13,R04,1842429
NC-100447,2019-02-03,P08,T01,Media,Queja de Cliente,Cerrada,2019-02-18,15,R17,922246
NC-105572,2019-02-03,P07,T06,Baja,Auditoría Interna,Cerrada,2019-02-07,4,R13,382374
NC-104870,2019-02-04,P03,T02,Crítica,Inspección de Calidad,Cerrada,2019-02-06,2,R20,873659
NC-106126,2019-02-07,P02,T04,Media,Auditoría Interna,Cerrada,2019-03-07,28,R17,202009
NC-100699,2019-02-08,P05,T04,Media,Inspección de Calidad,Cerrada,2019-02-20,12,R17,104441
NC-104390,2019-02-08,P02,T03,Baja,Queja de Cliente,Cerrada,2019-03-03,23,R22,196860
NC-104033,2019-02-09,P02,T03,Alta,Autocontrol,En Tratamiento,,,R23,1883864
NC-101337,2019-02-10,P03,T01,Crítica,Auditoría Interna,Cerrada,2019-02-18,8,R04,1288626
NC-100148,2019-02-10,P02,T06,Alta,Auditoría Externa,Abierta,,,R14,746949
NC-100565,2019-02-10,P07,T06,Media,Auditoría Interna,Cerrada,2019-03-05,23,R18,541987
NC-103593,2019-02-10,P01,T02,Alta,Autocontrol,Cerrada,2019-02-15,5,R16,1257354
NC-103819,2019-02-10,P04,T04,Baja,Auditoría Externa,Cerrada,2019-03-07,25,R01,124091
NC-103132,2019-02-11,P08,T05,Crítica,Queja de Cliente,Cerrada,2019-02-15,4,R17,2566871
NC-105083,2019-02-12,P07,T02,Alta,Autocontrol,Cerrada,2019-02-25,13,R17,477717
NC-101901,2019-02-14,P02,T01,Alta,Autocontrol,Cerrada,2019-02-18,4,R23,525473
NC-104693,2019-02-16,P08,T04,Alta,Queja de Cliente,Cerrada,2019-02-24,8,R11,1004631
NC-102662,2019-02-16,P05,T03,Baja,Auditoría Externa,Cerrada,2019-02-28,12,R18,196065
NC-106083,2019-02-18,P06,T06,Media,Auditoría Externa,Abierta,,,R17,1008491
NC-103352,2019-02-19,P07,T05,Media,Inspección de Calidad,Cerrada,2019-03-26,35,R16,281818
NC-100101,2019-02-20,P04,T03,Alta,Autocontrol,Cerrada,2019-02-24,4,R09,1371599
NC-105007,2019-02-20,P08,T06,Baja,Auditoría Interna,Cerrada,2019-03-08,16,R13,80181
NC-102278,2019-02-22,P05,T02,Media,Autocontrol,Cerrada,2019-03-04,10,R01,427194
NC-101116,2019-02-23,P06,T02,Media,Autocontrol,Cerrada,2019-03-15,20,R09,184635
NC-102102,2019-02-23,P03,T01,Alta,Autocontrol,Cerrada,2019-02-26,3,R23,461283
NC-105738,2019-02-24,P04,T05,Baja,Inspección de Calidad,Cerrada,2019-02-28,4,R09,46548
NC-101020,2019-02-25,P06,T02,Media,Auditoría Interna,En Tratamiento,,,R17,446982
NC-104873,2019-02-25,P01,T05,Media,Queja de Cliente,Cerrada,2019-03-03,6,R23,103751
NC-102022,2019-02-28,P01,T03,Crítica,Queja de Cliente,Cerrada,2019-03-21,21,R08,774076
NC-101181,2019-02-28,P05,T01,Alta,Inspección de Calidad,Cerrada,2019-03-06,6,R01,523446
NC-101691,2019-02-28,P04,T03,Media,Autocontrol,Cerrada,2019-03-24,24,R02,530491
NC-102499,2019-03-01,P05,T03,Baja,Inspección de Calidad,En Tratamiento,,,R18,13221
NC-105635,2019-03-02,P01,T06,Media,Inspección de Calidad,Cerrada,2019-03-06,4,R09,405465
NC-105539,2019-03-03,P03,T05,Baja,Auditoría Externa,Cerrada,2019-03-10,7,R02,886199
NC-103798,2019-03-03,P05,T02,Alta,Inspección de Calidad,Cerrada,2019-03-12,9,R20,493676
NC-102031,2019-03-04,P04,T04,Media,Autocontrol,Cerrada,2019-03-22,18,R22,840659
NC-101791,2019-03-04,P06,T03,Alta,Inspección de Calidad,Cerrada,2019-03-11,7,R08,1746484
NC-101353,2019-03-04,P05,T04,Alta,Inspección de Calidad,Cerrada,2019-03-10,6,R13,176421
NC-101829,2019-03-05,P07,T02,Alta,Auditoría Externa,Cerrada,2019-03-16,11,R16,51959
NC-103033,2019-03-06,P07,T03,Media,Auditoría Externa,Cerrada,2019-03-27,21,R17,222799
NC-103277,2019-03-06,P02,T05,Media,Auditoría Externa,Cerrada,2019-03-08,2,R17,408455
NC-103731,2019-03-06,P06,T03,Alta,Queja de Cliente,Abierta,,,R20,977867
NC-103044,2019-03-07,P03,T03,Alta,Inspección de Calidad,Abierta,,,R21,235364
NC-104819,2019-03-08,P05,T06,Baja,Autocontrol,Cerrada,2019-03-20,12,R22,152200
NC-100728,2019-03-09,P01,T06,Media,Queja de Cliente,Cerrada,2019-03-21,12,R21,476812
NC-101563,2019-03-10,P05,T05,Media,Autocontrol,Cerrada,2019-03-21,11,R09,355093
NC-106165,2019-03-12,P02,T06,Media,Auditoría Interna,Cerrada,2019-03-28,16,R21,42348
NC-104261,2019-03-12,P06,T04,Baja,Auditoría Externa,Abierta,,,R18,175716
NC-103013,2019-03-12,P04,T01,Alta,Autocontrol,En Tratamiento,,,R17,1595306
NC-106075,2019-03-13,P05,T01,Media,Autocontrol,En Tratamiento,,,R01,898852
NC-100591,2019-03-13,P06,T05,Alta,Autocontrol,Cerrada,2019-04-09,27,R18,162024
NC-105912,2019-03-15,P07,T05,Baja,Auditoría Externa,En Tratamiento,,,R09,134636
NC-101461,2019-03-15,P02,T01,Crítica,Inspección de Calidad,Cerrada,2019-03-30,15,R04,2416638
NC-100700,2019-03-17,P02,T01,Alta,Autocontrol,Cerrada,2019-03-29,12,R22,1482420
NC-105450,2019-03-17,P06,T05,Media,Inspección de Calidad,Cerrada,2019-03-18,1,R14,72676
NC-101825,2019-03-17,P02,T04,Baja,Autocontrol,Cerrada,2019-03-21,4,R22,31571
NC-103449,2019-03-18,P02,T06,Media,Autocontrol,Cerrada,2019-03-31,13,R04,375490
NC-101131,2019-03-18,P01,T02,Alta,Auditoría Interna,En Tratamiento,,,R17,500438
NC-104400,2019-03-22,P05,T01,Baja,Auditoría Interna,Cerrada,2019-03-31,9,R13,65428
NC-106134,2019-03-22,P08,T03,Baja,Auditoría Interna,Cerrada,2019-04-08,17,R04,403749
NC-104358,2019-03-23,P08,T02,Baja,Queja de Cliente,Cerrada,2019-04-03,11,R08,38776
NC-101347,2019-03-25,P04,T02,Baja,Queja de Cliente,Cerrada,2019-04-04,10,R02,265799
NC-101458,2019-03-26,P05,T03,Media,Auditoría Externa,Cerrada,2019-04-02,7,R11,348736
NC-100344,2019-03-26,P06,T06,Crítica,Queja de Cliente,Cerrada,2019-04-10,15,R16,107151
NC-106001,2019-03-26,P04,T05,Baja,Inspección de Calidad,Cerrada,2019-04-04,9,R18,225134
NC-103256,2019-03-27,P07,T02,Media,Inspección de Calidad,Cerrada,2019-04-04,8,R20,489349
NC-101970,2019-03-28,P06,T06,Alta,Auditoría Interna,Cerrada,2019-03-29,1,R17,1215753
NC-105241,2019-03-28,P01,T06,Baja,Autocontrol,Cerrada,2019-04-01,4,R08,335511
NC-102466,2019-03-30,P04,T03,Media,Auditoría Interna,En Tratamiento,,,R01,691565
NC-105070,2019-03-31,P07,T05,Baja,Inspección de Calidad,Cerrada,2019-04-22,22,R18,385683
NC-100413,2019-04-01,P05,T03,Alta,Queja de Cliente,Cerrada,2019-04-13,12,R18,945348
NC-102467,2019-04-02,P05,T05,Alta,Auditoría Externa,Cerrada,2019-04-17,15,R01,524169
NC-103107,2019-04-03,P08,T03,Media,Auditoría Interna,Cerrada,2019-04-22,19,R21,199653
NC-101659,2019-04-03,P05,T02,Baja,Auditoría Externa,Cerrada,2019-04-10,7,R14,296091
NC-101195,2019-04-03,P03,T06,Alta,Inspección de Calidad,Cerrada,2019-04-08,5,R01,1185821
NC-105941,2019-04-04,P05,T03,Media,Autocontrol,En Tratamiento,,,R19,339264
NC-100086,2019-04-04,P01,T02,Alta,Auditoría Interna,Cerrada,2019-04-20,16,R19,181153
NC-103915,2019-04-06,P05,T05,Media,Inspección de Calidad,Cerrada,2019-04-19,13,R17,506744
NC-103695,2019-04-06,P08,T01,Alta,Auditoría Externa,Cerrada,2019-04-11,5,R20,298770
NC-104345,2019-04-06,P05,T01,Media,Queja de Cliente,Cerrada,2019-04-11,5,R04,200979
NC-104010,2019-04-07,P02,T05,Baja,Queja de Cliente,Cerrada,2019-04-29,22,R18,301466
NC-105820,2019-04-07,P01,T06,Alta,Autocontrol,Cerrada,2019-04-16,9,R14,741961
NC-104854,2019-04-08,P08,T06,Alta,Autocontrol,Cerrada,2019-04-26,18,R16,1072772
NC-102465,2019-04-12,P05,T06,Baja,Autocontrol,Cerrada,2019-04-20,8,R13,56642
NC-101918,2019-04-13,P07,T05,Media,Auditoría Interna,Cerrada,2019-04-17,4,R18,366061
NC-105742,2019-04-14,P06,T06,Media,Auditoría Interna,Abierta,,,R22,331963
NC-102185,2019-04-15,P08,T05,Alta,Auditoría Externa,Cerrada,2019-04-28,13,R20,1210974
NC-102665,2019-04-15,P07,T03,Media,Autocontrol,Cerrada,2019-04-24,9,R19,980812
NC-103806,2019-04-17,P02,T01,Media,Inspección de Calidad,Cerrada,2019-05-09,22,R19,147681
NC-100704,2019-04-17,P04,T03,Alta,Auditoría Interna,En Tratamiento,,,R17,234791
NC-100103,2019-04-18,P04,T02,Media,Inspección de Calidad,Cerrada,2019-04-27,9,R09,156391
NC-102203,2019-04-19,P06,T05,Media,Auditoría Externa,Cerrada,2019-04-28,9,R21,260034
NC-105578,2019-04-19,P02,T01,Alta,Autocontrol,Cerrada,2019-04-30,11,R18,1700517
NC-105782,2019-04-19,P05,T04,Alta,Auditoría Interna,Cerrada,2019-04-20,1,R14,1184708
NC-100584,2019-04-19,P06,T01,Alta,Autocontrol,Cerrada,2019-04-23,4,R22,302364
NC-105127,2019-04-22,P07,T01,Alta,Autocontrol,Cerrada,2019-05-01,9,R15,407948
NC-100400,2019-04-22,P06,T01,Baja,Inspección de Calidad,Cerrada,2019-05-23,31,R19,296109
NC-104814,2019-04-26,P03,T01,Media,Inspección de Calidad,Cerrada,2019-05-11,15,R23,608837
NC-102923,2019-04-27,P08,T01,Baja,Autocontrol,Cerrada,2019-05-20,23,R02,53107
NC-103562,2019-04-27,P03,T01,Alta,Inspección de Calidad,Cerrada,2019-05-04,7,R20,2233681
NC-102384,2019-04-28,P01,T04,Alta,Auditoría Externa,Cerrada,2019-05-02,4,R14,609141
NC-102044,2019-04-29,P01,T05,Alta,Queja de Cliente,Cerrada,2019-05-07,8,R11,2063823
NC-102381,2019-04-30,P03,T02,Alta,Inspección de Calidad,Cerrada,2019-05-24,24,R01,916670
NC-101508,2019-05-02,P01,T06,Alta,Queja de Cliente,Cerrada,2019-05-16,14,R13,153248
NC-103981,2019-05-02,P08,T03,Baja,Autocontrol,Cerrada,2019-05-14,12,R17,87370
NC-104462,2019-05-03,P07,T06,Baja,Inspección de Calidad,Cerrada,2019-05-07,4,R17,255930
NC-105753,2019-05-05,P08,T02,Alta,Auditoría Externa,Cerrada,2019-05-12,7,R01,809819
NC-102195,2019-05-05,P01,T05,Alta,Auditoría Externa,Cerrada,2019-05-13,8,R04,159959
NC-101011,2019-05-05,P01,T06,Media,Inspección de Calidad,Cerrada,2019-05-14,9,R22,125473
NC-103023,2019-05-06,P06,T02,Crítica,Autocontrol,Cerrada,2019-05-19,13,R04,1315767
NC-104001,2019-05-06,P03,T04,Crítica,Autocontrol,En Tratamiento,,,R21,424871
NC-101176,2019-05-06,P01,T04,Alta,Queja de Cliente,Cerrada,2019-05-08,2,R16,1050319
NC-104018,2019-05-09,P05,T03,Media,Queja de Cliente,Cerrada,2019-05-20,11,R15,410906
NC-102009,2019-05-09,P04,T04,Media,Auditoría Interna,Cerrada,2019-05-30,21,R23,334569
NC-103993,2019-05-10,P01,T06,Media,Auditoría Interna,Cerrada,2019-05-20,10,R04,1210511
NC-103656,2019-05-10,P05,T02,Alta,Autocontrol,Cerrada,2019-05-18,8,R04,724541
NC-100919,2019-05-12,P08,T02,Alta,Inspección de Calidad,Cerrada,2019-05-16,4,R19,753810
NC-101609,2019-05-12,P05,T06,Media,Auditoría Interna,Cerrada,2019-06-09,28,R17,345550
NC-101125,2019-05-13,P02,T05,Baja,Auditoría Externa,Cerrada,2019-05-21,8,R21,19201
NC-103350,2019-05-15,P04,T04,Media,Autocontrol,Cerrada,2019-06-10,26,R09,68056
NC-105608,2019-05-16,P07,T04,Media,Auditoría Externa,Cerrada,2019-05-28,12,R16,121970
NC-105663,2019-05-16,P05,T02,Alta,Auditoría Interna,Cerrada,2019-05-26,10,R01,616647
NC-103246,2019-05-17,P03,T06,Media,Queja de Cliente,Cerrada,2019-05-30,13,R14,122309
NC-103291,2019-05-18,P08,T05,Alta,Autocontrol,Cerrada,2019-05-25,7,R20,582738
NC-100672,2019-05-18,P04,T03,Media,Auditoría Interna,Cerrada,2019-06-01,14,R16,922582
NC-102733,2019-05-18,P01,T05,Media,Queja de Cliente,Cerrada,2019-05-25,7,R14,37055
NC-100739,2019-05-20,P05,T04,Alta,Autocontrol,Cerrada,2019-05-23,3,R14,779564
NC-104453,2019-05-20,P06,T05,Alta,Autocontrol,En Tratamiento,,,R16,1488321
NC-101541,2019-05-20,P03,T03,Media,Queja de Cliente,Cerrada,2019-05-30,10,R08,1024049
NC-105391,2019-05-21,P02,T04,Media,Auditoría Interna,Cerrada,2019-06-02,12,R02,911252
NC-104905,2019-05-22,P08,T03,Alta,Autocontrol,En Tratamiento,,,R04,241288
NC-104537,2019-05-24,P01,T04,Baja,Inspección de Calidad,Cerrada,2019-06-11,18,R17,42128
NC-103980,2019-05-25,P07,T04,Media,Inspección de Calidad,Cerrada,2019-05-29,4,R14,295337
NC-104760,2019-05-27,P01,T03,Alta,Queja de Cliente,Cerrada,2019-06-05,9,R13,431378
NC-105457,2019-05-27,P06,T06,Alta,Autocontrol,Cerrada,2019-06-08,12,R21,910978
NC-102347,2019-05-28,P03,T01,Alta,Autocontrol,Cerrada,2019-06-04,7,R16,825603
NC-104783,2019-05-29,P08,T04,Baja,Inspección de Calidad,Cerrada,2019-06-10,12,R18,249882
NC-105696,2019-06-01,P02,T05,Baja,Inspección de Calidad,Cerrada,2019-06-15,14,R17,133612
NC-102597,2019-06-01,P05,T06,Baja,Auditoría Interna,Cerrada,2019-06-07,6,R23,66783
NC-105925,2019-06-02,P07,T01,Baja,Autocontrol,Cerrada,2019-06-21,19,R01,160957
NC-101592,2019-06-03,P01,T02,Baja,Queja de Cliente,En Tratamiento,,,R18,440354
NC-104221,2019-06-04,P07,T03,Baja,Inspección de Calidad,Cerrada,2019-06-14,10,R04,117138
NC-103771,2019-06-04,P06,T02,Media,Auditoría Externa,Cerrada,2019-06-12,8,R13,171140
NC-100058,2019-06-07,P05,T02,Baja,Auditoría Interna,Cerrada,2019-06-21,14,R22,299160
NC-104088,2019-06-07,P08,T06,Media,Auditoría Externa,Cerrada,2019-06-19,12,R11,493136
NC-104795,2019-06-08,P07,T05,Baja,Auditoría Interna,Cerrada,2019-06-12,4,R15,474810
NC-102598,2019-06-08,P04,T01,Alta,Queja de Cliente,Cerrada,2019-06-20,12,R13,1376369
NC-105221,2019-06-09,P04,T04,Media,Queja de Cliente,Cerrada,2019-06-22,13,R15,277640
NC-103295,2019-06-11,P05,T02,Alta,Auditoría Externa,Cerrada,2019-06-23,12,R08,412062
NC-102814,2019-06-12,P04,T03,Crítica,Autocontrol,Cerrada,2019-06-17,5,R01,454394
NC-100778,2019-06-13,P08,T06,Baja,Auditoría Externa,Cerrada,2019-06-27,14,R18,197421
NC-103726,2019-06-14,P01,T04,Media,Queja de Cliente,Cerrada,2019-06-26,12,R19,599960
NC-102751,2019-06-16,P08,T02,Media,Autocontrol,Cerrada,2019-07-01,15,R19,369621
NC-102610,2019-06-16,P03,T03,Alta,Auditoría Interna,Cerrada,2019-06-28,12,R22,184292
NC-101579,2019-06-16,P05,T05,Media,Auditoría Externa,Cerrada,2019-06-25,9,R11,550100
NC-100624,2019-06-17,P03,T03,Baja,Auditoría Interna,Cerrada,2019-07-05,18,R11,181984
NC-102020,2019-06-18,P05,T05,Media,Autocontrol,Cerrada,2019-07-08,20,R22,193827
NC-100322,2019-06-19,P05,T02,Baja,Queja de Cliente,Cerrada,2019-07-02,13,R21,41147
NC-102782,2019-06-20,P05,T02,Alta,Autocontrol,Cerrada,2019-06-24,4,R01,746873
NC-101569,2019-06-22,P08,T04,Media,Auditoría Interna,Abierta,,,R21,765978
NC-100351,2019-06-23,P08,T05,Media,Autocontrol,Abierta,,,R20,1499513
NC-105301,2019-06-24,P06,T06,Media,Autocontrol,Cerrada,2019-06-30,6,R11,123598
NC-105760,2019-06-24,P04,T01,Media,Queja de Cliente,Cerrada,2019-07-04,10,R20,808587
NC-100667,2019-06-26,P04,T03,Crítica,Auditoría Interna,Cerrada,2019-07-01,5,R11,2222207
NC-103678,2019-06-28,P01,T03,Media,Queja de Cliente,Cerrada,2019-07-23,25,R08,567139
NC-105955,2019-06-28,P08,T01,Crítica,Autocontrol,Cerrada,2019-07-02,4,R02,413641
NC-102304,2019-06-29,P06,T04,Baja,Auditoría Externa,Cerrada,2019-07-20,21,R18,46537
NC-104508,2019-06-29,P06,T03,Alta,Queja de Cliente,Cerrada,2019-07-15,16,R09,135373
NC-104268,2019-06-29,P03,T02,Baja,Auditoría Interna,Cerrada,2019-07-28,29,R15,201690
NC-103423,2019-07-03,P05,T05,Baja,Auditoría Externa,En Tratamiento,,,R11,189471
NC-101589,2019-07-04,P07,T03,Alta,Auditoría Interna,Cerrada,2019-07-12,8,R01,2949844
NC-100577,2019-07-04,P07,T04,Alta,Auditoría Interna,Cerrada,2019-07-09,5,R14,604179
NC-102916,2019-07-07,P01,T06,Baja,Inspección de Calidad,Cerrada,2019-07-26,19,R20,207085
NC-103710,2019-07-07,P01,T02,Alta,Inspección de Calidad,Cerrada,2019-07-20,13,R08,540977
NC-101936,2019-07-08,P07,T02,Media,Inspección de Calidad,En Tratamiento,,,R22,15482
NC-101146,2019-07-08,P02,T05,Media,Inspección de Calidad,Cerrada,2019-07-19,11,R19,649086
NC-100518,2019-07-09,P06,T02,Baja,Auditoría Interna,Cerrada,2019-07-23,14,R09,347541
NC-102243,2019-07-10,P06,T02,Media,Auditoría Interna,Cerrada,2019-07-23,13,R22,378793
NC-103596,2019-07-11,P08,T05,Baja,Auditoría Externa,Cerrada,2019-07-31,20,R15,122206
NC-105370,2019-07-12,P06,T04,Baja,Auditoría Externa,Cerrada,2019-07-26,14,R17,272090
NC-104217,2019-07-14,P04,T06,Baja,Auditoría Interna,Cerrada,2019-07-18,4,R23,157103
NC-102182,2019-07-15,P05,T04,Crítica,Inspección de Calidad,Cerrada,2019-07-25,10,R21,1832899
NC-101621,2019-07-15,P06,T05,Baja,Queja de Cliente,Cerrada,2019-08-01,17,R15,81461
NC-101423,2019-07-16,P06,T02,Media,Auditoría Interna,Cerrada,2019-07-19,3,R18,372780
NC-102017,2019-07-17,P05,T02,Baja,Autocontrol,Cerrada,2019-08-08,22,R02,118969
NC-104801,2019-07-17,P07,T06,Media,Autocontrol,Cerrada,2019-07-24,7,R09,826339
NC-102488,2019-07-20,P06,T02,Media,Auditoría Interna,Cerrada,2019-08-08,19,R01,137042
NC-104149,2019-07-21,P03,T05,Media,Autocontrol,Cerrada,2019-08-24,34,R18,970188
NC-102582,2019-07-23,P08,T05,Media,Queja de Cliente,Cerrada,2019-07-26,3,R19,266953
NC-101189,2019-07-24,P04,T01,Baja,Queja de Cliente,Cerrada,2019-08-06,13,R08,25062
NC-100138,2019-07-25,P01,T02,Alta,Auditoría Externa,Cerrada,2019-08-25,31,R08,333366
NC-104937,2019-07-25,P05,T05,Baja,Inspección de Calidad,Cerrada,2019-08-08,14,R08,268798
NC-100029,2019-07-27,P03,T03,Baja,Queja de Cliente,Cerrada,2019-08-02,6,R20,153571
NC-101683,2019-07-28,P07,T04,Alta,Auditoría Interna,En Tratamiento,,,R18,660047
NC-101210,2019-07-29,P01,T04,Crítica,Inspección de Calidad,Cerrada,2019-08-03,5,R01,1712261
NC-105498,2019-07-29,P03,T01,Media,Queja de Cliente,Cerrada,2019-08-19,21,R20,215667
NC-101165,2019-07-29,P06,T03,Alta,Inspección de Calidad,Cerrada,2019-08-04,6,R17,1662256
NC-104122,2019-07-30,P07,T03,Media,Auditoría Interna,Cerrada,2019-08-05,6,R18,422763
NC-100615,2019-07-30,P03,T04,Baja,Auditoría Externa,Cerrada,2019-08-13,14,R04,497375
NC-100387,2019-07-30,P02,T06,Baja,Auditoría Interna,Cerrada,2019-08-10,11,R08,62058
NC-104777,2019-07-31,P04,T03,Baja,Auditoría Interna,Cerrada,2019-08-14,14,R18,58388
NC-105336,2019-08-01,P05,T05,Media,Auditoría Interna,Cerrada,2019-08-05,4,R04,514226
NC-100089,2019-08-01,P07,T06,Media,Auditoría Interna,Cerrada,2019-08-10,9,R09,621035
NC-103558,2019-08-03,P05,T06,Baja,Auditoría Externa,Abierta,,,R20,227977
NC-103319,2019-08-05,P03,T02,Alta,Auditoría Externa,Cerrada,2019-08-11,6,R23,772449
NC-100703,2019-08-05,P08,T01,Alta,Auditoría Externa,En Tratamiento,,,R16,901263
NC-102646,2019-08-05,P06,T04,Crítica,Autocontrol,Cerrada,2019-08-17,12,R02,1029757
NC-105071,2019-08-05,P08,T04,Media,Queja de Cliente,En Tratamiento,,,R09,163163
NC-103618,2019-08-06,P02,T03,Baja,Auditoría Interna,En Tratamiento,,,R16,268741
NC-100467,2019-08-07,P08,T06,Alta,Inspección de Calidad,Cerrada,2019-08-15,8,R11,97503
NC-100556,2019-08-07,P04,T06,Baja,Auditoría Interna,En Tratamiento,,,R13,282598
NC-102523,2019-08-08,P07,T04,Crítica,Autocontrol,Cerrada,2019-08-18,10,R19,3098928
NC-101050,2019-08-09,P05,T01,Media,Autocontrol,Cerrada,2019-08-15,6,R22,639237
NC-104647,2019-08-11,P04,T03,Media,Auditoría Externa,Abierta,,,R22,489524
NC-102664,2019-08-12,P06,T01,Media,Auditoría Externa,Cerrada,2019-08-14,2,R13,305835
NC-102817,2019-08-13,P02,T04,Media,Inspección de Calidad,Cerrada,2019-08-28,15,R01,821941
NC-100486,2019-08-14,P02,T03,Alta,Inspección de Calidad,Cerrada,2019-08-26,12,R13,396720
NC-101962,2019-08-15,P08,T01,Crítica,Auditoría Externa,Cerrada,2019-08-24,9,R04,479879
NC-105423,2019-08-16,P05,T04,Alta,Autocontrol,Cerrada,2019-08-20,4,R11,238300
NC-103948,2019-08-16,P01,T06,Alta,Auditoría Interna,Cerrada,2019-08-27,11,R16,242518
NC-104615,2019-08-16,P08,T04,Media,Autocontrol,Cerrada,2019-08-21,5,R14,781200
NC-103478,2019-08-17,P05,T04,Media,Auditoría Interna,Cerrada,2019-09-15,29,R20,319716
NC-103857,2019-08-17,P06,T03,Media,Autocontrol,Cerrada,2019-08-28,11,R01,412094
NC-101169,2019-08-17,P08,T06,Baja,Auditoría Externa,Cerrada,2019-08-23,6,R18,307295
NC-103700,2019-08-17,P03,T05,Crítica,Queja de Cliente,Cerrada,2019-09-07,21,R19,889486
NC-101320,2019-08-20,P08,T05,Alta,Inspección de Calidad,Cerrada,2019-08-22,2,R23,458321
NC-104625,2019-08-20,P03,T06,Alta,Auditoría Externa,Cerrada,2019-08-29,9,R08,96984
NC-100636,2019-08-21,P01,T05,Alta,Queja de Cliente,Cerrada,2019-08-30,9,R20,1591257
NC-101245,2019-08-22,P01,T03,Media,Inspección de Calidad,En Tratamiento,,,R23,796610
NC-101697,2019-08-23,P04,T01,Baja,Auditoría Interna,Cerrada,2019-09-03,11,R20,92063
NC-101453,2019-08-23,P06,T03,Alta,Auditoría Interna,En Tratamiento,,,R09,1931619
NC-101614,2019-08-23,P01,T04,Baja,Autocontrol,Cerrada,2019-08-29,6,R23,344496
NC-103849,2019-08-23,P01,T03,Baja,Queja de Cliente,Cerrada,2019-09-10,18,R15,777947
NC-104718,2019-08-23,P02,T02,Alta,Inspección de Calidad,Cerrada,2019-08-26,3,R08,607305
NC-102035,2019-08-23,P04,T05,Media,Autocontrol,Cerrada,2019-09-23,31,R21,777279
NC-100292,2019-08-24,P03,T03,Baja,Auditoría Interna,Cerrada,2019-09-01,8,R11,356156
NC-106180,2019-08-29,P01,T04,Alta,Autocontrol,Abierta,,,R17,375528
NC-104583,2019-08-30,P01,T06,Media,Queja de Cliente,En Tratamiento,,,R02,40196
NC-105011,2019-08-30,P06,T04,Media,Auditoría Externa,Cerrada,2019-09-19,20,R08,1394823
NC-105154,2019-09-03,P02,T06,Alta,Queja de Cliente,Cerrada,2019-09-13,10,R19,530338
NC-104195,2019-09-04,P07,T04,Media,Auditoría Externa,Cerrada,2019-09-08,4,R09,782796
NC-103149,2019-09-04,P07,T05,Baja,Inspección de Calidad,En Tratamiento,,,R11,92763
NC-100743,2019-09-05,P08,T05,Media,Queja de Cliente,Cerrada,2019-09-22,17,R18,1170751
NC-104611,2019-09-05,P06,T06,Media,Inspección de Calidad,Cerrada,2019-09-14,9,R18,619121
NC-103079,2019-09-05,P07,T02,Alta,Auditoría Interna,Cerrada,2019-10-01,26,R18,1198093
NC-105882,2019-09-09,P07,T05,Media,Auditoría Externa,Cerrada,2019-09-26,17,R19,597491
NC-101204,2019-09-09,P01,T02,Alta,Queja de Cliente,Cerrada,2019-09-16,7,R17,671713
NC-105996,2019-09-11,P03,T01,Alta,Autocontrol,Cerrada,2019-09-17,6,R02,593832
NC-102726,2019-09-12,P01,T03,Baja,Auditoría Externa,Cerrada,2019-09-24,12,R19,113789
NC-100391,2019-09-13,P03,T03,Media,Auditoría Externa,Abierta,,,R22,296448
NC-105793,2019-09-14,P04,T06,Media,Inspección de Calidad,En Tratamiento,,,R19,90053
NC-100561,2019-09-16,P07,T03,Crítica,Inspección de Calidad,Cerrada,2019-09-23,7,R20,1182881
NC-104639,2019-09-16,P08,T02,Crítica,Inspección de Calidad,Cerrada,2019-09-18,2,R15,513238
NC-102468,2019-09-16,P02,T06,Baja,Queja de Cliente,En Tratamiento,,,R01,555466
NC-101940,2019-09-16,P03,T03,Media,Auditoría Externa,Cerrada,2019-10-02,16,R01,314296
NC-103783,2019-09-17,P05,T05,Baja,Inspección de Calidad,En Tratamiento,,,R18,60753
NC-104705,2019-09-17,P04,T02,Baja,Auditoría Interna,Cerrada,2019-10-02,15,R22,73067
NC-102463,2019-09-19,P02,T03,Alta,Queja de Cliente,Cerrada,2019-09-23,4,R14,1195637
NC-102199,2019-09-19,P07,T05,Crítica,Queja de Cliente,Cerrada,2019-10-05,16,R19,756152
NC-102114,2019-09-19,P02,T03,Baja,Inspección de Calidad,Cerrada,2019-09-23,4,R14,103391
NC-100423,2019-09-20,P08,T04,Baja,Queja de Cliente,Cerrada,2019-09-24,4,R15,103965
NC-103989,2019-09-20,P03,T06,Media,Inspección de Calidad,Cerrada,2019-09-28,8,R21,1410726
NC-102642,2019-09-21,P04,T05,Baja,Auditoría Externa,En Tratamiento,,,R18,146336
NC-103399,2019-09-22,P08,T06,Baja,Inspección de Calidad,Cerrada,2019-10-04,12,R14,313362
NC-105667,2019-09-22,P01,T02,Media,Inspección de Calidad,Cerrada,2019-09-26,4,R15,389782
NC-104402,2019-09-22,P08,T05,Media,Queja de Cliente,Cerrada,2019-09-25,3,R04,380056
NC-106138,2019-09-22,P08,T04,Media,Auditoría Interna,Cerrada,2019-10-04,12,R16,420150
NC-102612,2019-09-22,P03,T03,Baja,Auditoría Externa,Cerrada,2019-10-13,21,R20,170317
NC-105474,2019-09-23,P01,T01,Alta,Auditoría Interna,Cerrada,2019-09-30,7,R20,296503
NC-105690,2019-09-23,P07,T03,Baja,Auditoría Externa,Cerrada,2019-09-27,4,R14,72156
NC-100849,2019-09-28,P05,T01,Alta,Auditoría Interna,Cerrada,2019-10-15,17,R11,1759403
NC-104723,2019-09-28,P04,T01,Alta,Queja de Cliente,Cerrada,2019-10-02,4,R22,958839
NC-102508,2019-09-29,P05,T05,Alta,Inspección de Calidad,Cerrada,2019-10-03,4,R08,800732
NC-104307,2019-10-01,P05,T04,Alta,Auditoría Externa,Cerrada,2019-10-14,13,R18,1268230
NC-105939,2019-10-04,P03,T04,Media,Auditoría Externa,Cerrada,2019-10-17,13,R22,351086
NC-102776,2019-10-05,P08,T01,Baja,Inspección de Calidad,Cerrada,2019-10-20,15,R13,100637
NC-105157,2019-10-06,P04,T04,Media,Queja de Cliente,Cerrada,2019-10-14,8,R01,298334
NC-105348,2019-10-07,P07,T04,Media,Queja de Cliente,Cerrada,2019-10-17,10,R02,538675
NC-101380,2019-10-07,P05,T05,Crítica,Auditoría Externa,Cerrada,2019-10-13,6,R02,437685
NC-101769,2019-10-08,P03,T01,Baja,Autocontrol,Cerrada,2019-10-22,14,R13,105287
NC-102310,2019-10-09,P07,T05,Media,Queja de Cliente,Cerrada,2019-10-14,5,R17,342837
NC-102127,2019-10-09,P02,T05,Baja,Auditoría Externa,En Tratamiento,,,R04,100941
NC-102532,2019-10-10,P01,T02,Baja,Autocontrol,Cerrada,2019-10-14,4,R18,132948
NC-102128,2019-10-11,P04,T03,Media,Auditoría Interna,Cerrada,2019-10-17,6,R11,142946
NC-100347,2019-10-11,P03,T03,Baja,Autocontrol,En Tratamiento,,,R02,197060
NC-103034,2019-10-13,P05,T05,Alta,Auditoría Interna,Cerrada,2019-10-17,4,R01,569960
NC-101821,2019-10-14,P03,T05,Baja,Autocontrol,Cerrada,2019-10-23,9,R14,111523
NC-101668,2019-10-16,P02,T05,Alta,Auditoría Externa,Abierta,,,R01,1722913
NC-100020,2019-10-17,P01,T01,Media,Queja de Cliente,Cerrada,2019-11-06,20,R18,543686
NC-102901,2019-10-17,P02,T04,Alta,Queja de Cliente,Cerrada,2019-10-29,12,R02,301021
NC-103763,2019-10-17,P07,T05,Baja,Auditoría Externa,Cerrada,2019-11-04,18,R13,253261
NC-101075,2019-10-21,P08,T04,Media,Inspección de Calidad,Cerrada,2019-11-03,13,R04,598477
NC-101143,2019-10-22,P04,T03,Baja,Queja de Cliente,Cerrada,2019-11-02,11,R14,299980
NC-100106,2019-10-22,P03,T04,Baja,Inspección de Calidad,Cerrada,2019-11-10,19,R11,389914
NC-103506,2019-10-23,P02,T01,Baja,Queja de Cliente,Cerrada,2019-11-05,13,R01,134161
NC-101923,2019-10-23,P05,T03,Baja,Auditoría Interna,Cerrada,2019-11-01,9,R09,93072
NC-100843,2019-10-23,P06,T02,Baja,Autocontrol,Cerrada,2019-11-16,24,R21,474269
NC-104828,2019-10-24,P06,T01,Baja,Queja de Cliente,Cerrada,2019-11-03,10,R04,48292
NC-103408,2019-10-26,P03,T04,Crítica,Inspección de Calidad,Abierta,,,R17,715825
NC-105544,2019-10-26,P07,T06,Alta,Autocontrol,Cerrada,2019-11-05,10,R22,976038
NC-103538,2019-10-27,P07,T01,Crítica,Auditoría Externa,Cerrada,2019-11-14,18,R22,475013
NC-103568,2019-10-28,P02,T04,Media,Autocontrol,En Tratamiento,,,R20,838810
NC-103912,2019-10-30,P04,T02,Crítica,Queja de Cliente,En Tratamiento,,,R11,1672261
NC-100090,2019-10-30,P01,T03,Crítica,Inspección de Calidad,Cerrada,2019-11-04,5,R23,814863
NC-100201,2019-10-31,P05,T02,Baja,Auditoría Interna,Cerrada,2019-11-06,6,R08,113911
NC-103374,2019-11-01,P07,T06,Baja,Auditoría Externa,Cerrada,2019-11-05,4,R08,559550
NC-103913,2019-11-01,P05,T02,Media,Auditoría Interna,Cerrada,2019-11-15,14,R08,933724
NC-102815,2019-11-03,P05,T05,Media,Autocontrol,Cerrada,2019-11-19,16,R14,1132188
NC-105735,2019-11-03,P02,T06,Media,Autocontrol,Cerrada,2019-11-09,6,R04,127598
NC-104456,2019-11-04,P05,T02,Media,Auditoría Externa,Cerrada,2019-11-12,8,R20,714915
NC-104059,2019-11-04,P01,T05,Crítica,Autocontrol,Cerrada,2019-11-19,15,R18,709897
NC-104855,2019-11-05,P07,T01,Crítica,Autocontrol,Cerrada,2019-11-08,3,R15,239915
NC-103634,2019-11-08,P01,T03,Media,Autocontrol,En Tratamiento,,,R22,538017
NC-103356,2019-11-09,P01,T01,Baja,Auditoría Interna,Cerrada,2019-11-15,6,R16,97949
NC-101902,2019-11-09,P06,T04,Media,Auditoría Externa,Cerrada,2019-11-17,8,R09,95795
NC-102255,2019-11-09,P05,T04,Media,Queja de Cliente,Cerrada,2019-11-19,10,R17,293406
NC-105582,2019-11-11,P07,T05,Crítica,Autocontrol,Cerrada,2019-11-26,15,R16,335205
NC-104516,2019-11-12,P03,T04,Media,Auditoría Externa,Cerrada,2019-12-03,21,R13,547638
NC-103146,2019-11-13,P03,T05,Crítica,Autocontrol,Cerrada,2019-11-24,11,R23,152178
NC-104748,2019-11-15,P08,T04,Media,Queja de Cliente,Cerrada,2019-11-22,7,R20,83888
NC-103802,2019-11-16,P07,T06,Crítica,Inspección de Calidad,En Tratamiento,,,R04,1027335
NC-104275,2019-11-17,P05,T06,Alta,Auditoría Interna,Cerrada,2019-11-25,8,R21,895204
NC-101330,2019-11-17,P08,T04,Alta,Auditoría Interna,Cerrada,2019-11-27,10,R11,358916
NC-102706,2019-11-18,P02,T02,Media,Autocontrol,Cerrada,2019-11-26,8,R21,181358
NC-102211,2019-11-18,P08,T04,Baja,Auditoría Externa,Cerrada,2019-12-07,19,R08,254606
NC-100552,2019-11-18,P04,T01,Media,Auditoría Interna,Cerrada,2019-12-09,21,R22,800754
NC-102870,2019-11-19,P07,T01,Media,Auditoría Externa,Cerrada,2019-11-29,10,R09,414953
NC-100935,2019-11-21,P01,T01,Media,Queja de Cliente,En Tratamiento,,,R02,63488
NC-106132,2019-11-22,P02,T03,Baja,Queja de Cliente,Cerrada,2019-11-25,3,R22,217796
NC-101985,2019-11-23,P02,T03,Alta,Auditoría Interna,Cerrada,2019-11-25,2,R19,889724
NC-100773,2019-11-23,P08,T02,Baja,Auditoría Externa,Abierta,,,R13,183204
NC-100844,2019-11-23,P05,T04,Baja,Auditoría Externa,Cerrada,2019-12-03,10,R23,47364
NC-101036,2019-11-25,P02,T01,Alta,Autocontrol,Cerrada,2019-12-13,18,R15,1083229
NC-106091,2019-11-25,P01,T05,Media,Queja de Cliente,Cerrada,2019-12-05,10,R09,125226
NC-104215,2019-11-26,P08,T02,Baja,Inspección de Calidad,Cerrada,2019-12-17,21,R08,232735
NC-104423,2019-11-26,P06,T01,Baja,Auditoría Interna,Cerrada,2019-12-14,18,R13,55979
NC-105598,2019-11-26,P03,T05,Baja,Auditoría Interna,Cerrada,2019-12-25,29,R01,219937
NC-102308,2019-11-28,P06,T02,Baja,Auditoría Externa,Cerrada,2019-12-01,3,R22,242810
NC-101911,2019-11-30,P07,T06,Baja,Queja de Cliente,En Tratamiento,,,R09,116136
NC-105295,2019-11-30,P03,T05,Baja,Autocontrol,Cerrada,2019-12-13,13,R23,149405
NC-100490,2019-12-01,P04,T06,Baja,Auditoría Externa,Cerrada,2019-12-11,10,R01,489259
NC-105432,2019-12-02,P05,T01,Alta,Auditoría Interna,Cerrada,2019-12-20,18,R15,187691
NC-100891,2019-12-02,P02,T06,Alta,Auditoría Externa,Cerrada,2019-12-27,25,R01,714887
NC-105061,2019-12-03,P01,T01,Media,Inspección de Calidad,Cerrada,2019-12-09,6,R09,1015535
NC-101283,2019-12-03,P05,T06,Alta,Auditoría Externa,En Tratamiento,,,R04,1046950
NC-103633,2019-12-04,P07,T06,Baja,Queja de Cliente,Cerrada,2019-12-25,21,R14,86573
NC-100166,2019-12-04,P05,T01,Alta,Inspección de Calidad,Cerrada,2019-12-12,8,R16,565518
NC-102634,2019-12-05,P03,T03,Alta,Auditoría Interna,Cerrada,2019-12-25,20,R21,643073
NC-102271,2019-12-06,P05,T03,Alta,Inspección de Calidad,Cerrada,2019-12-21,15,R15,1009303
NC-104925,2019-12-06,P05,T02,Baja,Autocontrol,Cerrada,2019-12-28,22,R01,331859
NC-102830,2019-12-06,P04,T06,Media,Queja de Cliente,Cerrada,2019-12-13,7,R19,375665
NC-105172,2019-12-07,P01,T06,Media,Autocontrol,Cerrada,2019-12-14,7,R14,123875
NC-105389,2019-12-10,P04,T06,Media,Autocontrol,Cerrada,2019-12-19,9,R01,130024
NC-102101,2019-12-10,P06,T04,Media,Inspección de Calidad,Cerrada,2019-12-30,20,R19,1163223
NC-105482,2019-12-11,P02,T06,Media,Autocontrol,Cerrada,2019-12-20,9,R22,470204
NC-104188,2019-12-11,P06,T03,Baja,Queja de Cliente,Cerrada,2019-12-23,12,R02,50406
NC-101332,2019-12-13,P03,T02,Baja,Auditoría Externa,Cerrada,2020-01-04,22,R18,161394
NC-104755,2019-12-13,P04,T02,Baja,Queja de Cliente,Cerrada,2019-12-25,12,R19,410833
NC-102016,2019-12-14,P06,T05,Alta,Auditoría Interna,En Tratamiento,,,R19,487605
NC-105771,2019-12-15,P07,T06,Baja,Queja de Cliente,Cerrada,2019-12-21,6,R13,271990
NC-101663,2019-12-16,P08,T05,Crítica,Queja de Cliente,Cerrada,2019-12-24,8,R11,2823711
NC-106117,2019-12-18,P03,T02,Crítica,Inspección de Calidad,Cerrada,2020-01-06,19,R01,401904
NC-100317,2019-12-19,P02,T01,Baja,Auditoría Externa,Cerrada,2019-12-24,5,R22,69098
NC-103416,2019-12-22,P08,T02,Alta,Queja de Cliente,Cerrada,2019-12-31,9,R08,1167521
NC-103120,2019-12-22,P06,T04,Crítica,Autocontrol,Cerrada,2019-12-24,2,R11,815981
NC-100469,2019-12-22,P01,T04,Media,Queja de Cliente,Cerrada,2020-01-08,17,R22,291111
NC-104605,2019-12-24,P07,T03,Baja,Inspección de Calidad,En Tratamiento,,,R23,195517
NC-100335,2019-12-24,P04,T03,Media,Auditoría Externa,Cerrada,2020-01-11,18,R02,150082
NC-103177,2019-12-25,P01,T02,Media,Auditoría Externa,Abierta,,,R13,213839
NC-102732,2019-12-26,P08,T02,Media,Autocontrol,Cerrada,2020-01-02,7,R21,528012
NC-102989,2019-12-28,P01,T01,Media,Auditoría Interna,Cerrada,2020-01-24,27,R11,210281
NC-103089,2019-12-28,P02,T06,Alta,Inspección de Calidad,Cerrada,2020-01-09,12,R20,194083
NC-100860,2019-12-29,P05,T04,Crítica,Inspección de Calidad,Cerrada,2020-01-02,4,R18,1420413
NC-102169,2019-12-30,P01,T03,Media,Auditoría Interna,Cerrada,2020-01-10,11,R15,79576
NC-105554,2019-12-31,P01,T01,Alta,Auditoría Interna,Cerrada,2020-02-02,33,R21,1669740
NC-102476,2020-01-01,P05,T02,Baja,Autocontrol,Cerrada,2020-01-14,13,R15,201746
NC-105399,2020-01-02,P03,T04,Alta,Inspección de Calidad,Cerrada,2020-01-04,2,R17,984435
NC-101865,2020-01-03,P04,T03,Alta,Queja de Cliente,Cerrada,2020-01-11,8,R11,299683
NC-102167,2020-01-03,P03,T05,Crítica,Auditoría Interna,En Tratamiento,,,R17,360171
NC-103379,2020-01-04,P08,T05,Media,Auditoría Externa,Cerrada,2020-01-16,12,R20,542811
NC-105745,2020-01-05,P03,T02,Media,Queja de Cliente,Cerrada,2020-01-13,8,R20,503871
NC-102137,2020-01-05,P08,T02,Crítica,Queja de Cliente,Cerrada,2020-01-19,14,R16,524821
NC-101444,2020-01-06,P05,T02,Crítica,Queja de Cliente,Cerrada,2020-01-21,15,R15,60468
NC-104757,2020-01-06,P03,T03,Alta,Inspección de Calidad,Cerrada,2020-01-18,12,R14,1508654
NC-104413,2020-01-06,P07,T03,Alta,Queja de Cliente,En Tratamiento,,,R13,2420273
NC-102921,2020-01-07,P02,T04,Crítica,Queja de Cliente,Cerrada,2020-01-16,9,R22,1639953
NC-103652,2020-01-07,P05,T06,Alta,Auditoría Externa,En Tratamiento,,,R16,678220
NC-105488,2020-01-08,P03,T02,Alta,Autocontrol,Cerrada,2020-01-30,22,R21,619850
NC-101590,2020-01-08,P05,T05,Crítica,Inspección de Calidad,Cerrada,2020-01-13,5,R01,282412
NC-105219,2020-01-08,P06,T06,Baja,Inspección de Calidad,Cerrada,2020-01-20,12,R04,212473
NC-102914,2020-01-08,P02,T05,Alta,Queja de Cliente,Cerrada,2020-01-20,12,R01,536214
NC-103617,2020-01-09,P07,T03,Baja,Auditoría Interna,Cerrada,2020-01-18,9,R22,172467
NC-100995,2020-01-10,P03,T02,Baja,Auditoría Externa,Cerrada,2020-01-26,16,R11,104286
NC-102047,2020-01-10,P02,T06,Baja,Auditoría Externa,Cerrada,2020-01-30,20,R15,400773
NC-104665,2020-01-12,P06,T02,Media,Queja de Cliente,Cerrada,2020-01-23,11,R20,255156
NC-103288,2020-01-12,P03,T03,Baja,Auditoría Interna,En Tratamiento,,,R08,60735
NC-105975,2020-01-13,P06,T01,Baja,Queja de Cliente,Cerrada,2020-01-17,4,R14,480201
NC-101622,2020-01-13,P02,T01,Baja,Queja de Cliente,Cerrada,2020-01-15,2,R23,469535
NC-102710,2020-01-15,P01,T02,Media,Auditoría Externa,Cerrada,2020-01-19,4,R13,332657
NC-105675,2020-01-15,P01,T06,Baja,Autocontrol,Cerrada,2020-01-22,7,R16,107171
NC-105865,2020-01-17,P05,T02,Alta,Inspección de Calidad,Cerrada,2020-01-29,12,R04,1716400
NC-100652,2020-01-17,P02,T03,Baja,Queja de Cliente,Cerrada,2020-01-21,4,R09,91541
NC-104816,2020-01-17,P02,T02,Baja,Auditoría Externa,Cerrada,2020-01-26,9,R15,187221
NC-102442,2020-01-17,P06,T02,Media,Auditoría Interna,Abierta,,,R11,37997
NC-101115,2020-01-20,P05,T03,Alta,Autocontrol,Cerrada,2020-01-28,8,R01,534001
NC-104878,2020-01-21,P05,T06,Media,Queja de Cliente,Cerrada,2020-01-26,5,R21,204296
NC-105811,2020-01-21,P08,T03,Media,Auditoría Interna,Cerrada,2020-01-26,5,R08,129504
NC-105477,2020-01-22,P01,T01,Baja,Queja de Cliente,Cerrada,2020-01-26,4,R22,44318
NC-105904,2020-01-23,P01,T01,Alta,Queja de Cliente,Cerrada,2020-02-04,12,R01,454395
NC-104749,2020-01-25,P03,T05,Crítica,Inspección de Calidad,Cerrada,2020-02-06,12,R21,2660176
NC-102233,2020-01-25,P08,T06,Alta,Auditoría Externa,Cerrada,2020-02-06,12,R08,2166102
NC-104461,2020-01-26,P05,T04,Baja,Autocontrol,Cerrada,2020-02-12,17,R13,107278
NC-105864,2020-01-26,P08,T05,Baja,Auditoría Interna,Cerrada,2020-01-31,5,R15,59309
NC-100845,2020-01-27,P01,T06,Media,Autocontrol,Cerrada,2020-01-30,3,R11,860594
NC-105830,2020-01-29,P05,T04,Media,Inspección de Calidad,Cerrada,2020-02-13,15,R15,438691
NC-103162,2020-01-29,P03,T06,Baja,Auditoría Externa,Cerrada,2020-02-08,10,R08,93352
NC-101780,2020-01-29,P03,T06,Baja,Auditoría Externa,Cerrada,2020-02-22,24,R09,142955
NC-102372,2020-01-30,P07,T01,Baja,Auditoría Externa,Cerrada,2020-03-05,35,R08,176519
NC-106174,2020-01-30,P01,T04,Media,Auditoría Interna,Cerrada,2020-02-10,11,R21,240199
NC-102845,2020-01-31,P03,T03,Media,Queja de Cliente,Cerrada,2020-02-08,8,R02,1254720
NC-101247,2020-02-01,P03,T04,Media,Auditoría Externa,Cerrada,2020-02-17,16,R18,121364
NC-103233,2020-02-02,P01,T03,Media,Inspección de Calidad,Cerrada,2020-02-14,12,R15,252817
NC-104961,2020-02-02,P08,T01,Baja,Inspección de Calidad,Cerrada,2020-02-09,7,R01,560140
NC-104467,2020-02-03,P02,T04,Baja,Inspección de Calidad,Cerrada,2020-02-18,15,R04,56759
NC-100119,2020-02-03,P06,T04,Baja,Queja de Cliente,Cerrada,2020-03-11,37,R15,326242
NC-101912,2020-02-03,P07,T02,Media,Auditoría Externa,Cerrada,2020-02-19,16,R04,1612944
NC-101586,2020-02-06,P02,T04,Media,Inspección de Calidad,Cerrada,2020-02-16,10,R19,316778
NC-105273,2020-02-06,P07,T05,Media,Autocontrol,Cerrada,2020-02-23,17,R08,994449
NC-100171,2020-02-08,P07,T05,Baja,Auditoría Externa,Cerrada,2020-02-13,5,R20,481247
NC-105795,2020-02-09,P06,T06,Alta,Auditoría Interna,En Tratamiento,,,R02,447076
NC-104178,2020-02-12,P06,T02,Media,Auditoría Interna,Cerrada,2020-02-15,3,R11,507631
NC-101930,2020-02-13,P05,T03,Baja,Autocontrol,Cerrada,2020-02-28,15,R01,272450
NC-105480,2020-02-14,P03,T04,Media,Inspección de Calidad,Cerrada,2020-03-02,17,R16,326060
NC-103759,2020-02-15,P04,T06,Alta,Queja de Cliente,Cerrada,2020-02-16,1,R14,1610889
NC-102895,2020-02-16,P05,T05,Baja,Auditoría Interna,Cerrada,2020-03-10,23,R11,210176
NC-103861,2020-02-17,P08,T04,Alta,Auditoría Interna,En Tratamiento,,,R16,527834
NC-104448,2020-02-17,P05,T02,Alta,Autocontrol,Cerrada,2020-03-05,17,R01,255028
NC-105814,2020-02-17,P03,T02,Media,Inspección de Calidad,Cerrada,2020-02-29,12,R22,817923
NC-104204,2020-02-18,P02,T01,Media,Queja de Cliente,Cerrada,2020-03-04,15,R15,582987
NC-105279,2020-02-18,P05,T02,Media,Auditoría Interna,Cerrada,2020-02-26,8,R21,393014
NC-101804,2020-02-18,P05,T04,Baja,Autocontrol,Cerrada,2020-03-25,36,R09,62547
NC-101346,2020-02-19,P04,T05,Media,Inspección de Calidad,Cerrada,2020-03-01,11,R18,393282
NC-102580,2020-02-20,P07,T02,Baja,Queja de Cliente,Cerrada,2020-02-24,4,R13,45662
NC-100180,2020-02-20,P02,T05,Alta,Auditoría Interna,Cerrada,2020-03-03,12,R09,696822
NC-104191,2020-02-21,P06,T05,Baja,Auditoría Interna,Cerrada,2020-03-01,9,R18,61785
NC-102654,2020-02-21,P05,T03,Crítica,Auditoría Interna,Cerrada,2020-02-29,8,R08,628583
NC-106182,2020-02-24,P06,T02,Baja,Inspección de Calidad,Cerrada,2020-03-02,7,R22,41792
NC-101385,2020-02-27,P02,T06,Baja,Auditoría Interna,Cerrada,2020-03-02,4,R15,317460
NC-100023,2020-02-28,P03,T05,Media,Auditoría Externa,Cerrada,2020-03-19,20,R17,44706
NC-103496,2020-02-28,P05,T01,Baja,Auditoría Interna,Cerrada,2020-03-13,14,R15,81649
NC-105466,2020-02-29,P05,T06,Alta,Queja de Cliente,Cerrada,2020-03-18,18,R17,1219851
NC-106011,2020-03-02,P05,T01,Media,Autocontrol,Cerrada,2020-03-19,17,R01,217891
NC-105670,2020-03-02,P01,T05,Baja,Inspección de Calidad,Cerrada,2020-03-18,16,R13,76716
NC-104395,2020-03-05,P02,T04,Baja,Auditoría Interna,Cerrada,2020-03-09,4,R16,273080
NC-101755,2020-03-05,P03,T05,Media,Queja de Cliente,Cerrada,2020-03-26,21,R17,455615
NC-100751,2020-03-06,P02,T06,Crítica,Autocontrol,Cerrada,2020-03-11,5,R21,1275345
NC-102529,2020-03-07,P07,T02,Baja,Inspección de Calidad,Cerrada,2020-03-26,19,R15,46182
NC-102475,2020-03-07,P03,T04,Alta,Inspección de Calidad,Cerrada,2020-03-13,6,R16,767332
NC-101753,2020-03-07,P08,T03,Crítica,Auditoría Interna,Cerrada,2020-03-11,4,R23,1362760
NC-104297,2020-03-08,P08,T03,Alta,Auditoría Externa,Cerrada,2020-03-16,8,R22,812312
NC-104856,2020-03-09,P05,T01,Baja,Inspección de Calidad,Cerrada,2020-03-28,19,R15,228456
NC-105851,2020-03-09,P05,T06,Alta,Inspección de Calidad,Cerrada,2020-03-28,19,R08,538912
NC-102292,2020-03-10,P08,T03,Media,Queja de Cliente,Cerrada,2020-03-20,10,R04,825729
NC-104176,2020-03-11,P03,T03,Media,Inspección de Calidad,Cerrada,2020-03-23,12,R09,98107
NC-104136,2020-03-13,P01,T04,Media,Auditoría Interna,Cerrada,2020-03-21,8,R16,130045
NC-103565,2020-03-13,P05,T06,Crítica,Auditoría Interna,Cerrada,2020-03-27,14,R11,1238741
NC-104015,2020-03-16,P03,T04,Crítica,Queja de Cliente,Cerrada,2020-04-07,22,R15,339134
NC-100485,2020-03-16,P04,T02,Crítica,Autocontrol,Cerrada,2020-03-21,5,R08,684129
NC-104910,2020-03-16,P03,T02,Crítica,Queja de Cliente,En Tratamiento,,,R11,1134108
NC-105938,2020-03-16,P02,T03,Baja,Auditoría Externa,Cerrada,2020-03-21,5,R20,814916
NC-100770,2020-03-16,P06,T02,Media,Auditoría Externa,Cerrada,2020-03-21,5,R20,154028
NC-102648,2020-03-17,P03,T03,Alta,Auditoría Interna,Cerrada,2020-04-04,18,R02,1357501
NC-102272,2020-03-21,P03,T06,Baja,Inspección de Calidad,Cerrada,2020-04-04,14,R02,110174
NC-101832,2020-03-25,P05,T02,Alta,Auditoría Interna,Cerrada,2020-04-17,23,R09,125752
NC-102957,2020-03-26,P05,T02,Media,Auditoría Externa,Cerrada,2020-04-02,7,R21,850608
NC-106121,2020-03-27,P03,T05,Crítica,Auditoría Interna,Cerrada,2020-03-30,3,R08,173816
NC-106043,2020-03-28,P03,T02,Media,Autocontrol,Cerrada,2020-04-09,12,R15,492807
NC-104434,2020-03-29,P08,T01,Alta,Autocontrol,Cerrada,2020-04-07,9,R19,3107034
NC-103987,2020-03-29,P03,T03,Media,Autocontrol,Cerrada,2020-04-02,4,R17,469148
NC-102109,2020-03-31,P06,T03,Media,Queja de Cliente,Cerrada,2020-04-09,9,R16,1188854
NC-102527,2020-04-02,P04,T01,Media,Autocontrol,En Tratamiento,,,R13,465432
NC-101602,2020-04-02,P03,T05,Alta,Inspección de Calidad,En Tratamiento,,,R11,451419
NC-100059,2020-04-04,P06,T05,Alta,Auditoría Interna,Cerrada,2020-04-17,13,R11,739755
NC-104546,2020-04-04,P01,T01,Crítica,Auditoría Externa,Cerrada,2020-04-27,23,R08,1265848
NC-101342,2020-04-05,P05,T03,Alta,Auditoría Externa,Cerrada,2020-04-07,2,R15,88926
NC-100268,2020-04-05,P07,T02,Alta,Auditoría Externa,Cerrada,2020-04-11,6,R21,1211457
NC-104506,2020-04-09,P04,T06,Baja,Auditoría Interna,Abierta,,,R09,149956
NC-100396,2020-04-09,P02,T06,Baja,Auditoría Externa,Cerrada,2020-04-17,8,R16,269758
NC-104945,2020-04-10,P03,T04,Media,Autocontrol,Abierta,,,R18,325977
NC-101296,2020-04-11,P05,T04,Alta,Inspección de Calidad,Cerrada,2020-05-06,25,R12,158707
NC-105374,2020-04-12,P08,T04,Baja,Autocontrol,Cerrada,2020-04-23,11,R17,335335
NC-101868,2020-04-14,P07,T01,Baja,Queja de Cliente,Cerrada,2020-04-21,7,R13,203284
NC-102425,2020-04-15,P02,T03,Alta,Auditoría Interna,Cerrada,2020-04-24,9,R19,1001749
NC-104336,2020-04-15,P01,T01,Alta,Autocontrol,Cerrada,2020-05-07,22,R12,222870
NC-103238,2020-04-16,P08,T02,Media,Inspección de Calidad,Cerrada,2020-04-29,13,R23,340889
NC-101684,2020-04-16,P04,T05,Media,Queja de Cliente,En Tratamiento,,,R01,314541
NC-102145,2020-04-17,P06,T02,Alta,Auditoría Externa,Cerrada,2020-05-03,16,R01,1946938
NC-104265,2020-04-17,P03,T03,Crítica,Auditoría Externa,Cerrada,2020-04-29,12,R08,1270575
NC-101996,2020-04-17,P01,T05,Media,Queja de Cliente,Cerrada,2020-04-24,7,R01,801908
NC-103370,2020-04-18,P03,T02,Media,Autocontrol,En Tratamiento,,,R11,1319355
NC-100281,2020-04-18,P02,T02,Baja,Auditoría Externa,Cerrada,2020-04-29,11,R17,102540
NC-104678,2020-04-21,P03,T04,Crítica,Inspección de Calidad,Cerrada,2020-05-13,22,R04,280704
NC-104781,2020-04-21,P05,T01,Alta,Auditoría Externa,Cerrada,2020-05-05,14,R12,519362
NC-101836,2020-04-22,P01,T05,Crítica,Auditoría Externa,Cerrada,2020-04-29,7,R23,509207
NC-102273,2020-04-22,P05,T04,Baja,Auditoría Interna,Abierta,,,R17,67201
NC-105308,2020-04-23,P05,T01,Baja,Auditoría Interna,Cerrada,2020-04-26,3,R11,339222
NC-101774,2020-04-23,P05,T02,Baja,Autocontrol,Cerrada,2020-04-29,6,R13,115035
NC-100629,2020-04-25,P08,T04,Media,Auditoría Interna,Abierta,,,R17,289027
NC-104714,2020-04-27,P03,T05,Baja,Auditoría Interna,En Tratamiento,,,R23,248834
NC-105358,2020-04-28,P03,T02,Baja,Autocontrol,Cerrada,2020-05-09,11,R02,171183
NC-104295,2020-04-29,P06,T02,Baja,Autocontrol,Cerrada,2020-05-13,14,R13,215248
NC-101511,2020-05-01,P05,T04,Crítica,Queja de Cliente,Cerrada,2020-05-09,8,R11,2958947
NC-105652,2020-05-02,P01,T02,Baja,Inspección de Calidad,Cerrada,2020-05-11,9,R23,28019
NC-100474,2020-05-02,P03,T01,Media,Auditoría Externa,Cerrada,2020-05-08,6,R16,139807
NC-105191,2020-05-03,P06,T03,Media,Auditoría Interna,Cerrada,2020-05-14,11,R17,750375
NC-104923,2020-05-04,P04,T05,Media,Inspección de Calidad,Cerrada,2020-05-15,11,R15,957662
NC-102337,2020-05-04,P07,T05,Media,Auditoría Interna,Cerrada,2020-05-20,16,R18,1267498
NC-101120,2020-05-04,P08,T04,Alta,Queja de Cliente,Cerrada,2020-05-16,12,R21,1070465
NC-102745,2020-05-06,P07,T05,Baja,Queja de Cliente,Cerrada,2020-05-15,9,R17,76293
NC-101675,2020-05-07,P07,T05,Alta,Auditoría Interna,En Tratamiento,,,R01,338516
NC-100222,2020-05-07,P02,T03,Alta,Inspección de Calidad,Cerrada,2020-05-21,14,R12,1228812
NC-101070,2020-05-07,P06,T02,Baja,Auditoría Externa,Cerrada,2020-05-18,11,R19,117954
NC-104613,2020-05-08,P02,T04,Baja,Inspección de Calidad,Cerrada,2020-05-25,17,R11,407874
NC-105409,2020-05-09,P02,T04,Crítica,Auditoría Externa,Cerrada,2020-06-10,32,R20,2174100
NC-100096,2020-05-09,P05,T04,Media,Autocontrol,En Tratamiento,,,R22,922614
NC-105323,2020-05-09,P07,T04,Media,Auditoría Interna,Cerrada,2020-05-25,16,R01,298550
NC-101197,2020-05-10,P02,T06,Baja,Auditoría Interna,Cerrada,2020-05-16,6,R04,115420
NC-103906,2020-05-10,P08,T05,Media,Auditoría Interna,Cerrada,2020-05-26,16,R21,198457
NC-101217,2020-05-13,P04,T02,Media,Inspección de Calidad,Cerrada,2020-05-18,5,R04,484485
NC-100133,2020-05-14,P04,T05,Media,Queja de Cliente,Cerrada,2020-05-22,8,R01,27722
NC-105538,2020-05-17,P04,T04,Media,Autocontrol,Cerrada,2020-05-26,9,R04,165753
NC-104995,2020-05-17,P05,T02,Media,Inspección de Calidad,En Tratamiento,,,R21,276949
NC-104266,2020-05-17,P03,T02,Alta,Inspección de Calidad,Cerrada,2020-05-27,10,R15,890611
NC-104329,2020-05-18,P01,T04,Alta,Queja de Cliente,En Tratamiento,,,R13,226205
NC-101152,2020-05-19,P08,T03,Alta,Auditoría Interna,Cerrada,2020-05-27,8,R02,705984
NC-103005,2020-05-19,P02,T06,Media,Inspección de Calidad,En Tratamiento,,,R23,955557
NC-105573,2020-05-19,P03,T05,Baja,Auditoría Interna,Cerrada,2020-05-27,8,R11,30724
NC-103507,2020-05-19,P06,T02,Media,Queja de Cliente,Cerrada,2020-06-01,13,R04,523592
NC-103316,2020-05-21,P05,T02,Alta,Inspección de Calidad,En Tratamiento,,,R02,1110347
NC-102990,2020-05-21,P06,T02,Baja,Queja de Cliente,Cerrada,2020-06-05,15,R21,143721
NC-101159,2020-05-21,P02,T02,Baja,Autocontrol,Cerrada,2020-05-31,10,R09,96256
NC-101375,2020-05-21,P05,T02,Baja,Inspección de Calidad,Cerrada,2020-05-28,7,R13,202868
NC-103978,2020-05-21,P03,T01,Baja,Autocontrol,Cerrada,2020-05-29,8,R19,17162
NC-101160,2020-05-22,P05,T04,Media,Auditoría Externa,Cerrada,2020-06-05,14,R17,161034
NC-104821,2020-05-22,P05,T06,Media,Inspección de Calidad,Cerrada,2020-05-25,3,R01,738367
NC-104771,2020-05-23,P06,T05,Media,Auditoría Externa,Abierta,,,R17,222729
NC-101259,2020-05-23,P01,T05,Media,Auditoría Interna,Cerrada,2020-06-08,16,R20,299363
NC-101454,2020-05-24,P08,T04,Media,Queja de Cliente,Cerrada,2020-06-02,9,R18,362418
NC-105800,2020-05-24,P01,T06,Media,Queja de Cliente,Cerrada,2020-06-01,8,R21,451016
NC-100618,2020-05-25,P06,T06,Media,Auditoría Externa,Cerrada,2020-06-09,15,R04,248985
NC-103414,2020-05-25,P05,T02,Crítica,Autocontrol,Cerrada,2020-06-15,21,R16,1128266
NC-101425,2020-05-26,P03,T01,Alta,Queja de Cliente,Cerrada,2020-05-28,2,R19,371606
NC-101055,2020-05-27,P05,T04,Media,Autocontrol,Cerrada,2020-06-04,8,R04,412071
NC-101728,2020-05-28,P02,T06,Media,Queja de Cliente,Cerrada,2020-06-13,16,R23,358728
NC-104612,2020-05-28,P03,T01,Baja,Queja de Cliente,Cerrada,2020-06-05,8,R14,93197
NC-104433,2020-05-28,P06,T03,Baja,Autocontrol,En Tratamiento,,,R21,4953
NC-104012,2020-05-30,P02,T04,Alta,Autocontrol,Cerrada,2020-06-04,5,R12,180979
NC-101959,2020-06-01,P02,T01,Baja,Queja de Cliente,Cerrada,2020-06-15,14,R12,76165
NC-105786,2020-06-02,P04,T03,Baja,Inspección de Calidad,Cerrada,2020-06-20,18,R13,229462
NC-101596,2020-06-03,P06,T02,Media,Inspección de Calidad,Cerrada,2020-06-13,10,R16,107458
NC-103075,2020-06-03,P04,T02,Baja,Autocontrol,Cerrada,2020-06-19,16,R21,113451
NC-101891,2020-06-04,P05,T04,Media,Queja de Cliente,Cerrada,2020-06-16,12,R08,285993
NC-105628,2020-06-05,P08,T04,Alta,Autocontrol,Cerrada,2020-06-13,8,R15,956820
NC-104566,2020-06-06,P01,T03,Crítica,Autocontrol,Cerrada,2020-06-07,1,R01,572634
NC-104564,2020-06-06,P04,T01,Media,Inspección de Calidad,Cerrada,2020-06-15,9,R17,1672471
NC-103290,2020-06-06,P08,T01,Baja,Inspección de Calidad,Cerrada,2020-06-14,8,R14,30058
NC-101014,2020-06-07,P01,T01,Crítica,Auditoría Externa,Cerrada,2020-06-11,4,R17,731102
NC-100623,2020-06-08,P06,T01,Media,Queja de Cliente,Cerrada,2020-06-18,10,R14,716794
NC-106018,2020-06-08,P08,T02,Alta,Auditoría Externa,Cerrada,2020-06-22,14,R18,117131
NC-101792,2020-06-09,P08,T06,Alta,Inspección de Calidad,Cerrada,2020-06-18,9,R19,856875
NC-105887,2020-06-09,P03,T03,Baja,Inspección de Calidad,Cerrada,2020-06-16,7,R23,285569
NC-100721,2020-06-09,P05,T01,Alta,Auditoría Interna,Cerrada,2020-06-27,18,R14,1858717
NC-105980,2020-06-10,P02,T01,Media,Inspección de Calidad,Cerrada,2020-06-14,4,R02,975138
NC-103877,2020-06-10,P08,T06,Alta,Inspección de Calidad,Cerrada,2020-06-20,10,R21,1027870
NC-106076,2020-06-11,P04,T03,Media,Auditoría Externa,Cerrada,2020-06-20,9,R14,1083100
NC-104205,2020-06-12,P07,T03,Alta,Inspección de Calidad,Cerrada,2020-06-26,14,R18,385426
NC-101931,2020-06-15,P03,T06,Alta,Autocontrol,Cerrada,2020-06-22,7,R08,337917
NC-103059,2020-06-16,P05,T04,Baja,Autocontrol,Cerrada,2020-06-28,12,R01,58471
NC-105634,2020-06-18,P05,T06,Alta,Autocontrol,Cerrada,2020-06-28,10,R18,442784
NC-100290,2020-06-18,P07,T05,Baja,Inspección de Calidad,Cerrada,2020-06-27,9,R14,127212
NC-105748,2020-06-18,P07,T02,Baja,Auditoría Externa,Cerrada,2020-06-29,11,R01,134515
NC-103024,2020-06-19,P01,T04,Media,Queja de Cliente,Cerrada,2020-06-22,3,R15,539317
NC-104446,2020-06-21,P01,T03,Baja,Inspección de Calidad,Cerrada,2020-06-24,3,R13,346329
NC-101951,2020-06-22,P06,T01,Baja,Queja de Cliente,Cerrada,2020-06-26,4,R09,469374
NC-102872,2020-06-23,P02,T02,Alta,Auditoría Externa,En Tratamiento,,,R21,418118
NC-103180,2020-06-24,P01,T04,Baja,Queja de Cliente,Cerrada,2020-07-05,11,R21,128293
NC-100318,2020-06-25,P01,T01,Baja,Inspección de Calidad,Cerrada,2020-07-01,6,R09,139584
NC-105043,2020-06-25,P01,T04,Baja,Queja de Cliente,Cerrada,2020-07-26,31,R15,86134
NC-101359,2020-06-26,P05,T03,Alta,Auditoría Interna,Cerrada,2020-07-06,10,R23,725551
NC-102583,2020-06-27,P01,T01,Baja,Queja de Cliente,Cerrada,2020-06-28,1,R02,297672
NC-102080,2020-06-29,P01,T03,Crítica,Autocontrol,Cerrada,2020-07-13,14,R04,1784186
NC-101253,2020-06-29,P04,T05,Media,Queja de Cliente,Cerrada,2020-07-15,16,R01,176974
NC-102848,2020-06-30,P01,T03,Baja,Inspección de Calidad,Abierta,,,R16,223929
NC-102041,2020-07-01,P07,T06,Baja,Inspección de Calidad,Cerrada,2020-07-20,19,R15,316679
NC-100247,2020-07-01,P03,T03,Alta,Auditoría Externa,Cerrada,2020-07-11,10,R11,648130
NC-103232,2020-07-01,P05,T04,Baja,Inspección de Calidad,Cerrada,2020-07-18,17,R12,248764
NC-100659,2020-07-02,P02,T06,Media,Autocontrol,Cerrada,2020-07-12,10,R09,215537
NC-105000,2020-07-03,P02,T04,Baja,Inspección de Calidad,Cerrada,2020-07-15,12,R01,216094
NC-103421,2020-07-03,P06,T03,Baja,Autocontrol,Cerrada,2020-07-09,6,R22,133072
NC-104486,2020-07-03,P07,T03,Alta,Autocontrol,Cerrada,2020-07-12,9,R14,361535
NC-101387,2020-07-04,P06,T02,Alta,Queja de Cliente,Abierta,,,R08,1793052
NC-101468,2020-07-05,P04,T01,Baja,Auditoría Externa,Cerrada,2020-07-12,7,R18,185125
NC-104348,2020-07-05,P08,T06,Alta,Inspección de Calidad,Cerrada,2020-07-18,13,R16,546434
NC-106052,2020-07-06,P02,T01,Media,Queja de Cliente,Cerrada,2020-07-11,5,R13,1341462
NC-103735,2020-07-07,P05,T06,Media,Autocontrol,Cerrada,2020-07-17,10,R01,292899
NC-101591,2020-07-08,P01,T04,Alta,Queja de Cliente,Cerrada,2020-07-23,15,R16,457261
NC-102633,2020-07-08,P08,T03,Baja,Autocontrol,Cerrada,2020-07-12,4,R04,217061
NC-103206,2020-07-08,P07,T03,Alta,Auditoría Externa,Cerrada,2020-07-25,17,R16,145554
NC-102371,2020-07-09,P04,T02,Media,Auditoría Externa,Cerrada,2020-07-17,8,R17,1276281
NC-100828,2020-07-11,P06,T01,Crítica,Auditoría Interna,Cerrada,2020-07-17,6,R12,741195
NC-100249,2020-07-12,P01,T01,Baja,Queja de Cliente,Cerrada,2020-07-22,10,R02,348791
NC-102453,2020-07-13,P08,T05,Baja,Autocontrol,Abierta,,,R12,474676
NC-102822,2020-07-14,P08,T04,Alta,Inspección de Calidad,Cerrada,2020-07-28,14,R22,1067521
NC-101893,2020-07-16,P05,T03,Baja,Auditoría Externa,Cerrada,2020-07-29,13,R15,370838
NC-104969,2020-07-17,P03,T06,Baja,Auditoría Interna,Cerrada,2020-07-24,7,R04,400108
NC-102013,2020-07-19,P08,T04,Media,Autocontrol,Cerrada,2020-08-02,14,R13,631453
NC-104455,2020-07-19,P01,T03,Media,Auditoría Interna,Cerrada,2020-07-28,9,R21,1022264
NC-100388,2020-07-22,P06,T05,Baja,Inspección de Calidad,Cerrada,2020-07-30,8,R20,302207
NC-100004,2020-07-23,P02,T06,Alta,Queja de Cliente,Cerrada,2020-07-31,8,R23,2287841
NC-102625,2020-07-23,P06,T02,Baja,Queja de Cliente,En Tratamiento,,,R01,134271
NC-105647,2020-07-24,P03,T04,Crítica,Queja de Cliente,Cerrada,2020-08-10,17,R21,106708
NC-102975,2020-07-24,P03,T06,Baja,Inspección de Calidad,Cerrada,2020-08-09,16,R01,425456
NC-101971,2020-07-24,P02,T01,Crítica,Autocontrol,Cerrada,2020-08-04,11,R17,633159
NC-104581,2020-07-25,P05,T03,Media,Auditoría Interna,Cerrada,2020-08-01,7,R12,71331
NC-100078,2020-07-25,P05,T02,Media,Inspección de Calidad,Cerrada,2020-08-11,17,R16,972341
NC-105406,2020-07-26,P04,T06,Baja,Queja de Cliente,Cerrada,2020-08-01,6,R09,98159
NC-100100,2020-07-27,P08,T02,Baja,Inspección de Calidad,Cerrada,2020-08-08,12,R22,70951
NC-100375,2020-07-28,P06,T04,Media,Queja de Cliente,Cerrada,2020-08-07,10,R17,595478
NC-105200,2020-07-29,P07,T04,Media,Inspección de Calidad,En Tratamiento,,,R17,294163
NC-104368,2020-07-31,P04,T03,Alta,Auditoría Interna,Cerrada,2020-08-07,7,R23,445919
NC-100361,2020-08-01,P04,T06,Baja,Auditoría Externa,Cerrada,2020-08-11,10,R20,655367
NC-102170,2020-08-01,P01,T02,Alta,Auditoría Externa,Abierta,,,R19,538555
NC-100997,2020-08-02,P08,T03,Media,Auditoría Interna,Cerrada,2020-08-12,10,R11,658657
NC-102070,2020-08-03,P07,T01,Alta,Inspección de Calidad,En Tratamiento,,,R08,1106718
NC-103923,2020-08-04,P04,T05,Media,Inspección de Calidad,Cerrada,2020-08-10,6,R04,423359
NC-102392,2020-08-05,P04,T01,Media,Autocontrol,En Tratamiento,,,R13,191360
NC-105492,2020-08-06,P06,T01,Alta,Inspección de Calidad,Cerrada,2020-08-19,13,R23,479465
NC-102616,2020-08-07,P03,T01,Alta,Autocontrol,Cerrada,2020-08-16,9,R19,1905701
NC-100451,2020-08-08,P02,T04,Media,Auditoría Interna,Cerrada,2020-08-27,19,R19,287824
NC-103007,2020-08-08,P04,T03,Alta,Inspección de Calidad,Cerrada,2020-08-18,10,R08,246932
NC-100316,2020-08-09,P06,T02,Alta,Auditoría Interna,Abierta,,,R21,1998728
NC-102850,2020-08-10,P01,T04,Media,Auditoría Interna,Cerrada,2020-08-24,14,R21,1459167
NC-100218,2020-08-11,P08,T06,Crítica,Queja de Cliente,En Tratamiento,,,R09,2171056
NC-104354,2020-08-11,P01,T05,Media,Queja de Cliente,Cerrada,2020-08-24,13,R17,449087
NC-105185,2020-08-11,P05,T05,Media,Auditoría Interna,Cerrada,2020-08-27,16,R16,481992
NC-103736,2020-08-11,P04,T02,Media,Inspección de Calidad,Cerrada,2020-08-18,7,R15,249457
NC-103286,2020-08-11,P08,T04,Media,Autocontrol,Cerrada,2020-08-13,2,R08,177187
NC-100363,2020-08-12,P02,T05,Baja,Auditoría Interna,Cerrada,2020-08-23,11,R14,340406
NC-105964,2020-08-12,P05,T01,Crítica,Queja de Cliente,Cerrada,2020-08-23,11,R09,1859921
NC-104758,2020-08-14,P08,T03,Alta,Auditoría Interna,Cerrada,2020-08-23,9,R15,1254880
NC-100475,2020-08-16,P02,T06,Crítica,Auditoría Interna,Abierta,,,R04,1067660
NC-102309,2020-08-20,P03,T02,Baja,Queja de Cliente,Cerrada,2020-08-31,11,R15,227289
NC-104251,2020-08-23,P06,T02,Alta,Autocontrol,Cerrada,2020-09-03,11,R17,1205917
NC-101499,2020-08-23,P05,T02,Baja,Queja de Cliente,En Tratamiento,,,R09,194891
NC-105725,2020-08-25,P01,T06,Baja,Auditoría Externa,En Tratamiento,,,R22,49843
NC-104472,2020-08-25,P06,T01,Media,Auditoría Interna,Cerrada,2020-09-05,11,R23,161698
NC-101583,2020-08-25,P01,T03,Alta,Auditoría Interna,Cerrada,2020-09-11,17,R20,476137
NC-104818,2020-08-25,P01,T04,Baja,Auditoría Interna,Cerrada,2020-08-29,4,R16,45787
NC-100717,2020-08-28,P05,T02,Media,Auditoría Externa,Cerrada,2020-09-13,16,R14,1733052
NC-102398,2020-08-28,P03,T02,Media,Auditoría Interna,Cerrada,2020-09-02,5,R14,1191411
NC-104274,2020-08-28,P06,T06,Alta,Auditoría Externa,Cerrada,2020-09-12,15,R12,1093022
NC-105473,2020-08-29,P06,T05,Alta,Queja de Cliente,Cerrada,2020-09-07,9,R17,527933
NC-106019,2020-08-30,P02,T06,Media,Queja de Cliente,Cerrada,2020-09-17,18,R15,1203281
NC-101972,2020-08-31,P01,T05,Media,Queja de Cliente,Cerrada,2020-09-09,9,R18,302222
NC-103197,2020-09-01,P07,T01,Alta,Inspección de Calidad,Cerrada,2020-09-07,6,R19,2370219
NC-100991,2020-09-02,P08,T03,Alta,Queja de Cliente,Cerrada,2020-09-14,12,R02,491325
NC-104712,2020-09-02,P05,T03,Baja,Auditoría Externa,Abierta,,,R12,186190
NC-100189,2020-09-03,P08,T03,Media,Inspección de Calidad,En Tratamiento,,,R14,675044
NC-105130,2020-09-03,P05,T01,Baja,Queja de Cliente,Cerrada,2020-09-17,14,R23,97485
NC-106157,2020-09-05,P02,T06,Baja,Inspección de Calidad,Cerrada,2020-09-07,2,R18,170515
NC-102599,2020-09-06,P02,T06,Alta,Autocontrol,Cerrada,2020-09-22,16,R23,64973
NC-101603,2020-09-07,P05,T03,Baja,Queja de Cliente,Cerrada,2020-09-17,10,R22,46052
NC-104091,2020-09-08,P01,T04,Crítica,Auditoría Externa,En Tratamiento,,,R11,238596
NC-101624,2020-09-08,P01,T02,Media,Auditoría Interna,Abierta,,,R20,101384
NC-100291,2020-09-10,P02,T04,Baja,Inspección de Calidad,Cerrada,2020-09-28,18,R01,65422
NC-100440,2020-09-12,P05,T06,Media,Auditoría Externa,Cerrada,2020-09-27,15,R15,639535
NC-100508,2020-09-12,P01,T05,Media,Inspección de Calidad,Cerrada,2020-09-25,13,R15,429303
NC-101730,2020-09-14,P05,T03,Baja,Auditoría Externa,Cerrada,2020-09-16,2,R11,68494
NC-104206,2020-09-15,P08,T02,Alta,Inspección de Calidad,Cerrada,2020-10-04,19,R08,120614
NC-101491,2020-09-15,P07,T06,Alta,Inspección de Calidad,Cerrada,2020-10-02,17,R09,1424014
NC-101307,2020-09-16,P03,T02,Media,Auditoría Interna,Cerrada,2020-09-20,4,R16,561355
NC-104056,2020-09-17,P06,T04,Media,Autocontrol,Cerrada,2020-09-25,8,R19,958058
NC-102552,2020-09-17,P01,T04,Media,Inspección de Calidad,Cerrada,2020-09-22,5,R20,388613
NC-104652,2020-09-19,P01,T02,Crítica,Auditoría Externa,Cerrada,2020-10-01,12,R08,436987
NC-105928,2020-09-20,P04,T01,Alta,Queja de Cliente,Cerrada,2020-10-29,39,R12,1004465
NC-100414,2020-09-22,P04,T06,Media,Auditoría Interna,Cerrada,2020-10-04,12,R23,760245
NC-103338,2020-09-23,P06,T05,Baja,Inspección de Calidad,Cerrada,2020-09-27,4,R22,97126
NC-103476,2020-09-24,P04,T05,Media,Auditoría Interna,Cerrada,2020-10-16,22,R12,313955
NC-105407,2020-09-24,P06,T01,Media,Auditoría Interna,Abierta,,,R23,112544
NC-100690,2020-09-24,P05,T03,Alta,Auditoría Interna,Cerrada,2020-10-09,15,R19,987744
NC-100769,2020-09-24,P04,T06,Media,Queja de Cliente,Cerrada,2020-09-29,5,R20,2145184
NC-104888,2020-09-25,P04,T05,Media,Autocontrol,Cerrada,2020-10-10,15,R21,288859
NC-105286,2020-09-26,P05,T03,Media,Auditoría Interna,Cerrada,2020-10-05,9,R23,312918
NC-100553,2020-09-26,P01,T03,Baja,Autocontrol,Cerrada,2020-10-08,12,R23,326562
NC-100611,2020-09-26,P04,T03,Alta,Queja de Cliente,En Tratamiento,,,R01,1931252
NC-103904,2020-09-26,P08,T03,Media,Auditoría Externa,Cerrada,2020-10-16,20,R09,544704
NC-101644,2020-09-26,P04,T03,Media,Inspección de Calidad,Cerrada,2020-09-30,4,R12,432367
NC-103333,2020-09-26,P07,T05,Crítica,Inspección de Calidad,Cerrada,2020-10-01,5,R01,394875
NC-102553,2020-09-27,P07,T05,Media,Auditoría Externa,Cerrada,2020-10-04,7,R17,429407
NC-101299,2020-09-27,P02,T03,Baja,Auditoría Interna,Cerrada,2020-10-09,12,R16,173195
NC-100402,2020-09-28,P01,T02,Media,Inspección de Calidad,Cerrada,2020-10-02,4,R17,447597
NC-101450,2020-09-29,P03,T03,Baja,Queja de Cliente,Cerrada,2020-10-21,22,R14,152956
NC-105605,2020-09-29,P08,T02,Baja,Auditoría Interna,Cerrada,2020-10-09,10,R11,25720
NC-104326,2020-09-30,P03,T01,Baja,Auditoría Externa,En Tratamiento,,,R18,202595
NC-105004,2020-10-01,P03,T01,Media,Queja de Cliente,Cerrada,2020-10-09,8,R04,572723
NC-105705,2020-10-02,P08,T02,Media,Auditoría Interna,Cerrada,2020-10-07,5,R11,855812
NC-105867,2020-10-03,P02,T03,Baja,Auditoría Interna,Cerrada,2020-10-17,14,R14,197601
NC-103639,2020-10-03,P03,T04,Baja,Auditoría Externa,Cerrada,2020-10-19,16,R11,263969
NC-101817,2020-10-04,P04,T03,Media,Autocontrol,Cerrada,2020-10-15,11,R16,1037394
NC-101547,2020-10-06,P06,T01,Alta,Auditoría Interna,Cerrada,2020-10-24,18,R11,130469
NC-103560,2020-10-07,P01,T02,Media,Queja de Cliente,Cerrada,2020-10-25,18,R12,284504
NC-102525,2020-10-07,P02,T02,Alta,Inspección de Calidad,Abierta,,,R08,291706
NC-105731,2020-10-07,P04,T02,Baja,Auditoría Interna,Cerrada,2020-10-09,2,R18,71048
NC-105132,2020-10-09,P08,T01,Baja,Autocontrol,Cerrada,2020-10-16,7,R01,252525
NC-101407,2020-10-10,P08,T04,Alta,Auditoría Externa,Cerrada,2020-10-26,16,R15,794804
NC-103240,2020-10-11,P07,T06,Baja,Auditoría Externa,Abierta,,,R22,90878
NC-103154,2020-10-11,P01,T01,Media,Autocontrol,Cerrada,2020-10-22,11,R21,200791
NC-105394,2020-10-14,P02,T01,Alta,Inspección de Calidad,Cerrada,2020-10-21,7,R19,392360
NC-103371,2020-10-15,P02,T05,Media,Auditoría Interna,Cerrada,2020-11-03,19,R15,602082
NC-104591,2020-10-17,P03,T05,Media,Auditoría Interna,Cerrada,2020-11-01,15,R22,369949
NC-101708,2020-10-20,P03,T04,Baja,Auditoría Externa,Cerrada,2020-10-23,3,R17,150919
NC-103937,2020-10-20,P08,T02,Alta,Auditoría Interna,Cerrada,2020-10-27,7,R20,87748
NC-104763,2020-10-20,P08,T03,Crítica,Queja de Cliente,Cerrada,2020-10-30,10,R09,1721849
NC-100009,2020-10-20,P08,T04,Media,Queja de Cliente,En Tratamiento,,,R15,366477
NC-104786,2020-10-22,P04,T05,Baja,Inspección de Calidad,Abierta,,,R11,341921
NC-102743,2020-10-23,P06,T03,Baja,Queja de Cliente,Abierta,,,R15,195888
NC-100964,2020-10-24,P08,T06,Baja,Auditoría Interna,Cerrada,2020-11-10,17,R09,245811
NC-100144,2020-10-25,P01,T05,Media,Auditoría Interna,Cerrada,2020-11-30,36,R20,133334
NC-104445,2020-10-26,P02,T02,Crítica,Autocontrol,Cerrada,2020-11-20,25,R11,650602
NC-105187,2020-10-26,P02,T03,Media,Inspección de Calidad,Cerrada,2020-11-03,8,R23,154161
NC-103887,2020-10-27,P07,T01,Media,Queja de Cliente,Cerrada,2020-11-03,7,R15,363568
NC-103144,2020-10-27,P03,T02,Alta,Queja de Cliente,Cerrada,2020-11-05,9,R14,625824
NC-100612,2020-10-28,P01,T03,Media,Queja de Cliente,Cerrada,2020-11-05,8,R13,569004
NC-103650,2020-10-28,P06,T03,Alta,Autocontrol,En Tratamiento,,,R20,498867
NC-102987,2020-10-29,P02,T04,Media,Queja de Cliente,En Tratamiento,,,R20,610965
NC-103721,2020-10-30,P06,T02,Media,Queja de Cliente,Cerrada,2020-11-08,9,R13,1041233
NC-105509,2020-11-01,P04,T04,Media,Auditoría Interna,Cerrada,2020-11-08,7,R09,514750
NC-105724,2020-11-02,P03,T06,Media,Auditoría Externa,Cerrada,2020-11-07,5,R12,336639
NC-106096,2020-11-03,P01,T06,Baja,Autocontrol,Cerrada,2020-11-10,7,R20,144969
NC-102801,2020-11-03,P05,T06,Alta,Auditoría Externa,Abierta,,,R19,491704
NC-102566,2020-11-03,P01,T03,Baja,Queja de Cliente,Cerrada,2020-11-10,7,R23,461592
NC-103874,2020-11-04,P04,T05,Alta,Inspección de Calidad,Cerrada,2020-11-15,11,R09,657949
NC-101431,2020-11-04,P05,T02,Media,Auditoría Interna,Abierta,,,R13,170293
NC-104874,2020-11-05,P01,T02,Baja,Autocontrol,Cerrada,2020-11-13,8,R16,523585
NC-100256,2020-11-06,P01,T02,Media,Queja de Cliente,En Tratamiento,,,R02,299921
NC-100399,2020-11-06,P03,T01,Alta,Auditoría Externa,Cerrada,2020-11-15,9,R09,35985
NC-101175,2020-11-07,P03,T06,Alta,Inspección de Calidad,Cerrada,2020-11-18,11,R19,324575
NC-101655,2020-11-08,P05,T06,Media,Autocontrol,Cerrada,2020-11-18,10,R12,255512
NC-106155,2020-11-09,P06,T05,Media,Queja de Cliente,Abierta,,,R22,455878
NC-105173,2020-11-10,P06,T03,Baja,Inspección de Calidad,Cerrada,2020-11-19,9,R21,9142
NC-104917,2020-11-10,P01,T02,Crítica,Autocontrol,Cerrada,2020-11-11,1,R02,1450834
NC-103260,2020-11-10,P03,T01,Alta,Autocontrol,Cerrada,2020-11-14,4,R20,1072006
NC-105586,2020-11-11,P05,T04,Media,Autocontrol,Cerrada,2020-11-23,12,R20,158173
NC-104603,2020-11-11,P04,T03,Baja,Autocontrol,Cerrada,2020-11-24,13,R01,85985
NC-104322,2020-11-12,P05,T03,Media,Queja de Cliente,Cerrada,2020-11-23,11,R12,494386
NC-103972,2020-11-13,P04,T01,Baja,Inspección de Calidad,Cerrada,2020-12-02,19,R12,292238
NC-105530,2020-11-16,P05,T02,Baja,Inspección de Calidad,Cerrada,2020-11-25,9,R21,168050
NC-102057,2020-11-17,P08,T05,Crítica,Auditoría Interna,Cerrada,2020-11-24,7,R20,1389648
NC-104021,2020-11-17,P07,T04,Baja,Inspección de Calidad,Cerrada,2020-11-28,11,R23,343389
NC-101182,2020-11-19,P02,T05,Crítica,Auditoría Externa,Cerrada,2020-11-30,11,R12,1579966
NC-105481,2020-11-20,P06,T04,Crítica,Queja de Cliente,Cerrada,2020-11-28,8,R23,951355
NC-101486,2020-11-21,P05,T05,Media,Queja de Cliente,Cerrada,2020-12-02,11,R19,129114
NC-105012,2020-11-22,P07,T03,Baja,Autocontrol,En Tratamiento,,,R16,499378
NC-100570,2020-11-22,P02,T02,Baja,Auditoría Interna,Cerrada,2020-11-27,5,R14,134914
NC-101155,2020-11-23,P01,T06,Baja,Auditoría Interna,Cerrada,2020-12-19,26,R02,299740
NC-102747,2020-11-25,P05,T06,Baja,Inspección de Calidad,Cerrada,2020-12-07,12,R19,178378
NC-104964,2020-11-25,P07,T05,Media,Queja de Cliente,Cerrada,2020-12-06,11,R09,883564
NC-101163,2020-11-25,P06,T03,Crítica,Auditoría Externa,Cerrada,2020-12-01,6,R09,1310458
NC-104481,2020-11-25,P08,T05,Baja,Queja de Cliente,Cerrada,2020-12-12,17,R09,216742
NC-103684,2020-11-26,P01,T03,Media,Autocontrol,Cerrada,2020-12-16,20,R17,620802
NC-100669,2020-11-29,P03,T04,Baja,Queja de Cliente,Cerrada,2020-12-14,15,R02,163668
NC-102930,2020-11-30,P04,T02,Alta,Auditoría Interna,En Tratamiento,,,R15,1240246
NC-100568,2020-12-02,P01,T01,Media,Queja de Cliente,Cerrada,2020-12-10,8,R13,187098
NC-100002,2020-12-03,P01,T05,Baja,Autocontrol,Cerrada,2020-12-20,17,R02,259067
NC-104410,2020-12-03,P03,T01,Media,Auditoría Externa,En Tratamiento,,,R21,79077
NC-105349,2020-12-04,P01,T05,Media,Auditoría Externa,Cerrada,2020-12-14,10,R12,700205
NC-101459,2020-12-04,P02,T04,Baja,Inspección de Calidad,Cerrada,2020-12-22,18,R04,264788
NC-103485,2020-12-04,P05,T05,Baja,Queja de Cliente,Cerrada,2020-12-23,19,R11,412746
NC-105067,2020-12-05,P08,T05,Media,Auditoría Interna,Cerrada,2021-01-10,36,R14,200567
NC-101435,2020-12-07,P04,T01,Baja,Auditoría Externa,Cerrada,2020-12-19,12,R20,110056
NC-101061,2020-12-07,P05,T03,Media,Inspección de Calidad,Cerrada,2020-12-28,21,R20,376546
NC-104672,2020-12-07,P07,T01,Media,Inspección de Calidad,Cerrada,2020-12-19,12,R14,318424
NC-104383,2020-12-09,P08,T01,Media,Inspección de Calidad,Cerrada,2020-12-14,5,R02,310120
NC-101699,2020-12-09,P03,T01,Crítica,Auditoría Interna,Cerrada,2020-12-24,15,R20,539689
NC-102735,2020-12-11,P01,T03,Baja,Auditoría Interna,Cerrada,2020-12-17,6,R01,266740
NC-101386,2020-12-11,P04,T01,Baja,Auditoría Interna,Cerrada,2020-12-22,11,R02,445632
NC-100464,2020-12-13,P06,T02,Media,Queja de Cliente,Cerrada,2020-12-21,8,R02,417764
NC-105460,2020-12-14,P04,T03,Alta,Auditoría Interna,Cerrada,2020-12-19,5,R20,2603151
NC-102010,2020-12-14,P03,T03,Baja,Auditoría Interna,Cerrada,2020-12-20,6,R11,237734
NC-104441,2020-12-16,P02,T04,Baja,Auditoría Interna,Cerrada,2020-12-31,15,R13,92842
NC-105091,2020-12-19,P07,T01,Alta,Queja de Cliente,Cerrada,2020-12-25,6,R18,339022
NC-100859,2020-12-19,P06,T02,Baja,Auditoría Interna,Cerrada,2020-12-20,1,R11,392892
NC-101581,2020-12-20,P06,T06,Baja,Auditoría Externa,Cerrada,2021-01-01,12,R20,36643
NC-103088,2020-12-22,P02,T04,Media,Auditoría Interna,Cerrada,2021-01-16,25,R20,383330
NC-101646,2020-12-22,P07,T05,Baja,Inspección de Calidad,Cerrada,2021-01-07,16,R13,87118
NC-104473,2020-12-22,P02,T02,Media,Auditoría Externa,Cerrada,2021-01-07,16,R12,366141
NC-101863,2020-12-22,P04,T04,Alta,Auditoría Externa,Cerrada,2021-01-04,13,R09,760249
NC-100251,2020-12-23,P02,T04,Alta,Auditoría Externa,Cerrada,2021-01-04,12,R09,264275
NC-105792,2020-12-24,P03,T03,Media,Queja de Cliente,Cerrada,2020-12-30,6,R01,139266
NC-102964,2020-12-25,P02,T01,Baja,Auditoría Externa,Cerrada,2020-12-27,2,R15,122521
NC-103301,2020-12-25,P05,T01,Crítica,Autocontrol,Cerrada,2020-12-27,2,R23,3405776
NC-101080,2020-12-25,P08,T06,Media,Inspección de Calidad,Cerrada,2021-01-01,7,R23,541262
NC-101871,2020-12-26,P02,T02,Alta,Inspección de Calidad,Cerrada,2021-01-06,11,R13,994747
NC-100264,2020-12-27,P04,T04,Baja,Auditoría Interna,Cerrada,2021-01-02,6,R21,227787
NC-104528,2020-12-28,P05,T06,Crítica,Queja de Cliente,Cerrada,2021-01-11,14,R04,719579
NC-104133,2020-12-30,P08,T02,Media,Queja de Cliente,En Tratamiento,,,R01,972578
NC-101088,2021-01-01,P02,T01,Media,Inspección de Calidad,En Tratamiento,,,R22,335203
NC-100259,2021-01-01,P08,T01,Media,Auditoría Interna,Cerrada,2021-01-16,15,R13,276307
NC-105508,2021-01-01,P08,T05,Baja,Auditoría Externa,Cerrada,2021-01-13,12,R19,259950
NC-105106,2021-01-02,P05,T01,Media,Auditoría Interna,Cerrada,2021-01-15,13,R20,1002690
NC-100952,2021-01-02,P01,T06,Alta,Auditoría Interna,Cerrada,2021-01-16,14,R02,641038
NC-102083,2021-01-04,P05,T02,Alta,Auditoría Interna,Cerrada,2021-01-08,4,R21,1005518
NC-103106,2021-01-05,P08,T01,Media,Auditoría Interna,Cerrada,2021-01-15,10,R08,689240
NC-102926,2021-01-06,P01,T04,Alta,Queja de Cliente,Cerrada,2021-01-13,7,R02,678366
NC-105244,2021-01-06,P07,T03,Media,Queja de Cliente,Abierta,,,R18,1022103
NC-104579,2021-01-07,P07,T04,Crítica,Auditoría Externa,Abierta,,,R04,637112
NC-105133,2021-01-07,P08,T05,Alta,Queja de Cliente,Cerrada,2021-01-09,2,R19,187346
NC-100431,2021-01-08,P03,T05,Media,Auditoría Externa,Cerrada,2021-01-16,8,R20,438649
NC-101864,2021-01-09,P07,T02,Media,Queja de Cliente,Cerrada,2021-01-23,14,R16,508632
NC-102148,2021-01-11,P04,T01,Crítica,Inspección de Calidad,Cerrada,2021-01-22,11,R18,1821670
NC-105230,2021-01-13,P06,T02,Baja,Auditoría Interna,Cerrada,2021-01-18,5,R19,313810
NC-105282,2021-01-15,P02,T01,Alta,Inspección de Calidad,Cerrada,2021-01-29,14,R04,337210
NC-103225,2021-01-15,P08,T06,Media,Auditoría Interna,Cerrada,2021-01-25,10,R20,162575
NC-100272,2021-01-17,P03,T05,Alta,Auditoría Interna,Cerrada,2021-02-06,20,R11,550520
NC-104492,2021-01-18,P08,T04,Baja,Inspección de Calidad,Cerrada,2021-01-25,7,R13,81697
NC-102207,2021-01-19,P01,T01,Media,Queja de Cliente,Cerrada,2021-01-30,11,R04,223796
NC-101723,2021-01-19,P07,T05,Alta,Inspección de Calidad,Cerrada,2021-01-27,8,R16,437040
NC-102034,2021-01-20,P04,T05,Alta,Auditoría Interna,Cerrada,2021-01-27,7,R17,1809882
NC-103666,2021-01-20,P01,T02,Alta,Auditoría Interna,En Tratamiento,,,R12,232479
NC-104709,2021-01-23,P08,T04,Alta,Auditoría Externa,Cerrada,2021-01-29,6,R04,1207073
NC-100176,2021-01-23,P02,T04,Baja,Auditoría Interna,Cerrada,2021-03-16,52,R01,312754
NC-102969,2021-01-24,P02,T03,Media,Auditoría Externa,Cerrada,2021-02-05,12,R16,44946
NC-100706,2021-01-25,P05,T01,Media,Auditoría Interna,Cerrada,2021-02-07,13,R13,344965
NC-103534,2021-01-26,P01,T03,Baja,Auditoría Interna,Cerrada,2021-02-11,16,R16,164273
NC-104319,2021-01-29,P08,T06,Alta,Auditoría Externa,Cerrada,2021-02-14,16,R21,732798
NC-103548,2021-01-30,P05,T02,Media,Auditoría Externa,Cerrada,2021-02-16,17,R19,235858
NC-100150,2021-02-02,P03,T01,Alta,Auditoría Externa,Cerrada,2021-02-06,4,R21,2204121
NC-100651,2021-02-04,P01,T04,Baja,Inspección de Calidad,En Tratamiento,,,R08,30716
NC-104881,2021-02-05,P06,T04,Media,Autocontrol,Cerrada,2021-02-23,18,R20,469915
NC-103638,2021-02-05,P02,T03,Crítica,Autocontrol,Cerrada,2021-03-12,35,R22,847889
NC-101773,2021-02-06,P05,T05,Baja,Auditoría Externa,Cerrada,2021-02-12,6,R20,241335
NC-100371,2021-02-06,P01,T02,Alta,Autocontrol,En Tratamiento,,,R20,320418
NC-103941,2021-02-07,P05,T01,Alta,Queja de Cliente,Cerrada,2021-02-18,11,R13,273294
NC-100327,2021-02-07,P08,T02,Media,Autocontrol,En Tratamiento,,,R04,647735
NC-100547,2021-02-07,P07,T03,Baja,Inspección de Calidad,Cerrada,2021-02-17,10,R23,1184952
NC-101040,2021-02-08,P03,T02,Alta,Autocontrol,Cerrada,2021-02-22,14,R13,1134497
NC-101394,2021-02-10,P08,T01,Media,Auditoría Externa,Cerrada,2021-02-24,14,R16,479907
NC-101047,2021-02-10,P04,T01,Media,Queja de Cliente,Cerrada,2021-02-27,17,R11,272130
NC-103760,2021-02-12,P06,T04,Alta,Queja de Cliente,Cerrada,2021-02-16,4,R21,1903556
NC-100372,2021-02-12,P08,T05,Baja,Autocontrol,Cerrada,2021-02-14,2,R22,413406
NC-102365,2021-02-12,P06,T05,Alta,Inspección de Calidad,Cerrada,2021-02-27,15,R04,569607
NC-105298,2021-02-13,P04,T06,Baja,Inspección de Calidad,Cerrada,2021-03-02,17,R22,11966
NC-102694,2021-02-14,P04,T03,Alta,Queja de Cliente,Cerrada,2021-03-11,25,R01,414461
NC-104571,2021-02-17,P06,T01,Baja,Inspección de Calidad,Cerrada,2021-02-22,5,R08,426035
NC-100199,2021-02-17,P01,T06,Media,Auditoría Externa,En Tratamiento,,,R23,386233
NC-102144,2021-02-19,P05,T02,Baja,Queja de Cliente,Cerrada,2021-03-04,13,R11,128066
NC-100800,2021-02-20,P04,T02,Crítica,Auditoría Externa,Cerrada,2021-02-24,4,R18,1166941
NC-105264,2021-02-20,P02,T02,Alta,Inspección de Calidad,Cerrada,2021-03-06,14,R21,652100
NC-104373,2021-02-21,P08,T05,Alta,Auditoría Interna,Cerrada,2021-03-07,14,R12,462238
NC-103965,2021-02-22,P04,T01,Media,Inspección de Calidad,Cerrada,2021-03-05,11,R01,171164
NC-100143,2021-02-22,P03,T05,Media,Auditoría Externa,Cerrada,2021-03-02,8,R13,1164094
NC-106028,2021-02-24,P03,T06,Media,Auditoría Externa,Cerrada,2021-03-12,16,R04,349004
NC-102112,2021-02-24,P02,T03,Baja,Queja de Cliente,Cerrada,2021-03-08,12,R02,76973
NC-103004,2021-02-25,P06,T04,Media,Auditoría Interna,Cerrada,2021-03-18,21,R04,1008566
NC-100777,2021-02-26,P05,T01,Alta,Auditoría Interna,Cerrada,2021-03-06,8,R16,1009427
NC-101437,2021-02-27,P07,T06,Alta,Auditoría Interna,Cerrada,2021-03-07,8,R20,1040526
NC-104985,2021-02-27,P06,T02,Baja,Auditoría Interna,Cerrada,2021-03-10,11,R09,204300
NC-104928,2021-02-27,P08,T05,Baja,Auditoría Interna,Cerrada,2021-03-03,4,R23,33971
NC-105171,2021-03-01,P04,T03,Alta,Auditoría Externa,Cerrada,2021-03-13,12,R12,660415
NC-103236,2021-03-01,P01,T03,Baja,Auditoría Interna,En Tratamiento,,,R04,315546
NC-103528,2021-03-02,P02,T03,Baja,Auditoría Interna,Cerrada,2021-03-16,14,R23,348413
NC-106058,2021-03-03,P03,T04,Media,Queja de Cliente,Cerrada,2021-03-21,18,R21,350093
NC-105360,2021-03-04,P04,T02,Media,Queja de Cliente,Cerrada,2021-04-02,29,R19,396735
NC-102322,2021-03-04,P01,T01,Media,Autocontrol,Cerrada,2021-03-19,15,R01,860410
NC-102651,2021-03-07,P02,T04,Alta,Auditoría Interna,En Tratamiento,,,R04,3572112
NC-105105,2021-03-07,P06,T05,Alta,Auditoría Interna,Cerrada,2021-03-25,18,R09,1086847
NC-102338,2021-03-08,P07,T03,Alta,Queja de Cliente,Cerrada,2021-03-17,9,R16,1035596
NC-105535,2021-03-08,P02,T04,Baja,Inspección de Calidad,Cerrada,2021-03-16,8,R09,660630
NC-102280,2021-03-08,P06,T01,Baja,Auditoría Interna,Cerrada,2021-03-26,18,R21,222320
NC-106007,2021-03-08,P03,T04,Baja,Inspección de Calidad,Cerrada,2021-03-12,4,R17,203526
NC-105156,2021-03-08,P03,T05,Media,Inspección de Calidad,Cerrada,2021-03-17,9,R15,82778
NC-100954,2021-03-09,P04,T02,Baja,Queja de Cliente,Cerrada,2021-03-13,4,R16,7014
NC-102791,2021-03-10,P04,T04,Crítica,Auditoría Interna,Cerrada,2021-03-15,5,R08,2097712
NC-100851,2021-03-10,P01,T06,Baja,Autocontrol,Abierta,,,R16,18080
NC-104017,2021-03-10,P01,T03,Crítica,Inspección de Calidad,Cerrada,2021-03-27,17,R22,1924612
NC-103808,2021-03-11,P07,T06,Alta,Auditoría Interna,Cerrada,2021-03-16,5,R15,1171593
NC-102214,2021-03-13,P08,T03,Baja,Autocontrol,Cerrada,2021-03-24,11,R23,375925
NC-103463,2021-03-13,P06,T03,Baja,Autocontrol,Cerrada,2021-03-24,11,R20,84832
NC-104216,2021-03-15,P03,T04,Media,Queja de Cliente,Cerrada,2021-03-20,5,R16,107364
NC-104442,2021-03-17,P03,T04,Media,Auditoría Interna,Cerrada,2021-03-21,4,R09,589157
NC-102513,2021-03-17,P05,T04,Alta,Auditoría Interna,En Tratamiento,,,R13,764096
NC-102804,2021-03-18,P05,T05,Crítica,Auditoría Externa,Cerrada,2021-03-30,12,R19,307895
NC-103707,2021-03-18,P07,T06,Media,Queja de Cliente,Abierta,,,R23,133094
NC-103569,2021-03-19,P02,T03,Alta,Auditoría Externa,Cerrada,2021-03-26,7,R13,678746
NC-104536,2021-03-19,P04,T03,Baja,Autocontrol,En Tratamiento,,,R02,163336
NC-101171,2021-03-21,P05,T01,Alta,Inspección de Calidad,Cerrada,2021-03-26,5,R01,233486
NC-100576,2021-03-22,P07,T01,Media,Queja de Cliente,En Tratamiento,,,R18,317083
NC-105949,2021-03-23,P07,T05,Alta,Autocontrol,Cerrada,2021-03-30,7,R20,214596
NC-102658,2021-03-24,P07,T02,Crítica,Queja de Cliente,Abierta,,,R22,293294
NC-104054,2021-03-26,P07,T04,Media,Inspección de Calidad,Cerrada,2021-04-10,15,R16,44474
NC-102724,2021-03-26,P03,T06,Alta,Auditoría Externa,Cerrada,2021-04-13,18,R11,985080
NC-105179,2021-03-26,P03,T02,Baja,Inspección de Calidad,Abierta,,,R14,50030
NC-101874,2021-03-29,P05,T04,Alta,Queja de Cliente,Cerrada,2021-04-04,6,R17,1643311
NC-101847,2021-03-30,P04,T05,Media,Auditoría Externa,En Tratamiento,,,R22,563333
NC-102386,2021-04-01,P01,T06,Media,Inspección de Calidad,Cerrada,2021-04-13,12,R02,333223
NC-101361,2021-04-02,P01,T03,Media,Queja de Cliente,Cerrada,2021-04-13,11,R23,180856
NC-102098,2021-04-03,P05,T04,Media,Autocontrol,Abierta,,,R02,228655
NC-100668,2021-04-03,P08,T01,Baja,Auditoría Externa,Cerrada,2021-04-14,11,R12,91633
NC-102248,2021-04-03,P04,T06,Media,Autocontrol,Cerrada,2021-04-16,13,R12,312783
NC-104488,2021-04-03,P07,T04,Alta,Inspección de Calidad,Cerrada,2021-04-17,14,R15,669584
NC-100980,2021-04-03,P07,T01,Crítica,Auditoría Interna,En Tratamiento,,,R11,3529670
NC-105158,2021-04-04,P08,T02,Media,Autocontrol,Cerrada,2021-04-27,23,R08,1345285
NC-101017,2021-04-06,P06,T05,Media,Queja de Cliente,Cerrada,2021-04-11,5,R20,292986
NC-100139,2021-04-06,P01,T03,Crítica,Autocontrol,Abierta,,,R20,1758689
NC-102348,2021-04-07,P08,T04,Baja,Auditoría Interna,Cerrada,2021-04-08,1,R12,210447
NC-104008,2021-04-07,P07,T05,Alta,Autocontrol,Cerrada,2021-04-16,9,R15,1440144
NC-100688,2021-04-09,P04,T03,Crítica,Inspección de Calidad,Cerrada,2021-04-26,17,R19,961496
NC-103230,2021-04-10,P08,T04,Media,Auditoría Externa,Cerrada,2021-04-24,14,R22,305154
NC-104062,2021-04-10,P05,T06,Media,Auditoría Interna,Cerrada,2021-04-17,7,R23,654878
NC-103018,2021-04-10,P02,T06,Alta,Auditoría Externa,Cerrada,2021-04-16,6,R01,930861
NC-102164,2021-04-11,P08,T04,Media,Queja de Cliente,Cerrada,2021-04-20,9,R09,81606
NC-106036,2021-04-12,P03,T04,Media,Auditoría Interna,Cerrada,2021-04-22,10,R02,463000
NC-104398,2021-04-13,P07,T05,Media,Auditoría Interna,Cerrada,2021-04-20,7,R19,342060
NC-102698,2021-04-14,P03,T06,Media,Inspección de Calidad,Cerrada,2021-04-16,2,R14,850714
NC-104552,2021-04-15,P07,T02,Media,Inspección de Calidad,Cerrada,2021-05-01,16,R09,672813
NC-100010,2021-04-16,P08,T01,Media,Queja de Cliente,Cerrada,2021-04-17,1,R22,625999
NC-101291,2021-04-16,P05,T06,Media,Autocontrol,Cerrada,2021-04-21,5,R12,242450
NC-104127,2021-04-16,P06,T06,Media,Autocontrol,Cerrada,2021-04-22,6,R22,209036
NC-101617,2021-04-17,P04,T04,Media,Autocontrol,Cerrada,2021-05-03,16,R12,543773
NC-101474,2021-04-17,P01,T03,Media,Autocontrol,Cerrada,2021-04-30,13,R08,501824
NC-102081,2021-04-17,P01,T02,Alta,Auditoría Externa,Cerrada,2021-05-01,14,R08,664392
NC-102637,2021-04-17,P05,T01,Media,Inspección de Calidad,Cerrada,2021-04-22,5,R13,625838
NC-103346,2021-04-18,P04,T03,Crítica,Queja de Cliente,Cerrada,2021-05-01,13,R15,3658461
NC-101191,2021-04-19,P02,T03,Baja,Queja de Cliente,Cerrada,2021-05-07,18,R02,156816
NC-105166,2021-04-19,P06,T06,Alta,Auditoría Interna,Cerrada,2021-04-30,11,R14,473768
NC-104979,2021-04-20,P01,T02,Media,Autocontrol,Cerrada,2021-05-03,13,R01,558438
NC-104120,2021-04-21,P06,T03,Alta,Inspección de Calidad,Cerrada,2021-04-25,4,R16,1905118
NC-105340,2021-04-21,P07,T04,Media,Auditoría Externa,Cerrada,2021-05-07,16,R04,37653
NC-101845,2021-04-22,P02,T02,Media,Auditoría Interna,Cerrada,2021-05-02,10,R09,268150
NC-105468,2021-04-23,P03,T01,Baja,Auditoría Interna,Cerrada,2021-04-26,3,R15,193035
NC-103176,2021-04-26,P07,T06,Baja,Inspección de Calidad,Cerrada,2021-05-06,10,R15,158907
NC-104035,2021-04-26,P01,T03,Alta,Inspección de Calidad,Cerrada,2021-05-07,11,R11,277138
NC-103576,2021-04-27,P05,T03,Media,Auditoría Interna,Cerrada,2021-05-16,19,R09,568319
NC-105146,2021-04-28,P04,T05,Media,Inspección de Calidad,En Tratamiento,,,R23,222390
NC-101844,2021-04-29,P06,T01,Baja,Auditoría Externa,Cerrada,2021-05-04,5,R09,154512
NC-100701,2021-04-30,P06,T05,Alta,Auditoría Externa,Cerrada,2021-05-12,12,R09,148696
NC-101268,2021-04-30,P08,T01,Alta,Autocontrol,Cerrada,2021-05-22,22,R04,341468
NC-103952,2021-05-01,P02,T06,Alta,Queja de Cliente,Cerrada,2021-05-17,16,R14,1783116
NC-100607,2021-05-03,P04,T05,Baja,Auditoría Externa,Cerrada,2021-05-17,14,R04,182989
NC-104130,2021-05-06,P01,T05,Baja,Inspección de Calidad,Cerrada,2021-05-14,8,R09,177674
NC-100243,2021-05-07,P07,T01,Baja,Auditoría Interna,Cerrada,2021-05-18,11,R08,141162
NC-103793,2021-05-07,P08,T01,Media,Inspección de Calidad,Cerrada,2021-05-27,20,R16,231525
NC-100571,2021-05-10,P08,T01,Alta,Queja de Cliente,Cerrada,2021-05-20,10,R01,1043266
NC-104742,2021-05-10,P07,T05,Alta,Queja de Cliente,Cerrada,2021-05-11,1,R01,1798718
NC-104774,2021-05-11,P08,T06,Media,Queja de Cliente,Cerrada,2021-05-14,3,R13,386783
NC-104813,2021-05-11,P04,T05,Media,Auditoría Interna,Cerrada,2021-05-20,9,R18,392204
NC-100018,2021-05-12,P03,T02,Alta,Autocontrol,En Tratamiento,,,R15,622898
NC-102383,2021-05-14,P04,T01,Media,Queja de Cliente,Cerrada,2021-05-20,6,R16,504508
NC-101939,2021-05-14,P08,T05,Media,Inspección de Calidad,Cerrada,2021-06-01,18,R18,999859
NC-101278,2021-05-14,P03,T04,Media,Auditoría Externa,Cerrada,2021-05-21,7,R17,714039
NC-103845,2021-05-15,P06,T03,Baja,Autocontrol,Cerrada,2021-05-22,7,R17,225850
NC-105906,2021-05-15,P08,T02,Crítica,Queja de Cliente,Cerrada,2021-05-16,1,R22,1030387
NC-105366,2021-05-19,P03,T03,Alta,Queja de Cliente,Cerrada,2021-06-04,16,R21,697187
NC-101661,2021-05-22,P01,T03,Alta,Auditoría Interna,Cerrada,2021-05-25,3,R19,671717
NC-103412,2021-05-22,P01,T01,Baja,Autocontrol,En Tratamiento,,,R02,160281
NC-105032,2021-05-23,P07,T05,Media,Queja de Cliente,En Tratamiento,,,R02,171975
NC-105378,2021-05-23,P07,T06,Media,Auditoría Interna,Cerrada,2021-05-29,6,R11,487011
NC-103659,2021-05-24,P06,T04,Baja,Auditoría Externa,Cerrada,2021-05-28,4,R11,625137
NC-101711,2021-05-26,P03,T02,Baja,Inspección de Calidad,Cerrada,2021-06-06,11,R02,251773
NC-100060,2021-05-27,P05,T03,Media,Auditoría Interna,Cerrada,2021-06-14,18,R08,96750
NC-101369,2021-05-29,P03,T01,Alta,Queja de Cliente,En Tratamiento,,,R13,199832
NC-104913,2021-05-30,P01,T06,Alta,Auditoría Externa,Cerrada,2021-06-07,8,R09,990879
NC-103810,2021-05-31,P06,T03,Media,Queja de Cliente,Cerrada,2021-06-09,9,R22,568068
NC-101855,2021-05-31,P05,T05,Media,Inspección de Calidad,Cerrada,2021-06-21,21,R12,380263
NC-105022,2021-05-31,P06,T06,Media,Autocontrol,Cerrada,2021-06-18,18,R21,178679
NC-100014,2021-06-01,P02,T05,Alta,Autocontrol,Cerrada,2021-06-10,9,R02,1688699
NC-105335,2021-06-01,P05,T06,Baja,Autocontrol,Cerrada,2021-07-07,36,R23,376194
NC-102818,2021-06-02,P01,T05,Baja,Autocontrol,Cerrada,2021-06-14,12,R23,396897
NC-104080,2021-06-06,P07,T01,Alta,Queja de Cliente,En Tratamiento,,,R13,953591
NC-104173,2021-06-07,P01,T03,Crítica,Auditoría Externa,Cerrada,2021-06-08,1,R09,822363
NC-105708,2021-06-07,P04,T01,Alta,Auditoría Externa,Cerrada,2021-07-07,30,R22,536246
NC-103406,2021-06-07,P07,T01,Alta,Auditoría Externa,Cerrada,2021-06-08,1,R23,1612527
NC-104646,2021-06-08,P06,T06,Alta,Autocontrol,Cerrada,2021-06-12,4,R19,535763
NC-103187,2021-06-09,P02,T05,Baja,Queja de Cliente,En Tratamiento,,,R04,390853
NC-104521,2021-06-09,P04,T03,Media,Auditoría Interna,Cerrada,2021-06-11,2,R08,213734
NC-104039,2021-06-13,P04,T04,Baja,Autocontrol,Cerrada,2021-07-01,18,R16,552063
NC-106008,2021-06-14,P03,T06,Crítica,Auditoría Externa,Cerrada,2021-06-19,5,R13,571532
NC-103741,2021-06-15,P04,T06,Media,Autocontrol,En Tratamiento,,,R20,121712
NC-102522,2021-06-17,P01,T05,Crítica,Auditoría Interna,Cerrada,2021-07-20,33,R13,1377495
NC-102934,2021-06-17,P04,T05,Media,Queja de Cliente,Cerrada,2021-06-21,4,R21,166828
NC-105547,2021-06-19,P03,T04,Alta,Auditoría Interna,Cerrada,2021-06-20,1,R11,750197
NC-102312,2021-06-19,P01,T02,Crítica,Inspección de Calidad,Cerrada,2021-06-28,9,R11,298489
NC-103444,2021-06-19,P04,T04,Alta,Auditoría Interna,Cerrada,2021-06-26,7,R13,464148
NC-101682,2021-06-20,P01,T04,Crítica,Autocontrol,Cerrada,2021-07-09,19,R11,2767246
NC-101123,2021-06-20,P03,T03,Media,Inspección de Calidad,Cerrada,2021-06-28,8,R02,317626
NC-103388,2021-06-20,P06,T05,Media,Auditoría Externa,Cerrada,2021-07-17,27,R20,353557
NC-105289,2021-06-22,P05,T04,Alta,Queja de Cliente,Abierta,,,R19,702082
NC-103985,2021-06-22,P06,T02,Baja,Queja de Cliente,Cerrada,2021-07-07,15,R11,38234
NC-100109,2021-06-22,P03,T03,Baja,Auditoría Interna,Cerrada,2021-06-30,8,R21,189224
NC-105563,2021-06-22,P01,T06,Alta,Queja de Cliente,Cerrada,2021-06-27,5,R22,630311
NC-103359,2021-06-23,P01,T01,Alta,Autocontrol,Cerrada,2021-07-08,15,R14,425215
NC-102910,2021-06-25,P02,T04,Alta,Inspección de Calidad,Cerrada,2021-06-30,5,R16,886252
NC-105754,2021-06-26,P01,T04,Alta,Auditoría Externa,Cerrada,2021-07-09,13,R13,572116
NC-105123,2021-06-27,P07,T04,Media,Auditoría Externa,Cerrada,2021-07-10,13,R22,572813
NC-100537,2021-06-27,P05,T03,Alta,Inspección de Calidad,Cerrada,2021-07-15,18,R15,646360
NC-102062,2021-06-27,P06,T05,Media,Auditoría Interna,Cerrada,2021-07-21,24,R13,153031
NC-101521,2021-06-28,P01,T01,Baja,Auditoría Interna,Cerrada,2021-07-21,23,R04,161916
NC-105285,2021-06-29,P05,T04,Media,Inspección de Calidad,Cerrada,2021-07-13,14,R20,360197
NC-106142,2021-06-29,P01,T02,Alta,Autocontrol,Cerrada,2021-07-16,17,R09,640651
NC-106022,2021-06-29,P02,T03,Baja,Queja de Cliente,Cerrada,2021-07-05,6,R01,165272
NC-105908,2021-06-30,P03,T05,Media,Autocontrol,En Tratamiento,,,R09,161530
NC-102511,2021-06-30,P03,T05,Baja,Auditoría Interna,Cerrada,2021-07-10,10,R19,271957
NC-101539,2021-07-02,P04,T01,Baja,Inspección de Calidad,Cerrada,2021-07-13,11,R23,224238
NC-104146,2021-07-02,P02,T06,Media,Inspección de Calidad,Cerrada,2021-07-23,21,R20,737033
NC-100353,2021-07-05,P01,T03,Media,Auditoría Interna,Abierta,,,R22,698664
NC-102688,2021-07-06,P02,T06,Baja,Autocontrol,Abierta,,,R14,26877
NC-102918,2021-07-06,P03,T05,Baja,Auditoría Externa,Cerrada,2021-07-24,18,R09,127089
NC-100808,2021-07-09,P08,T05,Baja,Queja de Cliente,Cerrada,2021-08-03,25,R09,267463
NC-102638,2021-07-11,P05,T06,Alta,Queja de Cliente,Cerrada,2021-08-03,23,R22,513595
NC-101555,2021-07-11,P02,T06,Alta,Inspección de Calidad,Cerrada,2021-07-22,11,R01,498798
NC-103041,2021-07-11,P07,T03,Alta,Queja de Cliente,Cerrada,2021-08-04,24,R08,2441060
NC-104627,2021-07-11,P08,T06,Baja,Autocontrol,Cerrada,2021-07-21,10,R18,82590
NC-100341,2021-07-11,P02,T03,Media,Autocontrol,Cerrada,2021-07-15,4,R01,539782
NC-105141,2021-07-15,P04,T01,Baja,Auditoría Interna,Cerrada,2021-07-24,9,R18,201974
NC-105747,2021-07-16,P02,T04,Baja,Auditoría Interna,Cerrada,2021-07-28,12,R04,151205
NC-100389,2021-07-18,P07,T04,Media,Auditoría Externa,Cerrada,2021-08-03,16,R15,477047
NC-102547,2021-07-18,P08,T04,Media,Inspección de Calidad,Cerrada,2021-07-27,9,R23,287703
NC-105234,2021-07-19,P08,T02,Baja,Auditoría Externa,En Tratamiento,,,R21,97086
NC-103117,2021-07-19,P04,T02,Alta,Inspección de Calidad,Cerrada,2021-07-24,5,R17,351918
NC-101350,2021-07-19,P07,T02,Baja,Auditoría Externa,Cerrada,2021-07-26,7,R01,157391
NC-104695,2021-07-20,P04,T03,Baja,Autocontrol,Abierta,,,R18,238050
NC-100095,2021-07-20,P04,T05,Baja,Autocontrol,Cerrada,2021-07-25,5,R04,273669
NC-101823,2021-07-22,P08,T02,Alta,Queja de Cliente,Cerrada,2021-07-29,7,R12,1312759
NC-105231,2021-07-23,P01,T03,Baja,Autocontrol,Cerrada,2021-07-25,2,R09,444559
NC-101447,2021-07-23,P04,T05,Baja,Auditoría Externa,Cerrada,2021-08-07,15,R23,170337
NC-105177,2021-07-23,P03,T02,Media,Queja de Cliente,Cerrada,2021-07-29,6,R04,238033
NC-103167,2021-07-25,P08,T06,Crítica,Auditoría Externa,Abierta,,,R09,430166
NC-102335,2021-07-25,P02,T04,Media,Inspección de Calidad,Cerrada,2021-08-25,31,R22,1340938
NC-104504,2021-07-25,P05,T01,Media,Auditoría Interna,Cerrada,2021-08-11,17,R17,72136
NC-104131,2021-07-27,P06,T01,Baja,Auditoría Externa,Cerrada,2021-08-04,8,R20,187364
NC-105615,2021-07-28,P03,T06,Baja,Autocontrol,Cerrada,2021-08-12,15,R21,134928
NC-104606,2021-07-28,P07,T03,Baja,Inspección de Calidad,Cerrada,2021-08-04,7,R01,114177
NC-100308,2021-07-29,P03,T04,Media,Auditoría Interna,Cerrada,2021-08-14,16,R08,452455
NC-100279,2021-08-01,P08,T05,Crítica,Auditoría Externa,Cerrada,2021-08-16,15,R20,1127458
NC-102636,2021-08-02,P05,T04,Baja,Inspección de Calidad,En Tratamiento,,,R11,38105
NC-105150,2021-08-02,P02,T04,Media,Autocontrol,Cerrada,2021-08-06,4,R18,248894
NC-105021,2021-08-04,P03,T04,Alta,Inspección de Calidad,En Tratamiento,,,R15,1463128
NC-102276,2021-08-06,P07,T05,Crítica,Autocontrol,Cerrada,2021-08-23,17,R01,1832725
NC-105251,2021-08-06,P07,T06,Alta,Inspección de Calidad,En Tratamiento,,,R14,1729824
NC-100732,2021-08-07,P05,T02,Alta,Queja de Cliente,Cerrada,2021-08-17,10,R08,828998
NC-102493,2021-08-07,P08,T05,Alta,Auditoría Externa,Cerrada,2021-08-22,15,R20,514297
NC-105121,2021-08-09,P03,T02,Crítica,Queja de Cliente,Cerrada,2021-08-13,4,R02,733528
NC-103704,2021-08-10,P02,T04,Media,Auditoría Interna,Cerrada,2021-08-23,13,R20,337627
NC-105659,2021-08-10,P01,T01,Baja,Auditoría Externa,Cerrada,2021-08-27,17,R09,152670
NC-104889,2021-08-10,P04,T01,Media,Auditoría Externa,Cerrada,2021-08-21,11,R13,899857
NC-101436,2021-08-12,P06,T02,Baja,Auditoría Externa,Cerrada,2021-08-17,5,R15,192564
NC-105254,2021-08-12,P03,T05,Alta,Queja de Cliente,Cerrada,2021-08-25,13,R21,570047
NC-101212,2021-08-13,P01,T04,Media,Auditoría Interna,Cerrada,2021-09-03,21,R12,479469
NC-100876,2021-08-14,P08,T06,Crítica,Queja de Cliente,En Tratamiento,,,R22,722595
NC-105775,2021-08-15,P06,T05,Baja,Autocontrol,Cerrada,2021-09-14,30,R01,134726
NC-101777,2021-08-15,P03,T06,Crítica,Auditoría Externa,En Tratamiento,,,R14,2982528
NC-101305,2021-08-16,P04,T06,Media,Auditoría Externa,Cerrada,2021-09-01,16,R21,692890
NC-103846,2021-08-17,P01,T06,Baja,Auditoría Interna,Cerrada,2021-09-15,29,R16,259393
NC-100287,2021-08-18,P08,T01,Alta,Auditoría Interna,En Tratamiento,,,R21,331262
NC-100950,2021-08-18,P03,T06,Alta,Auditoría Externa,Cerrada,2021-08-31,13,R08,667278
NC-104882,2021-08-18,P02,T02,Baja,Autocontrol,Cerrada,2021-09-08,21,R15,80761
NC-105018,2021-08-19,P06,T05,Baja,Queja de Cliente,Cerrada,2021-08-25,6,R20,271219
NC-101027,2021-08-19,P06,T04,Baja,Autocontrol,Abierta,,,R13,95477
NC-105855,2021-08-21,P07,T03,Alta,Auditoría Externa,Cerrada,2021-09-07,17,R16,139814
NC-105986,2021-08-21,P08,T06,Alta,Inspección de Calidad,Cerrada,2021-08-27,6,R22,230077
NC-101669,2021-08-22,P06,T04,Media,Queja de Cliente,En Tratamiento,,,R04,117628
NC-103276,2021-08-23,P02,T06,Alta,Inspección de Calidad,Cerrada,2021-09-02,10,R18,362706
NC-104525,2021-08-23,P03,T04,Alta,Queja de Cliente,Cerrada,2021-09-08,16,R21,260646
NC-105722,2021-08-23,P05,T04,Baja,Auditoría Externa,Cerrada,2021-09-06,14,R21,168787
NC-103820,2021-08-24,P02,T06,Media,Auditoría Externa,Abierta,,,R17,407801
NC-100614,2021-08-26,P03,T01,Alta,Autocontrol,Cerrada,2021-08-30,4,R21,666621
NC-100710,2021-08-27,P07,T02,Baja,Inspección de Calidad,Cerrada,2021-09-03,7,R13,241593
NC-102907,2021-08-27,P05,T01,Alta,Auditoría Interna,En Tratamiento,,,R15,355468
NC-105265,2021-08-28,P02,T02,Baja,Inspección de Calidad,Cerrada,2021-09-07,10,R16,90508
NC-104958,2021-08-29,P08,T06,Alta,Autocontrol,Cerrada,2021-09-13,15,R14,562983
NC-101553,2021-08-29,P06,T01,Baja,Autocontrol,Cerrada,2021-09-04,6,R18,150695
NC-100940,2021-08-29,P08,T06,Media,Queja de Cliente,Cerrada,2021-09-14,16,R01,410071
NC-104715,2021-08-31,P05,T04,Crítica,Auditoría Interna,Cerrada,2021-09-07,7,R23,818114
NC-104864,2021-08-31,P04,T05,Media,Queja de Cliente,Cerrada,2021-09-26,26,R22,1100806
NC-103047,2021-08-31,P05,T02,Alta,Queja de Cliente,Abierta,,,R21,283192
NC-100527,2021-09-01,P05,T01,Media,Autocontrol,Cerrada,2021-09-19,18,R19,263409
NC-100346,2021-09-03,P04,T05,Media,Auditoría Interna,Cerrada,2021-09-07,4,R04,766915
NC-106068,2021-09-05,P03,T06,Media,Inspección de Calidad,Cerrada,2021-09-15,10,R12,294719
NC-100314,2021-09-05,P03,T01,Alta,Inspección de Calidad,En Tratamiento,,,R19,778925
NC-105030,2021-09-05,P05,T05,Alta,Auditoría Externa,Cerrada,2021-09-14,9,R22,1436753
NC-105869,2021-09-06,P06,T02,Baja,Auditoría Externa,Abierta,,,R18,79603
NC-101879,2021-09-09,P05,T02,Baja,Inspección de Calidad,Cerrada,2021-09-26,17,R02,376166
NC-101574,2021-09-12,P05,T02,Baja,Queja de Cliente,En Tratamiento,,,R08,149501
NC-100926,2021-09-12,P06,T03,Alta,Auditoría Interna,Cerrada,2021-09-15,3,R17,1507832
NC-101231,2021-09-13,P07,T05,Alta,Queja de Cliente,Cerrada,2021-09-17,4,R01,1911167
NC-105352,2021-09-13,P08,T06,Baja,Auditoría Interna,Cerrada,2021-09-19,6,R04,54118
NC-103853,2021-09-14,P04,T01,Media,Auditoría Externa,Cerrada,2021-09-19,5,R01,129176
NC-103543,2021-09-15,P04,T03,Media,Inspección de Calidad,Cerrada,2021-10-07,22,R17,1292258
NC-103933,2021-09-15,P08,T06,Crítica,Auditoría Interna,Cerrada,2021-09-26,11,R16,1415609
NC-103852,2021-09-16,P08,T01,Alta,Autocontrol,Cerrada,2021-09-21,5,R12,358041
NC-102183,2021-09-17,P07,T05,Alta,Auditoría Interna,Cerrada,2021-09-21,4,R15,682055
NC-103523,2021-09-17,P01,T04,Crítica,Queja de Cliente,Abierta,,,R15,1988494
NC-101157,2021-09-18,P03,T06,Baja,Autocontrol,Abierta,,,R18,353671
NC-106187,2021-09-19,P07,T01,Baja,Inspección de Calidad,En Tratamiento,,,R20,130218
NC-103387,2021-09-19,P07,T02,Baja,Auditoría Interna,Cerrada,2021-10-05,16,R19,32702
NC-100580,2021-09-19,P05,T01,Media,Auditoría Externa,Cerrada,2021-09-28,9,R08,741325
NC-103803,2021-09-19,P02,T01,Alta,Auditoría Externa,Cerrada,2021-09-26,7,R17,718531
NC-103172,2021-09-20,P01,T05,Crítica,Queja de Cliente,Cerrada,2021-10-21,31,R23,1431676
NC-102247,2021-09-21,P06,T04,Baja,Queja de Cliente,Cerrada,2021-09-30,9,R17,139234
NC-102171,2021-09-21,P01,T06,Crítica,Auditoría Interna,Cerrada,2021-10-08,17,R04,505644
NC-101650,2021-09-24,P06,T03,Alta,Queja de Cliente,Cerrada,2021-09-29,5,R23,1008407
NC-105894,2021-09-25,P08,T05,Baja,Auditoría Externa,Cerrada,2021-10-02,7,R04,115665
NC-104020,2021-09-26,P02,T01,Alta,Auditoría Interna,Cerrada,2021-10-02,6,R21,493690
NC-102602,2021-09-26,P06,T05,Alta,Inspección de Calidad,Cerrada,2021-10-01,5,R21,1381346
NC-101179,2021-09-27,P01,T02,Media,Inspección de Calidad,Cerrada,2021-10-09,12,R21,475827
NC-104968,2021-09-28,P07,T05,Baja,Auditoría Externa,Cerrada,2021-10-04,6,R20,446354
NC-104422,2021-09-28,P03,T02,Alta,Inspección de Calidad,Cerrada,2021-10-14,16,R20,271261
NC-100367,2021-09-28,P07,T01,Media,Auditoría Externa,Cerrada,2021-10-14,16,R17,1068023
NC-102029,2021-09-29,P08,T05,Media,Queja de Cliente,Cerrada,2021-10-04,5,R22,190860
NC-101766,2021-09-30,P01,T05,Media,Auditoría Externa,Cerrada,2021-10-11,11,R23,656362
NC-105233,2021-10-02,P06,T02,Alta,Auditoría Interna,Cerrada,2021-10-05,3,R09,1534191
NC-104479,2021-10-02,P01,T02,Alta,Auditoría Interna,Cerrada,2021-10-13,11,R22,971034
NC-105689,2021-10-03,P02,T01,Alta,Queja de Cliente,Cerrada,2021-10-13,10,R14,592746
NC-101528,2021-10-03,P05,T02,Media,Auditoría Interna,Abierta,,,R22,651497
NC-104159,2021-10-03,P01,T06,Media,Inspección de Calidad,Cerrada,2021-10-15,12,R02,1714203
NC-100418,2021-10-04,P06,T04,Media,Auditoría Interna,Cerrada,2021-10-19,15,R16,829291
NC-106064,2021-10-04,P02,T05,Alta,Inspección de Calidad,Cerrada,2021-10-12,8,R18,288254
NC-103664,2021-10-05,P05,T04,Media,Auditoría Externa,Cerrada,2021-10-13,8,R01,279835
NC-104578,2021-10-07,P07,T05,Media,Autocontrol,Cerrada,2021-10-14,7,R11,1034351
NC-104838,2021-10-07,P08,T04,Baja,Auditoría Interna,Cerrada,2021-10-17,10,R13,94035
NC-102222,2021-10-07,P04,T05,Media,Auditoría Externa,Cerrada,2021-10-20,13,R19,636834
NC-100965,2021-10-08,P07,T05,Baja,Auditoría Interna,Cerrada,2021-10-12,4,R14,87957
NC-104851,2021-10-08,P03,T06,Media,Inspección de Calidad,En Tratamiento,,,R12,593930
NC-105852,2021-10-10,P06,T05,Alta,Inspección de Calidad,En Tratamiento,,,R23,1740329
NC-103620,2021-10-10,P03,T03,Baja,Auditoría Interna,Cerrada,2021-10-15,5,R01,315224
NC-100957,2021-10-11,P08,T05,Baja,Inspección de Calidad,Cerrada,2021-10-17,6,R20,113533
NC-101288,2021-10-11,P04,T02,Media,Autocontrol,Cerrada,2021-10-20,9,R16,395318
NC-103640,2021-10-11,P07,T02,Baja,Queja de Cliente,Abierta,,,R08,201305
NC-101623,2021-10-12,P01,T06,Media,Autocontrol,Cerrada,2021-11-05,24,R14,124830
NC-101483,2021-10-13,P01,T03,Media,Queja de Cliente,Cerrada,2021-10-21,8,R09,307822
NC-102428,2021-10-16,P08,T04,Baja,Auditoría Externa,Cerrada,2021-10-25,9,R02,90149
NC-104933,2021-10-16,P05,T02,Media,Auditoría Interna,Cerrada,2021-10-19,3,R04,926535
NC-103429,2021-10-18,P02,T04,Alta,Auditoría Externa,Cerrada,2021-10-21,3,R12,936643
NC-101262,2021-10-19,P03,T04,Alta,Queja de Cliente,Cerrada,2021-11-03,15,R18,109822
NC-105403,2021-10-20,P02,T02,Media,Inspección de Calidad,Cerrada,2021-10-23,3,R11,975708
NC-100548,2021-10-20,P04,T04,Crítica,Inspección de Calidad,Cerrada,2021-10-26,6,R23,400250
NC-102250,2021-10-20,P03,T01,Baja,Queja de Cliente,Cerrada,2021-10-27,7,R01,148150
NC-106166,2021-10-20,P01,T01,Media,Auditoría Interna,Cerrada,2021-11-16,27,R11,1273898
NC-100267,2021-10-22,P06,T03,Baja,Auditoría Externa,En Tratamiento,,,R02,299470
NC-105506,2021-10-22,P07,T01,Alta,Autocontrol,Cerrada,2021-11-11,20,R16,857886
NC-104633,2021-10-23,P03,T04,Baja,Auditoría Externa,Cerrada,2021-11-04,12,R14,207059
NC-105176,2021-10-23,P03,T01,Baja,Auditoría Interna,Cerrada,2021-11-11,19,R17,412577
NC-104182,2021-10-25,P07,T03,Media,Inspección de Calidad,Cerrada,2021-10-29,4,R17,1466668
NC-102663,2021-10-28,P01,T03,Media,Auditoría Interna,Cerrada,2021-11-11,14,R18,336357
NC-103062,2021-10-29,P05,T01,Baja,Autocontrol,Cerrada,2021-11-06,8,R14,199552
NC-103894,2021-10-29,P01,T01,Media,Inspección de Calidad,Cerrada,2021-11-09,11,R16,355150
NC-102785,2021-10-30,P04,T06,Media,Queja de Cliente,Cerrada,2021-11-15,16,R12,787607
NC-101141,2021-10-31,P03,T05,Alta,Queja de Cliente,Cerrada,2021-11-12,12,R17,1062149
NC-105028,2021-10-31,P05,T05,Baja,Auditoría Interna,En Tratamiento,,,R20,247483
NC-105444,2021-11-01,P03,T03,Crítica,Queja de Cliente,Cerrada,2021-11-07,6,R15,570564
NC-102853,2021-11-02,P05,T01,Baja,Auditoría Interna,Cerrada,2021-11-18,16,R12,207828
NC-101006,2021-11-03,P04,T01,Alta,Auditoría Externa,Cerrada,2021-11-07,4,R01,1357609
NC-104026,2021-11-06,P07,T05,Media,Auditoría Interna,Cerrada,2021-11-18,12,R23,295840
NC-100077,2021-11-08,P07,T03,Media,Auditoría Externa,Cerrada,2021-11-13,5,R13,514741
NC-103226,2021-11-08,P02,T01,Media,Auditoría Interna,Cerrada,2021-11-15,7,R23,250604
NC-103909,2021-11-10,P08,T04,Baja,Autocontrol,En Tratamiento,,,R22,244929
NC-103395,2021-11-11,P03,T03,Media,Auditoría Interna,Cerrada,2021-11-26,15,R09,518025
NC-106037,2021-11-14,P04,T05,Crítica,Autocontrol,Cerrada,2021-11-19,5,R16,1042495
NC-101876,2021-11-14,P08,T01,Media,Inspección de Calidad,Abierta,,,R15,197011
NC-100461,2021-11-14,P01,T03,Baja,Queja de Cliente,Cerrada,2021-12-06,22,R20,210657
NC-101106,2021-11-14,P02,T02,Alta,Autocontrol,Cerrada,2021-11-24,10,R14,1550993
NC-104657,2021-11-14,P07,T03,Media,Auditoría Externa,Cerrada,2021-11-24,10,R19,177238
NC-103635,2021-11-15,P04,T04,Media,Autocontrol,Cerrada,2021-11-18,3,R15,523358
NC-105600,2021-11-16,P07,T01,Alta,Autocontrol,Cerrada,2021-11-29,13,R21,2384489
NC-104271,2021-11-16,P06,T06,Baja,Auditoría Externa,Cerrada,2021-11-30,14,R01,640064
NC-100647,2021-11-17,P08,T01,Media,Inspección de Calidad,Cerrada,2021-11-24,7,R19,814813
NC-105971,2021-11-17,P05,T06,Media,Auditoría Interna,Cerrada,2021-11-27,10,R17,509410
NC-104939,2021-11-18,P06,T01,Media,Auditoría Externa,Cerrada,2021-12-06,18,R02,118550
NC-104335,2021-11-19,P08,T02,Baja,Autocontrol,Cerrada,2021-12-09,20,R14,36964
NC-105984,2021-11-20,P08,T01,Crítica,Auditoría Externa,En Tratamiento,,,R08,1031231
NC-100694,2021-11-21,P05,T06,Media,Autocontrol,Cerrada,2021-11-30,9,R09,1596450
NC-101797,2021-11-21,P01,T01,Baja,Autocontrol,Cerrada,2021-12-01,10,R20,174311
NC-101861,2021-11-26,P07,T02,Media,Auditoría Externa,Abierta,,,R19,742272
NC-100415,2021-11-26,P08,T01,Alta,Auditoría Interna,Cerrada,2021-12-01,5,R18,775691
NC-104569,2021-11-26,P06,T03,Baja,Autocontrol,Abierta,,,R16,129330
NC-102892,2021-11-27,P01,T01,Alta,Auditoría Externa,Cerrada,2021-12-04,7,R17,1354151
NC-104975,2021-11-27,P08,T04,Baja,Inspección de Calidad,Cerrada,2021-12-01,4,R19,465841
NC-100236,2021-11-28,P06,T02,Media,Auditoría Externa,Cerrada,2021-12-04,6,R23,407394
NC-105330,2021-11-28,P02,T05,Alta,Autocontrol,Cerrada,2021-12-11,13,R22,1479440
NC-102067,2021-11-28,P04,T06,Media,Auditoría Externa,Cerrada,2021-12-16,18,R12,515244
NC-101024,2021-11-28,P07,T02,Alta,Autocontrol,Cerrada,2021-12-19,21,R21,951464
NC-101467,2021-11-29,P03,T04,Crítica,Autocontrol,Cerrada,2021-12-16,17,R04,1958046
NC-105442,2021-11-30,P01,T01,Baja,Queja de Cliente,Cerrada,2021-12-20,20,R15,62864
NC-103417,2021-12-03,P07,T06,Baja,Autocontrol,Abierta,,,R21,228178
NC-103973,2021-12-03,P01,T06,Alta,Autocontrol,Cerrada,2021-12-17,14,R13,486496
NC-102866,2021-12-05,P01,T06,Baja,Auditoría Externa,Cerrada,2021-12-19,14,R07,310159
NC-102723,2021-12-06,P02,T03,Baja,Queja de Cliente,Cerrada,2021-12-23,17,R13,68023
NC-104135,2021-12-07,P05,T04,Baja,Inspección de Calidad,Cerrada,2021-12-20,13,R16,112251
NC-100162,2021-12-07,P07,T02,Alta,Auditoría Interna,Cerrada,2021-12-24,17,R09,1633312
NC-102046,2021-12-07,P07,T01,Media,Auditoría Interna,Abierta,,,R22,840228
NC-105846,2021-12-08,P05,T01,Media,Auditoría Interna,Abierta,,,R15,860457
NC-101540,2021-12-10,P04,T01,Baja,Queja de Cliente,Cerrada,2021-12-20,10,R18,76351
NC-104687,2021-12-11,P08,T03,Baja,Inspección de Calidad,En Tratamiento,,,R09,211764
NC-105532,2021-12-11,P03,T06,Crítica,Autocontrol,Cerrada,2021-12-15,4,R12,277799
NC-100405,2021-12-11,P01,T06,Baja,Queja de Cliente,Cerrada,2021-12-20,9,R17,144942
NC-104955,2021-12-12,P03,T05,Alta,Autocontrol,Abierta,,,R12,1145581
NC-103588,2021-12-15,P05,T06,Alta,Queja de Cliente,Cerrada,2022-01-02,18,R19,1529309
NC-105402,2021-12-16,P08,T04,Baja,Queja de Cliente,Cerrada,2021-12-28,12,R22,174758
NC-100027,2021-12-16,P04,T05,Alta,Auditoría Externa,Cerrada,2021-12-31,15,R09,987664
NC-105101,2021-12-16,P01,T03,Crítica,Autocontrol,Cerrada,2021-12-30,14,R20,2068340
NC-101351,2021-12-18,P06,T04,Baja,Autocontrol,Cerrada,2021-12-21,3,R11,134584
NC-100137,2021-12-18,P03,T05,Baja,Inspección de Calidad,Cerrada,2021-12-29,11,R13,115890
NC-104556,2021-12-18,P08,T03,Baja,Auditoría Externa,Cerrada,2021-12-26,8,R08,121417
NC-102518,2021-12-19,P04,T05,Alta,Auditoría Interna,Cerrada,2021-12-26,7,R17,605609
NC-102859,2021-12-20,P03,T04,Baja,Auditoría Externa,Cerrada,2021-12-23,3,R14,309334
NC-105553,2021-12-21,P07,T02,Media,Auditoría Interna,Cerrada,2021-12-27,6,R02,331480
NC-100782,2021-12-21,P01,T05,Baja,Auditoría Externa,Cerrada,2021-12-27,6,R21,211981
NC-103267,2021-12-21,P04,T05,Media,Inspección de Calidad,Cerrada,2022-01-08,18,R20,31061
NC-103354,2021-12-23,P04,T01,Media,Autocontrol,Cerrada,2021-12-27,4,R12,672227
NC-100866,2021-12-23,P01,T03,Baja,Auditoría Externa,En Tratamiento,,,R04,466441
NC-105575,2021-12-23,P02,T01,Crítica,Queja de Cliente,Cerrada,2022-01-08,16,R01,565163
NC-106024,2021-12-23,P04,T02,Baja,Auditoría Interna,Cerrada,2021-12-29,6,R18,58520
NC-100589,2021-12-24,P05,T05,Media,Autocontrol,Cerrada,2022-01-02,9,R20,667313
NC-101974,2021-12-24,P03,T03,Media,Queja de Cliente,Cerrada,2021-12-27,3,R04,428395
NC-104952,2021-12-25,P07,T01,Baja,Autocontrol,Cerrada,2021-12-31,6,R18,16220
NC-101174,2021-12-26,P05,T05,Media,Auditoría Interna,En Tratamiento,,,R20,430946
NC-101564,2021-12-26,P02,T03,Alta,Auditoría Externa,Cerrada,2021-12-30,4,R11,131330
NC-105810,2021-12-26,P06,T03,Alta,Auditoría Externa,Cerrada,2022-01-08,13,R21,722020
NC-106034,2021-12-26,P07,T06,Baja,Auditoría Externa,Cerrada,2022-01-11,16,R13,284067
NC-104014,2021-12-26,P05,T05,Media,Auditoría Externa,Cerrada,2022-01-10,15,R17,417517
NC-100797,2021-12-27,P03,T03,Alta,Auditoría Interna,Cerrada,2022-01-09,13,R17,828504
NC-100572,2022-01-01,P03,T03,Media,Auditoría Interna,Cerrada,2022-01-09,8,R15,261210
NC-100683,2022-01-02,P07,T06,Alta,Queja de Cliente,Cerrada,2022-01-09,7,R09,1152066
NC-104752,2022-01-02,P06,T01,Media,Auditoría Externa,Cerrada,2022-01-14,12,R17,439578
NC-102619,2022-01-02,P06,T01,Alta,Auditoría Interna,Cerrada,2022-01-13,11,R18,1963116
NC-105920,2022-01-03,P02,T03,Alta,Inspección de Calidad,Cerrada,2022-01-08,5,R02,964793
NC-105082,2022-01-04,P08,T01,Media,Inspección de Calidad,Cerrada,2022-01-09,5,R21,678326
NC-104356,2022-01-04,P01,T03,Alta,Autocontrol,Cerrada,2022-01-26,22,R23,510424
NC-105931,2022-01-05,P02,T06,Baja,Auditoría Externa,Cerrada,2022-01-15,10,R04,177028
NC-106190,2022-01-06,P01,T03,Baja,Auditoría Externa,Cerrada,2022-01-09,3,R15,378892
NC-105080,2022-01-07,P04,T04,Alta,Queja de Cliente,Cerrada,2022-01-18,11,R17,159867
NC-105434,2022-01-09,P03,T05,Baja,Auditoría Interna,Cerrada,2022-02-06,28,R14,304602
NC-104676,2022-01-09,P06,T04,Media,Autocontrol,Cerrada,2022-01-15,6,R01,706049
NC-100442,2022-01-10,P04,T04,Crítica,Auditoría Interna,Cerrada,2022-01-21,11,R11,478649
NC-103424,2022-01-11,P02,T06,Media,Auditoría Externa,Cerrada,2022-01-21,10,R02,231211
NC-103404,2022-01-11,P06,T01,Crítica,Inspección de Calidad,En Tratamiento,,,R14,320925
NC-105431,2022-01-12,P01,T01,Media,Inspección de Calidad,Cerrada,2022-01-22,10,R08,186765
NC-103577,2022-01-12,P05,T02,Alta,Inspección de Calidad,Cerrada,2022-02-02,21,R18,133789
NC-101396,2022-01-13,P06,T02,Media,Auditoría Externa,Cerrada,2022-02-01,19,R23,566429
NC-102774,2022-01-13,P03,T03,Media,Inspección de Calidad,Abierta,,,R18,916449
NC-105089,2022-01-16,P03,T05,Baja,Auditoría Externa,Abierta,,,R07,449253
NC-105905,2022-01-16,P04,T02,Media,Queja de Cliente,Cerrada,2022-01-24,8,R15,1195802
NC-103100,2022-01-17,P07,T04,Media,Auditoría Externa,En Tratamiento,,,R20,752190
NC-103061,2022-01-18,P04,T02,Alta,Auditoría Interna,Cerrada,2022-02-02,15,R20,1029137
NC-105026,2022-01-18,P08,T04,Alta,Auditoría Externa,Cerrada,2022-01-21,3,R14,1064629
NC-105721,2022-01-21,P07,T02,Crítica,Inspección de Calidad,En Tratamiento,,,R09,1388152
NC-104502,2022-01-21,P01,T03,Media,Autocontrol,Cerrada,2022-02-16,26,R02,491225
NC-102245,2022-01-23,P08,T01,Media,Autocontrol,Cerrada,2022-02-07,15,R23,266401
NC-102188,2022-01-24,P02,T06,Baja,Queja de Cliente,Cerrada,2022-02-04,11,R17,207421
NC-103438,2022-01-24,P01,T06,Crítica,Autocontrol,En Tratamiento,,,R13,1150088
NC-106045,2022-01-27,P05,T02,Media,Autocontrol,Cerrada,2022-01-30,3,R09,378057
NC-103357,2022-01-28,P07,T01,Media,Queja de Cliente,Cerrada,2022-02-10,13,R02,310999
NC-104897,2022-01-28,P07,T02,Media,Queja de Cliente,Cerrada,2022-02-13,16,R21,478298
NC-104654,2022-01-30,P04,T06,Alta,Inspección de Calidad,Cerrada,2022-02-08,9,R12,366298
NC-100974,2022-01-30,P01,T01,Baja,Queja de Cliente,En Tratamiento,,,R12,27798
NC-100941,2022-01-31,P07,T03,Baja,Queja de Cliente,Cerrada,2022-02-16,16,R17,200176
NC-103712,2022-02-01,P08,T03,Baja,Inspección de Calidad,Cerrada,2022-02-20,19,R09,191504
NC-101524,2022-02-01,P08,T03,Crítica,Auditoría Interna,En Tratamiento,,,R22,1442547
NC-101207,2022-02-01,P05,T01,Baja,Queja de Cliente,Cerrada,2022-03-02,29,R11,372367
NC-104162,2022-02-03,P01,T03,Baja,Auditoría Interna,Cerrada,2022-02-21,18,R13,146228
NC-101745,2022-02-04,P03,T02,Alta,Auditoría Interna,Cerrada,2022-02-06,2,R17,512973
NC-103516,2022-02-05,P04,T02,Alta,Auditoría Interna,Cerrada,2022-02-14,9,R15,974442
NC-101842,2022-02-06,P05,T05,Media,Auditoría Interna,Cerrada,2022-02-17,11,R09,383013
NC-102777,2022-02-07,P04,T02,Media,Autocontrol,Cerrada,2022-02-17,10,R17,1263203
NC-102194,2022-02-07,P05,T04,Media,Queja de Cliente,Cerrada,2022-02-20,13,R15,598980
NC-104379,2022-02-10,P04,T05,Crítica,Autocontrol,En Tratamiento,,,R19,1180572
NC-103141,2022-02-11,P02,T02,Baja,Inspección de Calidad,Cerrada,2022-02-17,6,R07,141030
NC-104761,2022-02-11,P01,T05,Baja,Autocontrol,En Tratamiento,,,R11,133969
NC-103693,2022-02-12,P07,T05,Alta,Auditoría Interna,Cerrada,2022-02-20,8,R20,826531
NC-104119,2022-02-13,P07,T02,Alta,Inspección de Calidad,Cerrada,2022-02-19,6,R23,797589
NC-105268,2022-02-13,P05,T05,Alta,Auditoría Interna,Cerrada,2022-03-07,22,R02,2815994
NC-101636,2022-02-14,P02,T01,Alta,Inspección de Calidad,Cerrada,2022-02-26,12,R01,1999753
NC-104408,2022-02-15,P04,T02,Baja,Autocontrol,Cerrada,2022-02-23,8,R11,281260
NC-104808,2022-02-16,P04,T01,Baja,Auditoría Interna,Cerrada,2022-03-07,19,R21,47035
NC-102403,2022-02-17,P05,T03,Media,Autocontrol,Cerrada,2022-02-20,3,R09,681473
NC-105927,2022-02-18,P05,T04,Alta,Auditoría Externa,Cerrada,2022-02-28,10,R13,542335
NC-100457,2022-02-19,P08,T03,Media,Queja de Cliente,En Tratamiento,,,R08,229676
NC-100711,2022-02-22,P08,T05,Media,Autocontrol,Cerrada,2022-03-05,11,R02,122718
NC-102763,2022-02-24,P01,T04,Media,Auditoría Externa,Cerrada,2022-03-03,7,R02,264500
NC-100395,2022-02-27,P05,T02,Baja,Inspección de Calidad,Cerrada,2022-03-04,5,R21,131391
NC-106049,2022-02-27,P08,T02,Media,Auditoría Interna,Cerrada,2022-03-08,9,R02,318514
NC-104717,2022-02-28,P08,T06,Media,Autocontrol,Cerrada,2022-03-07,7,R23,95896
NC-103289,2022-03-02,P01,T05,Media,Auditoría Interna,Cerrada,2022-03-04,2,R07,88726
NC-100472,2022-03-02,P05,T02,Alta,Auditoría Externa,Cerrada,2022-03-11,9,R23,955627
NC-101281,2022-03-03,P06,T02,Alta,Autocontrol,Cerrada,2022-03-10,7,R17,930899
NC-100303,2022-03-06,P01,T03,Alta,Auditoría Interna,En Tratamiento,,,R19,446386
NC-105116,2022-03-07,P05,T06,Alta,Inspección de Calidad,En Tratamiento,,,R19,541748
NC-104962,2022-03-07,P01,T04,Alta,Queja de Cliente,Cerrada,2022-03-18,11,R23,530218
NC-101304,2022-03-07,P05,T02,Baja,Autocontrol,Cerrada,2022-03-15,8,R07,58203
NC-105446,2022-03-11,P06,T05,Crítica,Inspección de Calidad,Cerrada,2022-03-18,7,R21,1753494
NC-104247,2022-03-12,P06,T02,Media,Auditoría Externa,Cerrada,2022-03-31,19,R16,911561
NC-100030,2022-03-13,P08,T02,Media,Autocontrol,Cerrada,2022-03-27,14,R07,1020604
NC-104293,2022-03-13,P06,T01,Baja,Auditoría Interna,Cerrada,2022-03-23,10,R15,143088
NC-101593,2022-03-14,P08,T02,Media,Autocontrol,Cerrada,2022-03-28,14,R20,267158
NC-103669,2022-03-16,P03,T06,Baja,Inspección de Calidad,Abierta,,,R04,236291
NC-100038,2022-03-18,P02,T03,Crítica,Auditoría Interna,Cerrada,2022-03-28,10,R13,1760552
NC-100979,2022-03-18,P07,T06,Media,Auditoría Interna,Cerrada,2022-04-29,42,R15,312032
NC-103500,2022-03-19,P05,T02,Media,Queja de Cliente,Cerrada,2022-04-22,34,R18,706963
NC-100630,2022-03-19,P02,T02,Baja,Autocontrol,Cerrada,2022-03-27,8,R09,355142
NC-100708,2022-03-19,P02,T01,Media,Inspección de Calidad,Cerrada,2022-04-03,15,R04,275801
NC-102237,2022-03-20,P08,T04,Media,Autocontrol,Cerrada,2022-03-30,10,R11,327229
NC-103646,2022-03-20,P08,T02,Alta,Autocontrol,Cerrada,2022-03-31,11,R12,674718
NC-101147,2022-03-22,P05,T02,Media,Inspección de Calidad,Cerrada,2022-03-29,7,R16,438574
NC-100320,2022-03-23,P03,T05,Media,Autocontrol,Cerrada,2022-04-04,12,R20,879545
NC-105020,2022-03-23,P06,T03,Baja,Auditoría Interna,Cerrada,2022-04-17,25,R07,238618
NC-102592,2022-03-25,P06,T02,Baja,Auditoría Interna,Abierta,,,R02,66790
NC-101976,2022-03-27,P03,T01,Media,Auditoría Interna,Cerrada,2022-04-07,11,R12,1189972
NC-105599,2022-03-28,P07,T04,Media,Auditoría Externa,Cerrada,2022-04-25,28,R15,443182
NC-100822,2022-03-28,P06,T06,Baja,Auditoría Interna,Cerrada,2022-04-04,7,R07,109144
NC-103890,2022-03-29,P07,T01,Media,Queja de Cliente,Cerrada,2022-04-15,17,R11,1060635
NC-104914,2022-03-29,P05,T06,Media,Auditoría Interna,Cerrada,2022-04-14,16,R23,236652
NC-101161,2022-03-29,P05,T02,Baja,Auditoría Interna,Cerrada,2022-04-02,4,R09,196597
NC-100270,2022-03-30,P03,T03,Baja,Auditoría Externa,En Tratamiento,,,R09,52882
NC-104655,2022-04-01,P02,T02,Media,Queja de Cliente,Abierta,,,R08,243674
NC-100594,2022-04-01,P06,T02,Media,Inspección de Calidad,Cerrada,2022-04-17,16,R17,328924
NC-104711,2022-04-03,P03,T04,Alta,Autocontrol,Cerrada,2022-04-10,7,R18,260377
NC-102110,2022-04-03,P01,T02,Baja,Autocontrol,En Tratamiento,,,R16,233403
NC-102173,2022-04-04,P02,T02,Media,Inspección de Calidad,Cerrada,2022-04-19,15,R23,487699
NC-105788,2022-04-04,P06,T02,Baja,Autocontrol,Cerrada,2022-04-19,15,R14,340860
NC-103572,2022-04-05,P08,T02,Media,Autocontrol,Cerrada,2022-04-07,2,R21,558709
NC-101290,2022-04-07,P05,T06,Media,Autocontrol,Cerrada,2022-04-16,9,R16,243090
NC-105087,2022-04-07,P01,T05,Baja,Inspección de Calidad,Cerrada,2022-04-23,16,R19,128205
NC-103949,2022-04-08,P08,T05,Media,Autocontrol,Cerrada,2022-04-26,18,R23,184479
NC-105311,2022-04-08,P02,T02,Baja,Auditoría Interna,Cerrada,2022-05-10,32,R23,212965
NC-102131,2022-04-09,P05,T03,Media,Autocontrol,Cerrada,2022-04-15,6,R14,945349
NC-104401,2022-04-11,P04,T03,Crítica,Auditoría Externa,Cerrada,2022-04-25,14,R02,1617506
NC-104075,2022-04-11,P07,T01,Media,Queja de Cliente,Cerrada,2022-04-21,10,R02,230751
NC-105232,2022-04-11,P06,T05,Baja,Inspección de Calidad,Cerrada,2022-04-19,8,R22,31696
NC-100532,2022-04-11,P04,T02,Baja,Inspección de Calidad,Cerrada,2022-04-20,9,R19,55596
NC-101841,2022-04-12,P08,T01,Baja,Inspección de Calidad,Cerrada,2022-05-03,21,R04,394137
NC-105802,2022-04-12,P06,T06,Media,Auditoría Externa,Cerrada,2022-04-22,10,R13,1223650
NC-103967,2022-04-13,P03,T03,Baja,Queja de Cliente,Cerrada,2022-04-20,7,R15,436447
NC-105657,2022-04-13,P08,T06,Media,Auditoría Interna,Cerrada,2022-05-03,20,R08,460001
NC-104417,2022-04-13,P07,T02,Alta,Auditoría Interna,Cerrada,2022-04-23,10,R21,1103649
NC-104207,2022-04-14,P02,T02,Alta,Auditoría Externa,Cerrada,2022-05-10,26,R20,243361
NC-101703,2022-04-14,P01,T04,Baja,Auditoría Externa,Cerrada,2022-04-25,11,R15,153194
NC-103982,2022-04-15,P06,T06,Media,Auditoría Externa,En Tratamiento,,,R20,575737
NC-103713,2022-04-16,P03,T02,Media,Autocontrol,Cerrada,2022-04-23,7,R14,1576596
NC-104363,2022-04-17,P05,T02,Crítica,Auditoría Interna,Abierta,,,R16,890882
NC-105322,2022-04-20,P03,T06,Media,Auditoría Interna,Cerrada,2022-04-29,9,R22,657108
NC-104513,2022-04-22,P07,T05,Alta,Auditoría Interna,Cerrada,2022-04-28,6,R18,832974
NC-102881,2022-04-23,P03,T03,Media,Auditoría Externa,Cerrada,2022-04-30,7,R22,253135
NC-100196,2022-04-24,P08,T01,Media,Queja de Cliente,Cerrada,2022-05-05,11,R01,220102
NC-102424,2022-04-25,P06,T05,Baja,Queja de Cliente,Cerrada,2022-05-03,8,R19,266683
NC-104011,2022-04-25,P05,T05,Crítica,Queja de Cliente,Cerrada,2022-05-10,15,R02,708042
NC-105774,2022-04-28,P01,T05,Media,Auditoría Interna,Cerrada,2022-05-26,28,R21,259684
NC-101316,2022-04-30,P03,T05,Baja,Inspección de Calidad,Cerrada,2022-05-05,5,R18,30862
NC-106038,2022-05-02,P04,T04,Baja,Auditoría Interna,Cerrada,2022-06-07,36,R04,241722
NC-101677,2022-05-03,P08,T02,Media,Auditoría Interna,Cerrada,2022-05-15,12,R09,637549
NC-103836,2022-05-03,P06,T01,Baja,Queja de Cliente,Cerrada,2022-05-13,10,R13,182634
NC-101921,2022-05-05,P04,T01,Baja,Auditoría Externa,Cerrada,2022-05-20,15,R08,118049
NC-105633,2022-05-05,P07,T01,Alta,Auditoría Interna,Cerrada,2022-05-08,3,R23,202487
NC-101295,2022-05-05,P03,T03,Baja,Inspección de Calidad,Cerrada,2022-05-10,5,R18,165076
NC-104009,2022-05-07,P01,T06,Media,Auditoría Externa,Cerrada,2022-05-16,9,R12,58280
NC-105821,2022-05-07,P05,T04,Crítica,Auditoría Externa,En Tratamiento,,,R01,790099
NC-102595,2022-05-08,P01,T03,Alta,Auditoría Externa,Cerrada,2022-05-24,16,R19,394669
NC-103896,2022-05-09,P06,T02,Baja,Auditoría Interna,En Tratamiento,,,R15,117309
NC-100709,2022-05-11,P05,T01,Media,Inspección de Calidad,Cerrada,2022-05-15,4,R04,594079
NC-100707,2022-05-13,P04,T04,Baja,Inspección de Calidad,Cerrada,2022-06-12,30,R15,133712
NC-102765,2022-05-14,P08,T01,Baja,Autocontrol,Cerrada,2022-05-29,15,R16,156393
NC-100084,2022-05-15,P07,T04,Alta,Auditoría Interna,Cerrada,2022-05-24,9,R01,1621119
NC-102678,2022-05-16,P01,T04,Media,Autocontrol,Cerrada,2022-05-28,12,R14,1447898
NC-103865,2022-05-17,P01,T02,Media,Auditoría Externa,Cerrada,2022-05-23,6,R09,417210
NC-103224,2022-05-17,P05,T01,Media,Auditoría Interna,Cerrada,2022-05-29,12,R04,278295
NC-101687,2022-05-17,P04,T05,Crítica,Queja de Cliente,Cerrada,2022-06-02,16,R11,517723
NC-103254,2022-05-17,P04,T01,Media,Auditoría Interna,Cerrada,2022-06-02,16,R12,401607
NC-100032,2022-05-17,P06,T04,Media,Auditoría Interna,Cerrada,2022-05-18,1,R09,538048
NC-103705,2022-05-18,P07,T02,Media,Autocontrol,Cerrada,2022-06-05,18,R14,313804
NC-103964,2022-05-19,P02,T06,Media,Inspección de Calidad,Cerrada,2022-05-30,11,R13,289017
NC-105429,2022-05-19,P07,T06,Media,Auditoría Externa,Cerrada,2022-05-21,2,R18,269853
NC-106140,2022-05-20,P03,T03,Baja,Queja de Cliente,En Tratamiento,,,R04,108868
NC-102569,2022-05-20,P04,T06,Baja,Auditoría Interna,Cerrada,2022-05-28,8,R01,117659
NC-103351,2022-05-21,P06,T05,Baja,Auditoría Interna,En Tratamiento,,,R13,129561
NC-104906,2022-05-21,P02,T04,Media,Autocontrol,Cerrada,2022-05-26,5,R04,157237
NC-102234,2022-05-22,P01,T05,Media,Queja de Cliente,Cerrada,2022-06-02,11,R16,399443
NC-100656,2022-05-22,P07,T06,Media,Auditoría Externa,Cerrada,2022-05-28,6,R02,160358
NC-100655,2022-05-23,P04,T06,Crítica,Auditoría Externa,Cerrada,2022-06-02,10,R22,2271722
NC-102966,2022-05-24,P01,T03,Media,Autocontrol,Cerrada,2022-05-31,7,R04,741999
NC-104454,2022-05-25,P06,T06,Baja,Autocontrol,Cerrada,2022-05-28,3,R17,485077
NC-106063,2022-05-26,P07,T02,Crítica,Autocontrol,Abierta,,,R13,1473074
NC-105552,2022-05-27,P03,T05,Baja,Inspección de Calidad,Cerrada,2022-06-06,10,R04,345512
NC-102407,2022-05-28,P01,T05,Baja,Inspección de Calidad,Cerrada,2022-06-05,8,R18,141949
NC-105914,2022-05-28,P08,T02,Media,Autocontrol,Cerrada,2022-06-06,9,R16,1059407
NC-105684,2022-05-28,P07,T06,Alta,Autocontrol,Cerrada,2022-06-03,6,R21,557696
NC-106176,2022-05-31,P06,T06,Alta,Queja de Cliente,Cerrada,2022-06-11,11,R14,302128
NC-104558,2022-06-01,P07,T02,Alta,Inspección de Calidad,Cerrada,2022-06-13,12,R19,1646728
NC-105170,2022-06-01,P05,T06,Media,Autocontrol,Cerrada,2022-06-11,10,R02,398087
NC-100740,2022-06-02,P08,T02,Alta,Queja de Cliente,Cerrada,2022-06-07,5,R16,745905
NC-105405,2022-06-02,P01,T05,Media,Queja de Cliente,Cerrada,2022-06-12,10,R11,271446
NC-100534,2022-06-03,P01,T01,Alta,Inspección de Calidad,Cerrada,2022-06-17,14,R02,1670706
NC-104918,2022-06-04,P07,T02,Media,Autocontrol,En Tratamiento,,,R18,563929
NC-103757,2022-06-04,P05,T01,Alta,Queja de Cliente,En Tratamiento,,,R15,461638
NC-101441,2022-06-05,P02,T01,Crítica,Autocontrol,Cerrada,2022-06-09,4,R21,685250
NC-103129,2022-06-07,P02,T01,Baja,Auditoría Interna,Cerrada,2022-06-13,6,R01,235074
NC-106129,2022-06-08,P05,T03,Media,Autocontrol,Cerrada,2022-06-20,12,R12,527020
NC-104631,2022-06-09,P03,T05,Baja,Autocontrol,Cerrada,2022-07-06,27,R21,164850
NC-105307,2022-06-12,P08,T05,Alta,Inspección de Calidad,Cerrada,2022-06-23,11,R22,532887
NC-101938,2022-06-13,P06,T04,Baja,Auditoría Interna,Cerrada,2022-06-15,2,R02,744234
NC-103977,2022-06-13,P06,T04,Alta,Inspección de Calidad,Cerrada,2022-06-17,4,R20,697727
NC-101584,2022-06-13,P07,T01,Baja,Inspección de Calidad,Cerrada,2022-06-22,9,R18,512341
NC-102880,2022-06-14,P01,T02,Crítica,Queja de Cliente,Cerrada,2022-06-15,1,R12,177112
NC-104301,2022-06-15,P02,T01,Alta,Auditoría Externa,Cerrada,2022-07-10,25,R21,957533
NC-100863,2022-06-15,P07,T01,Media,Autocontrol,Cerrada,2022-06-28,13,R23,278309
NC-101538,2022-06-16,P08,T02,Crítica,Autocontrol,Cerrada,2022-06-20,4,R22,385307
NC-100063,2022-06-16,P05,T03,Baja,Inspección de Calidad,Cerrada,2022-07-01,15,R11,72808
NC-101814,2022-06-16,P08,T06,Alta,Inspección de Calidad,En Tratamiento,,,R14,485335
NC-105362,2022-06-16,P04,T06,Media,Queja de Cliente,Cerrada,2022-07-07,21,R22,964615
NC-104724,2022-06-17,P07,T04,Media,Inspección de Calidad,Cerrada,2022-06-24,7,R13,154264
NC-102644,2022-06-17,P01,T04,Media,Auditoría Interna,Cerrada,2022-07-06,19,R07,99972
NC-101548,2022-06-18,P07,T03,Media,Inspección de Calidad,Cerrada,2022-06-24,6,R20,521959
NC-104078,2022-06-18,P07,T05,Media,Inspección de Calidad,Cerrada,2022-07-08,20,R20,154580
NC-104394,2022-06-18,P03,T04,Alta,Inspección de Calidad,Cerrada,2022-07-21,33,R01,575554
NC-104371,2022-06-19,P05,T05,Baja,Auditoría Interna,Cerrada,2022-07-06,17,R17,126418
NC-105749,2022-06-19,P05,T05,Alta,Autocontrol,Cerrada,2022-06-26,7,R16,1220364
NC-100602,2022-06-19,P03,T05,Alta,Autocontrol,Cerrada,2022-06-29,10,R17,209202
NC-102655,2022-06-19,P08,T03,Media,Autocontrol,Cerrada,2022-06-24,5,R13,212775
NC-102239,2022-06-20,P06,T06,Alta,Inspección de Calidad,Cerrada,2022-06-22,2,R14,861903
NC-105430,2022-06-21,P04,T03,Media,Autocontrol,Cerrada,2022-06-28,7,R04,30038
NC-105848,2022-06-21,P01,T04,Baja,Queja de Cliente,En Tratamiento,,,R07,281813
NC-101242,2022-06-21,P01,T05,Alta,Queja de Cliente,Cerrada,2022-06-27,6,R16,307286
NC-103037,2022-06-21,P06,T01,Baja,Inspección de Calidad,Cerrada,2022-07-10,19,R12,241308
NC-103055,2022-06-22,P01,T01,Crítica,Auditoría Interna,Cerrada,2022-07-02,10,R02,650229
NC-105249,2022-06-23,P07,T06,Alta,Auditoría Externa,Cerrada,2022-06-26,3,R02,562498
NC-105891,2022-06-24,P07,T01,Alta,Queja de Cliente,Cerrada,2022-07-06,12,R21,602273
NC-104034,2022-06-24,P01,T06,Media,Autocontrol,Cerrada,2022-07-12,18,R23,641065
NC-101005,2022-06-24,P02,T05,Alta,Autocontrol,En Tratamiento,,,R19,1224416
NC-102615,2022-06-24,P06,T01,Alta,Autocontrol,Cerrada,2022-07-13,19,R23,1029699
NC-101632,2022-06-24,P02,T02,Media,Auditoría Externa,Cerrada,2022-06-29,5,R21,524717
NC-101752,2022-06-24,P04,T05,Media,Auditoría Interna,Cerrada,2022-07-01,7,R18,573743
NC-104406,2022-06-25,P02,T03,Crítica,Auditoría Interna,Cerrada,2022-07-03,8,R23,1121742
NC-101331,2022-06-26,P06,T05,Media,Autocontrol,Cerrada,2022-07-01,5,R16,919439
NC-100460,2022-06-27,P08,T05,Baja,Queja de Cliente,Cerrada,2022-07-22,25,R16,384725
NC-104292,2022-06-27,P07,T05,Alta,Auditoría Externa,Cerrada,2022-06-30,3,R01,358816
NC-100021,2022-06-27,P01,T01,Media,Auditoría Externa,Cerrada,2022-07-10,13,R14,729080
NC-103375,2022-06-29,P01,T06,Alta,Inspección de Calidad,En Tratamiento,,,R17,370634
NC-105612,2022-06-29,P02,T06,Baja,Auditoría Interna,Cerrada,2022-07-13,14,R13,127078
NC-102903,2022-06-30,P06,T05,Media,Inspección de Calidad,Cerrada,2022-07-14,14,R17,653748
NC-101370,2022-06-30,P04,T04,Alta,Queja de Cliente,Cerrada,2022-07-14,14,R04,309518
NC-105757,2022-07-01,P05,T05,Baja,Auditoría Externa,Cerrada,2022-07-22,21,R01,185318
NC-100509,2022-07-01,P05,T05,Baja,Autocontrol,Cerrada,2022-07-11,10,R07,24031
NC-104549,2022-07-01,P07,T06,Baja,Queja de Cliente,Cerrada,2022-07-07,6,R18,28194
NC-104699,2022-07-02,P04,T02,Alta,Auditoría Interna,Cerrada,2022-07-04,2,R18,229100
NC-102095,2022-07-02,P08,T06,Baja,Autocontrol,Cerrada,2022-07-09,7,R17,374352
NC-101551,2022-07-03,P02,T01,Alta,Queja de Cliente,Cerrada,2022-07-24,21,R16,1259181
NC-104309,2022-07-04,P01,T01,Baja,Inspección de Calidad,Cerrada,2022-07-10,6,R18,122451
NC-102218,2022-07-05,P06,T05,Baja,Auditoría Externa,Cerrada,2022-07-15,10,R17,102669
NC-100356,2022-07-05,P02,T05,Alta,Queja de Cliente,Cerrada,2022-07-14,9,R11,301710
NC-100685,2022-07-08,P02,T05,Crítica,Inspección de Calidad,Abierta,,,R17,2916890
NC-100951,2022-07-08,P04,T03,Crítica,Auditoría Interna,Cerrada,2022-07-12,4,R09,187637
NC-103422,2022-07-08,P02,T03,Baja,Auditoría Externa,Cerrada,2022-07-22,14,R11,54550
NC-100911,2022-07-09,P02,T04,Baja,Inspección de Calidad,Cerrada,2022-07-16,7,R16,267097
NC-104793,2022-07-10,P08,T01,Media,Autocontrol,Cerrada,2022-07-24,14,R09,338324
NC-100051,2022-07-11,P07,T03,Alta,Queja de Cliente,Cerrada,2022-07-24,13,R01,1182491
NC-100390,2022-07-13,P02,T03,Crítica,Auditoría Interna,Cerrada,2022-07-28,15,R12,350142
NC-106188,2022-07-14,P01,T05,Alta,Autocontrol,Cerrada,2022-07-22,8,R04,400820
NC-105365,2022-07-14,P05,T02,Baja,Auditoría Externa,Cerrada,2022-08-12,29,R15,66939
NC-101487,2022-07-14,P07,T05,Media,Inspección de Calidad,Cerrada,2022-07-24,10,R15,386798
NC-104167,2022-07-15,P03,T05,Baja,Inspección de Calidad,Cerrada,2022-07-24,9,R18,140556
NC-104744,2022-07-16,P03,T05,Media,Auditoría Externa,Cerrada,2022-07-20,4,R18,391074
NC-104384,2022-07-18,P01,T02,Alta,Inspección de Calidad,Cerrada,2022-07-25,7,R14,919277
NC-103873,2022-07-18,P01,T02,Media,Auditoría Interna,Cerrada,2022-08-04,17,R09,494878
NC-105235,2022-07-19,P01,T01,Baja,Auditoría Interna,Cerrada,2022-07-25,6,R19,327988
NC-100928,2022-07-19,P01,T02,Baja,Auditoría Externa,Cerrada,2022-08-01,13,R21,186862
NC-105766,2022-07-21,P04,T04,Crítica,Auditoría Interna,Cerrada,2022-08-04,14,R22,1114033
NC-101315,2022-07-21,P07,T06,Crítica,Autocontrol,Cerrada,2022-07-30,9,R23,842116
NC-103944,2022-07-21,P02,T03,Media,Inspección de Calidad,Cerrada,2022-08-15,25,R09,369316
NC-102184,2022-07-21,P03,T06,Alta,Inspección de Calidad,Cerrada,2022-08-01,11,R20,403405
NC-104904,2022-07-22,P06,T01,Baja,Auditoría Interna,Cerrada,2022-07-29,7,R01,189273
NC-101038,2022-07-22,P06,T01,Baja,Inspección de Calidad,Cerrada,2022-08-05,14,R16,167040
NC-102048,2022-07-23,P04,T01,Media,Autocontrol,Cerrada,2022-08-08,16,R13,121996
NC-104983,2022-07-23,P07,T03,Alta,Queja de Cliente,Cerrada,2022-07-31,8,R02,296661
NC-104517,2022-07-23,P08,T06,Baja,Inspección de Calidad,Cerrada,2022-07-25,2,R14,205211
NC-100168,2022-07-25,P01,T05,Media,Queja de Cliente,Cerrada,2022-07-30,5,R21,666231
NC-102715,2022-07-25,P03,T05,Media,Autocontrol,En Tratamiento,,,R13,187140
NC-105744,2022-07-26,P08,T03,Baja,Inspección de Calidad,Cerrada,2022-08-05,10,R15,105789
NC-103339,2022-07-27,P01,T05,Alta,Auditoría Interna,Cerrada,2022-08-03,7,R08,705923
NC-100444,2022-07-28,P04,T02,Baja,Queja de Cliente,Cerrada,2022-08-04,7,R02,292900
NC-101256,2022-07-29,P02,T05,Alta,Auditoría Externa,Cerrada,2022-08-04,6,R04,77100
NC-100657,2022-07-29,P07,T06,Crítica,Inspección de Calidad,Cerrada,2022-08-10,12,R13,1705065
NC-105718,2022-07-29,P08,T01,Baja,Inspección de Calidad,Cerrada,2022-08-05,7,R23,83226
NC-104126,2022-07-31,P03,T03,Baja,Queja de Cliente,Cerrada,2022-08-08,8,R13,28151
NC-102632,2022-07-31,P04,T06,Media,Auditoría Interna,Cerrada,2022-08-02,2,R11,711942
NC-104051,2022-07-31,P02,T06,Baja,Auditoría Externa,Cerrada,2022-08-06,6,R01,400523
NC-102939,2022-07-31,P08,T02,Media,Auditoría Externa,Cerrada,2022-08-12,12,R05,180662
NC-100502,2022-08-01,P02,T06,Baja,Auditoría Externa,Cerrada,2022-08-14,13,R05,104767
NC-103445,2022-08-02,P05,T04,Crítica,Auditoría Interna,Cerrada,2022-08-21,19,R16,727296
NC-101542,2022-08-04,P06,T01,Baja,Inspección de Calidad,Abierta,,,R15,141666
NC-103022,2022-08-04,P03,T04,Baja,Inspección de Calidad,Cerrada,2022-09-02,29,R12,329799
NC-103800,2022-08-06,P05,T04,Baja,Auditoría Externa,Cerrada,2022-08-12,6,R04,190146
NC-101053,2022-08-06,P02,T05,Alta,Autocontrol,Cerrada,2022-08-10,4,R22,1552067
NC-100048,2022-08-09,P01,T02,Media,Auditoría Interna,Cerrada,2022-08-19,10,R13,345707
NC-102630,2022-08-12,P08,T03,Alta,Autocontrol,Cerrada,2022-08-28,16,R20,724203
NC-102526,2022-08-13,P05,T06,Baja,Auditoría Interna,Cerrada,2022-08-24,11,R18,169977
NC-100789,2022-08-13,P05,T06,Baja,Auditoría Externa,Cerrada,2022-08-21,8,R19,166031
NC-100759,2022-08-13,P03,T05,Alta,Inspección de Calidad,Cerrada,2022-08-17,4,R07,1246732
NC-103066,2022-08-14,P08,T02,Baja,Auditoría Externa,Cerrada,2022-08-27,13,R18,164436
NC-103170,2022-08-14,P01,T01,Crítica,Autocontrol,Cerrada,2022-08-18,4,R20,671610
NC-106099,2022-08-14,P01,T05,Baja,Auditoría Interna,Cerrada,2022-08-25,11,R07,233261
NC-105997,2022-08-14,P08,T01,Baja,Auditoría Interna,Cerrada,2022-08-18,4,R16,297156
NC-104007,2022-08-14,P03,T03,Baja,Auditoría Externa,Cerrada,2022-08-22,8,R12,218340
NC-101104,2022-08-15,P04,T05,Media,Autocontrol,Cerrada,2022-08-21,6,R15,267908
NC-103036,2022-08-15,P01,T04,Alta,Auditoría Interna,Cerrada,2022-08-28,13,R14,651693
NC-101100,2022-08-16,P01,T06,Crítica,Inspección de Calidad,Cerrada,2022-08-24,8,R04,3243751
NC-104903,2022-08-17,P08,T03,Media,Auditoría Externa,Abierta,,,R02,156565
NC-101759,2022-08-17,P06,T04,Baja,Autocontrol,Cerrada,2022-08-23,6,R16,227390
NC-103737,2022-08-18,P03,T01,Crítica,Inspección de Calidad,Abierta,,,R12,746588
NC-100546,2022-08-19,P06,T01,Alta,Auditoría Externa,Cerrada,2022-08-31,12,R11,83608
NC-104789,2022-08-19,P08,T01,Media,Autocontrol,Cerrada,2022-08-28,9,R22,379151
NC-101656,2022-08-21,P08,T02,Alta,Inspección de Calidad,Cerrada,2022-08-27,6,R22,660872
NC-101059,2022-08-21,P02,T03,Alta,Queja de Cliente,Cerrada,2022-08-30,9,R17,332110
NC-101862,2022-08-22,P07,T03,Media,Inspección de Calidad,Cerrada,2022-09-02,11,R21,343365
NC-100720,2022-08-23,P01,T06,Baja,Queja de Cliente,Cerrada,2022-09-06,14,R23,99394
NC-105677,2022-08-23,P07,T05,Media,Inspección de Calidad,Cerrada,2022-08-27,4,R11,549866
NC-101799,2022-08-23,P06,T06,Media,Queja de Cliente,En Tratamiento,,,R18,250318
NC-101610,2022-08-24,P06,T01,Crítica,Auditoría Externa,Cerrada,2022-09-02,9,R19,698947
NC-105139,2022-08-24,P05,T02,Media,Auditoría Interna,En Tratamiento,,,R13,480414
NC-103767,2022-08-24,P06,T03,Media,Autocontrol,Cerrada,2022-09-10,17,R05,1950351
NC-103630,2022-08-25,P05,T06,Media,Inspección de Calidad,Cerrada,2022-09-04,10,R19,485197
NC-105095,2022-08-28,P08,T01,Crítica,Inspección de Calidad,En Tratamiento,,,R08,1618630
NC-102415,2022-08-28,P06,T03,Alta,Auditoría Interna,Abierta,,,R20,414234
NC-105707,2022-08-28,P02,T01,Media,Auditoría Interna,Cerrada,2022-09-06,9,R18,139465
NC-101519,2022-08-28,P05,T03,Media,Auditoría Interna,Cerrada,2022-09-09,12,R14,540351
NC-103834,2022-08-29,P06,T01,Baja,Auditoría Interna,Cerrada,2022-09-10,12,R15,132683
NC-105411,2022-08-30,P04,T02,Crítica,Inspección de Calidad,Cerrada,2022-09-06,7,R17,615830
NC-100955,2022-08-30,P07,T04,Media,Queja de Cliente,Cerrada,2022-09-12,13,R18,116138
NC-105161,2022-08-30,P03,T03,Alta,Autocontrol,Cerrada,2022-09-28,29,R17,384548
NC-105412,2022-08-30,P05,T03,Alta,Auditoría Externa,Cerrada,2022-09-10,11,R08,1396137
NC-102956,2022-08-31,P08,T05,Media,Auditoría Externa,Cerrada,2022-09-21,21,R20,298565
NC-101173,2022-09-01,P07,T02,Crítica,Queja de Cliente,Abierta,,,R20,2538760
NC-105383,2022-09-01,P02,T05,Alta,Inspección de Calidad,Cerrada,2022-09-16,15,R17,593614
NC-103837,2022-09-02,P07,T03,Baja,Queja de Cliente,Cerrada,2022-09-14,12,R14,107666
NC-105120,2022-09-02,P08,T05,Baja,Queja de Cliente,Cerrada,2022-09-11,9,R04,64101
NC-104669,2022-09-02,P07,T01,Baja,Auditoría Externa,En Tratamiento,,,R01,279833
NC-101517,2022-09-03,P01,T06,Media,Auditoría Externa,Cerrada,2022-09-12,9,R19,520240
NC-104474,2022-09-04,P02,T03,Alta,Autocontrol,Cerrada,2022-09-10,6,R02,244737
NC-103628,2022-09-04,P04,T01,Alta,Autocontrol,Cerrada,2022-09-15,11,R22,439336
NC-100484,2022-09-04,P08,T06,Crítica,Queja de Cliente,Cerrada,2022-09-25,21,R12,1305641
NC-102104,2022-09-05,P01,T01,Alta,Queja de Cliente,Cerrada,2022-09-26,21,R11,731632
NC-102242,2022-09-06,P03,T06,Media,Auditoría Interna,Cerrada,2022-09-16,10,R07,759209
NC-105993,2022-09-06,P07,T01,Baja,Autocontrol,Cerrada,2022-09-13,7,R09,225975
NC-105625,2022-09-07,P06,T03,Crítica,Autocontrol,Cerrada,2022-09-11,4,R18,621430
NC-100455,2022-09-09,P08,T02,Baja,Auditoría Interna,Cerrada,2022-09-18,9,R22,143358
NC-103015,2022-09-09,P03,T02,Media,Queja de Cliente,En Tratamiento,,,R19,799076
NC-104845,2022-09-09,P02,T02,Alta,Queja de Cliente,En Tratamiento,,,R01,722447
NC-103615,2022-09-10,P03,T05,Media,Auditoría Interna,Cerrada,2022-09-18,8,R23,522874
NC-102055,2022-09-11,P06,T04,Media,Auditoría Interna,Cerrada,2022-09-17,6,R14,355572
NC-101707,2022-09-11,P02,T04,Baja,Queja de Cliente,Abierta,,,R09,58698
NC-103797,2022-09-11,P02,T06,Alta,Inspección de Calidad,Cerrada,2022-09-20,9,R23,926677
NC-102538,2022-09-12,P07,T02,Alta,Autocontrol,Abierta,,,R22,627505
NC-100948,2022-09-12,P03,T03,Baja,Auditoría Interna,En Tratamiento,,,R19,157542
NC-102891,2022-09-13,P04,T06,Media,Inspección de Calidad,Cerrada,2022-09-23,10,R17,230145
NC-100430,2022-09-17,P06,T05,Alta,Inspección de Calidad,Cerrada,2022-10-17,30,R20,2870346
NC-101712,2022-09-19,P04,T02,Media,Auditoría Externa,En Tratamiento,,,R05,106916
NC-104172,2022-09-19,P07,T06,Media,Autocontrol,Abierta,,,R14,1479111
NC-102851,2022-09-19,P02,T03,Media,Autocontrol,Cerrada,2022-10-14,25,R15,285948
NC-105137,2022-09-20,P03,T01,Baja,Inspección de Calidad,Cerrada,2022-09-25,5,R09,84718
NC-106161,2022-09-21,P04,T02,Media,Auditoría Externa,En Tratamiento,,,R05,956306
NC-102886,2022-09-22,P01,T01,Baja,Auditoría Interna,En Tratamiento,,,R02,281238
NC-100379,2022-09-23,P08,T01,Media,Auditoría Externa,Cerrada,2022-10-15,22,R09,692795
NC-101142,2022-09-23,P08,T06,Baja,Auditoría Externa,Cerrada,2022-10-14,21,R04,57781
NC-101890,2022-09-25,P02,T02,Baja,Autocontrol,Cerrada,2022-09-27,2,R23,405449
NC-104779,2022-09-26,P01,T03,Media,Auditoría Externa,Cerrada,2022-10-06,10,R23,241200
NC-102781,2022-09-27,P08,T03,Baja,Queja de Cliente,En Tratamiento,,,R07,330299
NC-101503,2022-09-27,P04,T04,Media,Autocontrol,Cerrada,2022-10-17,20,R04,318107
NC-105163,2022-09-28,P07,T05,Crítica,Autocontrol,Cerrada,2022-10-10,12,R05,747474
NC-104317,2022-09-29,P03,T05,Baja,Auditoría Externa,Cerrada,2022-10-05,6,R21,290801
NC-102004,2022-09-30,P02,T03,Media,Auditoría Externa,Cerrada,2022-10-15,15,R14,230301
NC-101065,2022-09-30,P07,T01,Baja,Auditoría Externa,Cerrada,2022-10-08,8,R12,183923
NC-102019,2022-10-02,P01,T05,Media,Auditoría Externa,Cerrada,2022-10-10,8,R02,322046
NC-102679,2022-10-02,P07,T05,Baja,Autocontrol,Cerrada,2022-10-14,12,R17,332292
NC-100637,2022-10-02,P05,T01,Alta,Auditoría Externa,En Tratamiento,,,R01,208414
NC-103397,2022-10-02,P04,T02,Media,Auditoría Externa,Cerrada,2022-10-07,5,R11,1104436
NC-100339,2022-10-03,P01,T04,Media,Auditoría Interna,Cerrada,2022-10-06,3,R14,207333
NC-105149,2022-10-03,P06,T06,Media,Autocontrol,Cerrada,2022-10-25,22,R05,610828
NC-105653,2022-10-03,P03,T04,Baja,Queja de Cliente,Cerrada,2022-10-11,8,R02,242289
NC-103071,2022-10-03,P01,T01,Baja,Autocontrol,Cerrada,2022-10-19,16,R17,202866
NC-100122,2022-10-05,P05,T06,Baja,Autocontrol,Cerrada,2022-10-13,8,R21,131043
NC-104255,2022-10-06,P07,T02,Media,Auditoría Interna,Cerrada,2022-10-13,7,R08,280982
NC-104189,2022-10-07,P05,T03,Alta,Autocontrol,Cerrada,2022-10-13,6,R08,890672
NC-106079,2022-10-07,P03,T06,Alta,Auditoría Externa,En Tratamiento,,,R18,851149
NC-102937,2022-10-08,P08,T06,Media,Auditoría Externa,Cerrada,2022-10-17,9,R20,462415
NC-100712,2022-10-08,P06,T04,Media,Inspección de Calidad,En Tratamiento,,,R11,1007218
NC-100092,2022-10-08,P08,T03,Media,Auditoría Interna,Cerrada,2022-10-17,9,R12,323154
NC-101813,2022-10-09,P06,T02,Alta,Autocontrol,Cerrada,2022-10-22,13,R19,985952
NC-104926,2022-10-10,P08,T01,Media,Auditoría Externa,Cerrada,2022-10-23,13,R14,230121
NC-102163,2022-10-10,P02,T03,Media,Autocontrol,Cerrada,2022-10-23,13,R12,1000777
NC-105062,2022-10-11,P05,T02,Media,Inspección de Calidad,Cerrada,2022-10-23,12,R02,353952
NC-105591,2022-10-12,P05,T06,Baja,Auditoría Interna,Cerrada,2022-10-20,8,R02,382595
NC-103148,2022-10-12,P03,T01,Baja,Auditoría Interna,En Tratamiento,,,R18,185997
NC-103624,2022-10-12,P06,T01,Media,Auditoría Interna,Cerrada,2022-10-30,18,R01,516424
NC-100505,2022-10-13,P07,T01,Baja,Auditoría Interna,Cerrada,2022-10-22,9,R05,143011
NC-103175,2022-10-13,P01,T01,Alta,Auditoría Interna,Cerrada,2022-10-19,6,R19,114344
NC-106016,2022-10-16,P05,T04,Alta,Auditoría Interna,Cerrada,2022-10-20,4,R09,282312
NC-104836,2022-10-17,P08,T05,Alta,Auditoría Externa,Cerrada,2022-10-20,3,R13,583195
NC-101112,2022-10-18,P08,T02,Baja,Queja de Cliente,Cerrada,2022-10-27,9,R05,34314
NC-103090,2022-10-18,P01,T06,Alta,Inspección de Calidad,Cerrada,2022-10-31,13,R13,642762
NC-102126,2022-10-23,P08,T02,Alta,Auditoría Interna,Cerrada,2022-10-30,7,R13,1163536
NC-102089,2022-10-23,P01,T02,Baja,Auditoría Externa,Cerrada,2022-10-26,3,R19,442867
NC-103472,2022-10-24,P02,T04,Crítica,Autocontrol,Cerrada,2022-10-26,2,R09,1311317
NC-100516,2022-10-25,P04,T03,Baja,Auditoría Interna,Cerrada,2022-11-11,17,R13,247583
NC-102497,2022-10-25,P06,T05,Media,Inspección de Calidad,En Tratamiento,,,R17,375259
NC-103151,2022-10-25,P07,T04,Alta,Autocontrol,Cerrada,2022-11-13,19,R09,1212714
NC-103126,2022-10-27,P02,T03,Crítica,Autocontrol,Cerrada,2022-11-16,20,R09,176048
NC-104082,2022-10-27,P02,T04,Baja,Auditoría Externa,Cerrada,2022-11-11,15,R07,171137
NC-102643,2022-10-28,P06,T02,Baja,Inspección de Calidad,Cerrada,2022-11-09,12,R14,350722
NC-103551,2022-10-28,P04,T06,Alta,Autocontrol,Cerrada,2022-11-22,25,R22,177743
NC-104361,2022-10-28,P08,T05,Crítica,Auditoría Interna,Cerrada,2022-11-05,8,R17,1263784
NC-100522,2022-10-29,P02,T04,Baja,Inspección de Calidad,Cerrada,2022-11-19,21,R18,28574
NC-104391,2022-10-31,P03,T02,Crítica,Queja de Cliente,En Tratamiento,,,R04,416854
NC-102574,2022-10-31,P06,T04,Alta,Autocontrol,Cerrada,2022-11-22,22,R11,1144002
NC-105280,2022-10-31,P04,T01,Alta,Queja de Cliente,Cerrada,2022-11-05,5,R09,625446
NC-100947,2022-11-01,P04,T06,Media,Inspección de Calidad,Cerrada,2022-11-13,12,R11,215563
NC-102123,2022-11-01,P06,T01,Baja,Auditoría Interna,Cerrada,2022-11-15,14,R07,18470
NC-101237,2022-11-03,P08,T03,Media,Auditoría Interna,Abierta,,,R21,311504
NC-101003,2022-11-03,P04,T06,Alta,Inspección de Calidad,Abierta,,,R08,764424
NC-100731,2022-11-03,P08,T06,Baja,Queja de Cliente,Cerrada,2022-11-17,14,R17,50118
NC-105541,2022-11-03,P06,T01,Alta,Auditoría Interna,Cerrada,2022-11-27,24,R12,621616
NC-104827,2022-11-04,P07,T03,Media,Queja de Cliente,Cerrada,2022-12-02,28,R18,287761
NC-103123,2022-11-05,P08,T01,Crítica,Auditoría Interna,Cerrada,2022-11-13,8,R04,2142169
NC-100666,2022-11-06,P01,T03,Media,Auditoría Externa,En Tratamiento,,,R05,322782
NC-102579,2022-11-06,P03,T02,Baja,Auditoría Interna,Cerrada,2022-11-10,4,R19,195572
NC-104784,2022-11-07,P05,T01,Baja,Queja de Cliente,Cerrada,2022-11-25,18,R05,108096
NC-104437,2022-11-07,P06,T02,Baja,Auditoría Interna,Cerrada,2022-11-09,2,R18,280193
NC-103282,2022-11-07,P01,T04,Alta,Autocontrol,Cerrada,2022-11-14,7,R13,273483
NC-105560,2022-11-10,P02,T02,Media,Auditoría Interna,Cerrada,2022-11-12,2,R09,395380
NC-100033,2022-11-10,P06,T02,Media,Inspección de Calidad,Cerrada,2022-11-25,15,R21,173282
NC-104970,2022-11-11,P01,T02,Alta,Auditoría Interna,En Tratamiento,,,R04,642836
NC-104803,2022-11-12,P02,T03,Alta,Autocontrol,Cerrada,2022-11-20,8,R22,1258724
NC-103848,2022-11-12,P02,T01,Alta,Autocontrol,Cerrada,2022-11-28,16,R02,377589
NC-104171,2022-11-12,P07,T01,Media,Auditoría Interna,Cerrada,2022-11-23,11,R05,517658
NC-101200,2022-11-12,P04,T04,Baja,Auditoría Externa,Cerrada,2022-11-15,3,R05,62816
NC-104496,2022-11-13,P02,T01,Alta,Queja de Cliente,En Tratamiento,,,R16,540993
NC-100549,2022-11-13,P05,T02,Alta,Auditoría Externa,Cerrada,2022-11-19,6,R15,784238
NC-105836,2022-11-14,P05,T02,Crítica,Queja de Cliente,Cerrada,2022-12-01,17,R02,2024631
NC-105604,2022-11-16,P02,T02,Alta,Auditoría Externa,Cerrada,2022-11-22,6,R13,1415434
NC-104381,2022-11-17,P05,T06,Media,Auditoría Externa,Abierta,,,R02,280390
NC-100528,2022-11-17,P06,T06,Baja,Auditoría Externa,Cerrada,2022-11-20,3,R16,25720
NC-105293,2022-11-17,P03,T05,Baja,Auditoría Externa,Cerrada,2022-11-27,10,R08,150935
NC-105702,2022-11-18,P07,T06,Baja,Autocontrol,En Tratamiento,,,R05,73281
NC-100878,2022-11-18,P08,T04,Alta,Inspección de Calidad,Cerrada,2022-12-05,17,R19,1192507
NC-104447,2022-11-19,P07,T02,Baja,Auditoría Interna,Cerrada,2022-11-25,6,R07,107791
NC-103521,2022-11-20,P05,T04,Media,Auditoría Externa,Cerrada,2022-11-30,10,R19,852239
NC-103856,2022-11-20,P01,T01,Media,Inspección de Calidad,Cerrada,2022-11-29,9,R20,531720
NC-103284,2022-11-21,P02,T06,Alta,Autocontrol,Cerrada,2022-12-09,18,R04,1743282
NC-100437,2022-11-22,P08,T06,Media,Inspección de Calidad,Cerrada,2022-12-04,12,R13,303822
NC-105988,2022-11-22,P05,T05,Alta,Auditoría Interna,Cerrada,2022-12-11,19,R19,1087031
NC-103619,2022-11-22,P01,T06,Media,Autocontrol,Cerrada,2022-11-25,3,R09,681789
NC-100213,2022-11-23,P02,T05,Baja,Queja de Cliente,Cerrada,2022-12-01,8,R21,321072
NC-102422,2022-11-23,P08,T02,Crítica,Auditoría Interna,Cerrada,2023-01-01,39,R18,1462943
NC-105439,2022-11-23,P05,T06,Alta,Auditoría Interna,Abierta,,,R21,777422
NC-103901,2022-11-24,P04,T06,Baja,Auditoría Interna,Cerrada,2022-11-30,6,R07,141036
NC-105357,2022-11-25,P01,T05,Alta,Auditoría Externa,Cerrada,2022-12-05,10,R01,479557
NC-103773,2022-11-29,P01,T04,Media,Auditoría Interna,Cerrada,2022-12-07,8,R17,1094705
NC-100370,2022-11-30,P03,T05,Alta,Queja de Cliente,Cerrada,2022-12-18,18,R07,294474
NC-103702,2022-12-01,P04,T02,Media,Inspección de Calidad,En Tratamiento,,,R18,74776
NC-105623,2022-12-01,P02,T06,Baja,Autocontrol,Cerrada,2022-12-09,8,R05,163426
NC-102629,2022-12-01,P03,T05,Alta,Queja de Cliente,Cerrada,2022-12-04,3,R19,627326
NC-101280,2022-12-02,P02,T02,Media,Autocontrol,Cerrada,2022-12-10,8,R11,1391718
NC-101748,2022-12-02,P07,T04,Media,Auditoría Interna,Cerrada,2022-12-20,18,R11,538777
NC-100349,2022-12-02,P01,T03,Media,Queja de Cliente,Cerrada,2022-12-08,6,R04,97494
NC-100554,2022-12-03,P05,T04,Media,Inspección de Calidad,Cerrada,2022-12-07,4,R08,61698
NC-100487,2022-12-04,P08,T04,Alta,Inspección de Calidad,Cerrada,2022-12-06,2,R04,422609
NC-103218,2022-12-04,P06,T05,Media,Auditoría Externa,Cerrada,2022-12-14,10,R17,404354
NC-105094,2022-12-04,P01,T04,Baja,Autocontrol,Abierta,,,R09,27476
NC-103239,2022-12-05,P06,T04,Alta,Autocontrol,Cerrada,2022-12-14,9,R02,263309
NC-104228,2022-12-05,P03,T05,Media,Auditoría Externa,Cerrada,2022-12-19,14,R14,437730
NC-100998,2022-12-06,P05,T06,Media,Inspección de Calidad,Cerrada,2022-12-15,9,R16,295860
NC-101808,2022-12-07,P06,T01,Baja,Inspección de Calidad,Cerrada,2022-12-22,15,R02,9749
NC-103101,2022-12-07,P08,T05,Baja,Inspección de Calidad,Cerrada,2022-12-16,9,R14,220240
NC-103591,2022-12-07,P04,T03,Alta,Autocontrol,Cerrada,2022-12-18,11,R01,630487
NC-103490,2022-12-09,P02,T02,Baja,Auditoría Externa,Cerrada,2022-12-17,8,R11,83475
NC-102844,2022-12-11,P07,T01,Media,Auditoría Externa,Cerrada,2022-12-15,4,R07,135002
NC-104858,2022-12-12,P06,T04,Crítica,Queja de Cliente,Cerrada,2022-12-28,16,R05,651067
NC-106141,2022-12-14,P05,T04,Baja,Queja de Cliente,Cerrada,2022-12-18,4,R08,217440
NC-103006,2022-12-15,P04,T05,Media,Auditoría Interna,Cerrada,2022-12-24,9,R16,558399
NC-102936,2022-12-15,P03,T05,Alta,Autocontrol,Cerrada,2023-01-07,23,R04,1950857
NC-101140,2022-12-16,P03,T06,Baja,Queja de Cliente,Cerrada,2022-12-29,13,R14,265582
NC-105318,2022-12-16,P06,T06,Crítica,Auditoría Interna,En Tratamiento,,,R17,438502
NC-100545,2022-12-16,P08,T04,Alta,Auditoría Externa,Cerrada,2023-01-07,22,R07,749337
NC-103535,2022-12-16,P02,T03,Crítica,Autocontrol,En Tratamiento,,,R17,1989433
NC-106090,2022-12-17,P04,T05,Baja,Autocontrol,Cerrada,2023-01-02,16,R07,62264
NC-100929,2022-12-18,P03,T01,Baja,Inspección de Calidad,Abierta,,,R13,98489
NC-104424,2022-12-18,P03,T04,Baja,Autocontrol,En Tratamiento,,,R14,46382
NC-101848,2022-12-19,P06,T02,Crítica,Inspección de Calidad,Cerrada,2023-01-11,23,R22,1775806
NC-105359,2022-12-19,P02,T05,Baja,Autocontrol,En Tratamiento,,,R22,213495
NC-104663,2022-12-20,P01,T06,Baja,Autocontrol,Cerrada,2022-12-28,8,R16,297347
NC-100783,2022-12-23,P05,T02,Baja,Auditoría Externa,Abierta,,,R07,460083
NC-105471,2022-12-25,P07,T06,Media,Auditoría Externa,Cerrada,2023-01-01,7,R15,286289
NC-101172,2022-12-25,P05,T04,Baja,Inspección de Calidad,Cerrada,2022-12-28,3,R09,325758
NC-102459,2022-12-26,P04,T01,Media,Queja de Cliente,Cerrada,2023-01-04,9,R15,469602
NC-100519,2022-12-26,P01,T01,Crítica,Queja de Cliente,Cerrada,2023-01-09,14,R18,3352093
NC-104213,2022-12-27,P07,T06,Crítica,Auditoría Interna,Cerrada,2023-01-11,15,R13,243052
NC-105783,2022-12-27,P08,T05,Alta,Queja de Cliente,Cerrada,2023-01-06,10,R20,192705
NC-103073,2022-12-27,P04,T01,Baja,Auditoría Interna,Cerrada,2023-01-12,16,R12,56881
NC-105545,2022-12-28,P02,T04,Media,Inspección de Calidad,Cerrada,2023-01-22,25,R05,134853
NC-103363,2022-12-28,P07,T02,Baja,Autocontrol,Cerrada,2023-01-02,5,R07,90005
NC-101559,2023-01-01,P06,T01,Alta,Queja de Cliente,Cerrada,2023-01-03,2,R20,202407
NC-101397,2023-01-01,P02,T01,Alta,Autocontrol,Cerrada,2023-01-11,10,R22,1541313
NC-100001,2023-01-02,P05,T04,Media,Autocontrol,Abierta,,,R20,109412
NC-102053,2023-01-02,P01,T01,Alta,Queja de Cliente,Cerrada,2023-01-14,12,R16,1468354
NC-101471,2023-01-03,P04,T02,Baja,Inspección de Calidad,Cerrada,2023-01-08,5,R09,318992
NC-101077,2023-01-04,P01,T04,Alta,Auditoría Interna,Cerrada,2023-01-11,7,R22,499720
NC-105650,2023-01-04,P02,T01,Alta,Autocontrol,Cerrada,2023-01-10,6,R11,479487
NC-102484,2023-01-04,P04,T01,Media,Auditoría Interna,Cerrada,2023-01-11,7,R11,350594
NC-103833,2023-01-05,P05,T02,Baja,Inspección de Calidad,Cerrada,2023-01-15,10,R07,136535
NC-105710,2023-01-06,P05,T05,Media,Auditoría Interna,Cerrada,2023-01-17,11,R13,552822
NC-104919,2023-01-07,P06,T05,Crítica,Autocontrol,En Tratamiento,,,R12,808737
NC-100924,2023-01-07,P02,T02,Media,Queja de Cliente,Cerrada,2023-01-12,5,R17,198033
NC-105144,2023-01-08,P01,T01,Media,Auditoría Externa,Cerrada,2023-01-17,9,R20,324108
NC-104987,2023-01-09,P03,T01,Baja,Auditoría Interna,Cerrada,2023-01-21,12,R14,231897
NC-104334,2023-01-09,P02,T04,Baja,Auditoría Externa,Cerrada,2023-01-13,4,R04,153583
NC-101324,2023-01-13,P04,T04,Alta,Auditoría Externa,Cerrada,2023-02-20,38,R20,348732
NC-101400,2023-01-14,P01,T03,Media,Queja de Cliente,Cerrada,2023-01-26,12,R20,225169
NC-104029,2023-01-14,P02,T04,Baja,Auditoría Interna,Cerrada,2023-01-23,9,R11,225624
NC-102551,2023-01-15,P07,T04,Alta,Queja de Cliente,Cerrada,2023-01-26,11,R07,1502025
NC-104708,2023-01-17,P07,T01,Media,Auditoría Interna,Cerrada,2023-01-26,9,R02,1151741
NC-102856,2023-01-18,P05,T05,Media,Queja de Cliente,Cerrada,2023-02-13,26,R23,384714
NC-105929,2023-01-18,P06,T03,Alta,Inspección de Calidad,Cerrada,2023-02-01,14,R21,281949
NC-101045,2023-01-21,P03,T03,Alta,Inspección de Calidad,Cerrada,2023-01-31,10,R09,53612
NC-100848,2023-01-21,P08,T02,Baja,Queja de Cliente,Cerrada,2023-01-27,6,R17,297362
NC-105574,2023-01-21,P07,T06,Baja,Autocontrol,Cerrada,2023-02-05,15,R01,332033
NC-104594,2023-01-23,P05,T05,Media,Queja de Cliente,Cerrada,2023-02-23,31,R12,125831
NC-105902,2023-01-23,P01,T02,Baja,Inspección de Calidad,Cerrada,2023-02-03,11,R04,201969
NC-104196,2023-01-25,P05,T06,Media,Inspección de Calidad,Cerrada,2023-02-13,19,R18,400602
NC-104170,2023-01-26,P02,T05,Media,Inspección de Calidad,Abierta,,,R02,259008
NC-103753,2023-01-27,P01,T02,Alta,Auditoría Interna,Cerrada,2023-02-15,19,R13,507989
NC-103750,2023-01-27,P07,T02,Crítica,Auditoría Externa,Cerrada,2023-02-02,6,R08,518751
NC-102924,2023-01-27,P06,T02,Media,Auditoría Externa,Abierta,,,R22,548619
NC-103888,2023-01-28,P08,T04,Alta,Auditoría Interna,Abierta,,,R20,1432243
NC-102399,2023-01-28,P05,T06,Baja,Auditoría Externa,Cerrada,2023-02-10,13,R15,66190
NC-102448,2023-01-29,P06,T06,Baja,Inspección de Calidad,Cerrada,2023-02-04,6,R13,247089
NC-105815,2023-01-31,P05,T04,Alta,Autocontrol,Cerrada,2023-02-10,10,R12,726886
NC-105077,2023-01-31,P08,T02,Baja,Autocontrol,Cerrada,2023-02-13,13,R23,119992
NC-105594,2023-02-01,P06,T06,Media,Inspección de Calidad,Cerrada,2023-02-10,9,R02,791367
NC-102447,2023-02-03,P01,T02,Baja,Autocontrol,Cerrada,2023-02-17,14,R05,264952
NC-103483,2023-02-03,P01,T01,Media,Auditoría Interna,Cerrada,2023-02-04,1,R16,174840
NC-103112,2023-02-04,P01,T02,Baja,Inspección de Calidad,Cerrada,2023-02-26,22,R15,164794
NC-105543,2023-02-05,P04,T01,Baja,Autocontrol,Cerrada,2023-02-18,13,R17,192762
NC-105291,2023-02-06,P01,T03,Baja,Autocontrol,Abierta,,,R17,753922
NC-101582,2023-02-06,P03,T01,Media,Inspección de Calidad,Cerrada,2023-02-24,18,R11,271346
NC-105798,2023-02-07,P07,T06,Media,Auditoría Interna,Cerrada,2023-02-22,15,R02,518324
NC-101641,2023-02-07,P03,T02,Media,Autocontrol,Cerrada,2023-02-17,10,R19,249553
NC-100827,2023-02-08,P05,T05,Crítica,Queja de Cliente,Cerrada,2023-02-10,2,R05,304602
NC-101781,2023-02-08,P03,T03,Alta,Auditoría Interna,Cerrada,2023-02-16,8,R01,961060
NC-100147,2023-02-09,P05,T06,Alta,Queja de Cliente,Cerrada,2023-02-14,5,R01,749382
NC-104511,2023-02-09,P06,T01,Baja,Auditoría Externa,En Tratamiento,,,R02,50275
NC-102133,2023-02-11,P08,T03,Baja,Auditoría Externa,Cerrada,2023-02-14,3,R12,173991
NC-100887,2023-02-12,P08,T06,Alta,Auditoría Interna,Cerrada,2023-02-19,7,R20,658961
NC-101205,2023-02-13,P08,T02,Baja,Queja de Cliente,Cerrada,2023-02-25,12,R16,93067
NC-105712,2023-02-13,P04,T06,Media,Inspección de Calidad,Cerrada,2023-03-01,16,R08,93780
NC-104331,2023-02-14,P04,T06,Media,Inspección de Calidad,Cerrada,2023-03-03,17,R18,310182
NC-102684,2023-02-14,P08,T01,Alta,Autocontrol,Cerrada,2023-03-01,15,R21,1092191
NC-100781,2023-02-15,P06,T01,Alta,Inspección de Calidad,Cerrada,2023-02-26,11,R15,1026163
NC-105462,2023-02-16,P04,T06,Alta,Auditoría Interna,Cerrada,2023-02-18,2,R22,56170
NC-102661,2023-02-17,P07,T02,Crítica,Inspección de Calidad,En Tratamiento,,,R05,101933
NC-102068,2023-02-18,P08,T01,Crítica,Autocontrol,Cerrada,2023-03-20,30,R01,1251527
NC-103353,2023-02-19,P03,T06,Alta,Auditoría Interna,Cerrada,2023-02-23,4,R05,1013141
NC-102742,2023-02-19,P08,T04,Media,Auditoría Interna,Cerrada,2023-03-04,13,R07,551502
NC-104179,2023-02-20,P08,T01,Crítica,Queja de Cliente,Cerrada,2023-03-09,17,R21,1132937
NC-104252,2023-02-26,P07,T03,Alta,Auditoría Interna,Abierta,,,R04,534580
NC-102150,2023-02-27,P08,T04,Alta,Auditoría Interna,En Tratamiento,,,R22,428233
NC-105016,2023-03-01,P02,T03,Media,Queja de Cliente,Cerrada,2023-03-05,4,R12,460267
NC-104596,2023-03-02,P04,T05,Baja,Inspección de Calidad,Cerrada,2023-03-04,2,R14,375994
NC-102446,2023-03-02,P07,T02,Baja,Autocontrol,Cerrada,2023-04-03,32,R11,174167
NC-104597,2023-03-03,P05,T05,Baja,Auditoría Externa,Cerrada,2023-03-18,15,R13,49158
NC-103398,2023-03-05,P02,T01,Alta,Inspección de Calidad,Cerrada,2023-03-16,11,R07,2165324
NC-100499,2023-03-07,P08,T02,Baja,Inspección de Calidad,En Tratamiento,,,R21,162224
NC-104246,2023-03-08,P01,T05,Baja,Inspección de Calidad,Cerrada,2023-03-12,4,R19,118699
NC-100555,2023-03-08,P06,T02,Media,Autocontrol,Cerrada,2023-03-15,7,R20,701147
NC-101613,2023-03-09,P02,T04,Baja,Inspección de Calidad,En Tratamiento,,,R11,169054
NC-100744,2023-03-11,P05,T04,Alta,Auditoría Externa,Cerrada,2023-03-16,5,R15,382935
NC-102879,2023-03-12,P05,T05,Baja,Auditoría Interna,Cerrada,2023-03-13,1,R05,76877
NC-104482,2023-03-13,P01,T06,Crítica,Inspección de Calidad,Cerrada,2023-03-25,12,R22,2713559
NC-102390,2023-03-13,P02,T03,Crítica,Autocontrol,En Tratamiento,,,R19,1773004
NC-104894,2023-03-15,P07,T01,Media,Queja de Cliente,Cerrada,2023-04-12,28,R04,392795
NC-105585,2023-03-16,P02,T04,Media,Autocontrol,Cerrada,2023-03-29,13,R17,185307
NC-102761,2023-03-17,P04,T02,Media,Inspección de Calidad,Cerrada,2023-04-07,21,R15,318946
NC-105044,2023-03-19,P05,T05,Alta,Inspección de Calidad,Cerrada,2023-03-30,11,R23,362189
NC-101452,2023-03-19,P07,T06,Media,Auditoría Externa,Cerrada,2023-04-06,18,R20,751847
NC-100960,2023-03-21,P01,T05,Crítica,Queja de Cliente,En Tratamiento,,,R20,395884
NC-102878,2023-03-21,P04,T03,Alta,Queja de Cliente,Cerrada,2023-04-04,14,R08,389351
NC-104809,2023-03-21,P05,T06,Baja,Inspección de Calidad,Cerrada,2023-03-26,5,R04,408694
NC-101794,2023-03-22,P07,T02,Alta,Autocontrol,Cerrada,2023-03-31,9,R18,574491
NC-100076,2023-03-22,P07,T05,Media,Inspección de Calidad,Cerrada,2023-03-28,6,R22,1156430
NC-102208,2023-03-22,P03,T01,Alta,Autocontrol,Cerrada,2023-04-01,10,R01,809078
NC-101473,2023-03-23,P03,T06,Baja,Autocontrol,Cerrada,2023-03-30,7,R13,109769
NC-101782,2023-03-24,P06,T04,Alta,Queja de Cliente,En Tratamiento,,,R17,1744707
NC-101166,2023-03-25,P07,T03,Alta,Inspección de Calidad,Cerrada,2023-04-23,29,R23,185989
NC-105961,2023-03-28,P03,T06,Alta,Autocontrol,En Tratamiento,,,R17,341049
NC-100229,2023-03-29,P08,T06,Baja,Inspección de Calidad,Cerrada,2023-04-11,13,R19,47951
NC-105858,2023-03-30,P05,T03,Alta,Autocontrol,Cerrada,2023-04-06,7,R08,1471547
NC-104887,2023-03-30,P04,T02,Baja,Queja de Cliente,Cerrada,2023-04-22,23,R04,296946
NC-103687,2023-03-30,P04,T05,Alta,Autocontrol,Cerrada,2023-04-19,20,R05,1291863
NC-100653,2023-03-31,P01,T01,Alta,Autocontrol,En Tratamiento,,,R19,504977
NC-103019,2023-03-31,P04,T05,Baja,Autocontrol,Cerrada,2023-04-05,5,R23,67716
NC-100079,2023-04-01,P02,T03,Baja,Auditoría Externa,Cerrada,2023-04-10,9,R16,125594
NC-101066,2023-04-02,P03,T04,Baja,Queja de Cliente,En Tratamiento,,,R08,138623
NC-105263,2023-04-02,P07,T04,Alta,Autocontrol,Cerrada,2023-04-15,13,R11,1151980
NC-102045,2023-04-04,P02,T04,Baja,Inspección de Calidad,Cerrada,2023-04-14,10,R05,240270
NC-104357,2023-04-04,P08,T05,Alta,Inspección de Calidad,Cerrada,2023-04-17,13,R22,548548
NC-100542,2023-04-04,P07,T02,Baja,Inspección de Calidad,Cerrada,2023-05-12,38,R17,186082
NC-103884,2023-04-04,P02,T03,Alta,Inspección de Calidad,Cerrada,2023-04-15,11,R21,354036
NC-100107,2023-04-05,P07,T06,Media,Queja de Cliente,En Tratamiento,,,R01,143632
NC-102116,2023-04-05,P05,T05,Baja,Inspección de Calidad,En Tratamiento,,,R05,62856
NC-104977,2023-04-06,P01,T04,Media,Auditoría Externa,Cerrada,2023-04-14,8,R17,136932
NC-102798,2023-04-06,P05,T06,Alta,Auditoría Externa,En Tratamiento,,,R12,776890
NC-102650,2023-04-07,P03,T06,Alta,Auditoría Interna,Cerrada,2023-04-14,7,R22,1856192
NC-101016,2023-04-08,P03,T03,Media,Autocontrol,Cerrada,2023-04-17,9,R21,205793
NC-103488,2023-04-08,P01,T02,Baja,Auditoría Interna,Cerrada,2023-04-21,13,R16,21060
NC-104273,2023-04-09,P06,T02,Alta,Inspección de Calidad,Cerrada,2023-04-11,2,R18,1104150
NC-105636,2023-04-09,P07,T01,Alta,Autocontrol,Cerrada,2023-04-21,12,R17,357385
NC-104166,2023-04-10,P01,T04,Media,Inspección de Calidad,Cerrada,2023-04-20,10,R02,484926
NC-100649,2023-04-11,P03,T05,Alta,Auditoría Externa,Cerrada,2023-05-15,34,R12,550063
NC-100846,2023-04-11,P08,T02,Baja,Inspección de Calidad,En Tratamiento,,,R13,122461
NC-100131,2023-04-13,P08,T05,Media,Inspección de Calidad,Cerrada,2023-04-17,4,R19,514101
NC-105415,2023-04-14,P07,T04,Alta,Auditoría Interna,Cerrada,2023-05-01,17,R15,919667
NC-101015,2023-04-14,P03,T06,Crítica,Auditoría Externa,Cerrada,2023-05-19,35,R15,734604
NC-102071,2023-04-15,P04,T06,Crítica,Inspección de Calidad,Cerrada,2023-04-25,10,R01,859507
NC-100994,2023-04-15,P03,T03,Media,Queja de Cliente,Cerrada,2023-04-20,5,R14,489414
NC-100183,2023-04-15,P07,T02,Media,Autocontrol,Cerrada,2023-04-24,9,R21,454609
NC-105751,2023-04-15,P08,T06,Media,Auditoría Interna,Cerrada,2023-04-30,15,R05,539186
NC-101082,2023-04-15,P05,T04,Alta,Auditoría Interna,Abierta,,,R02,204463
NC-103181,2023-04-15,P01,T05,Media,Inspección de Calidad,Cerrada,2023-05-06,21,R21,1207162
NC-102443,2023-04-15,P01,T06,Baja,Queja de Cliente,Cerrada,2023-04-25,10,R02,345616
NC-104165,2023-04-15,P08,T01,Media,Auditoría Interna,Cerrada,2023-04-27,12,R08,352647
NC-103880,2023-04-16,P04,T02,Baja,Auditoría Externa,Cerrada,2023-04-24,8,R18,41675
NC-105243,2023-04-16,P03,T04,Media,Auditoría Externa,Cerrada,2023-04-20,4,R20,705057
NC-103740,2023-04-18,P05,T01,Alta,Inspección de Calidad,Cerrada,2023-04-27,9,R12,829466
NC-101325,2023-04-18,P03,T01,Crítica,Auditoría Externa,Cerrada,2023-04-23,5,R19,601037
NC-101198,2023-04-18,P07,T06,Media,Auditoría Interna,Cerrada,2023-04-27,9,R22,91390
NC-103016,2023-04-19,P01,T01,Media,Autocontrol,Cerrada,2023-04-28,9,R01,114266
NC-101164,2023-04-19,P02,T03,Media,Queja de Cliente,Cerrada,2023-05-01,12,R02,668102
NC-103648,2023-04-19,P04,T05,Baja,Auditoría Externa,Cerrada,2023-04-22,3,R04,380724
NC-105863,2023-04-20,P04,T06,Media,Autocontrol,Cerrada,2023-05-04,14,R18,464948
NC-103147,2023-04-22,P01,T04,Baja,Auditoría Externa,Cerrada,2023-04-30,8,R05,343749
NC-100854,2023-04-22,P01,T06,Baja,Auditoría Externa,Cerrada,2023-04-29,7,R22,224513
NC-105874,2023-04-22,P01,T04,Media,Auditoría Interna,Cerrada,2023-05-12,20,R01,873333
NC-101561,2023-04-22,P07,T05,Baja,Auditoría Externa,Cerrada,2023-05-07,15,R22,111542
NC-102653,2023-04-25,P04,T02,Media,Auditoría Externa,Cerrada,2023-05-04,9,R16,806103
NC-104645,2023-04-27,P02,T01,Alta,Auditoría Externa,En Tratamiento,,,R11,185995
NC-105801,2023-04-28,P03,T02,Media,Auditoría Interna,Cerrada,2023-05-11,13,R08,325387
NC-104333,2023-04-29,P04,T04,Crítica,Queja de Cliente,Cerrada,2023-05-05,6,R23,714006
NC-101073,2023-04-29,P05,T05,Alta,Inspección de Calidad,En Tratamiento,,,R05,618848
NC-101360,2023-04-30,P04,T01,Media,Autocontrol,Abierta,,,R15,558456
NC-101240,2023-04-30,P01,T03,Alta,Auditoría Externa,Abierta,,,R01,1093361
NC-102417,2023-04-30,P06,T02,Crítica,Auditoría Externa,Cerrada,2023-05-27,27,R04,315866
NC-105913,2023-05-01,P05,T06,Alta,Auditoría Interna,En Tratamiento,,,R05,166035
NC-103195,2023-05-04,P06,T05,Baja,Queja de Cliente,Cerrada,2023-05-05,1,R21,616830
NC-104692,2023-05-05,P07,T02,Baja,Inspección de Calidad,En Tratamiento,,,R13,277907
NC-106054,2023-05-05,P01,T03,Alta,Queja de Cliente,Cerrada,2023-05-21,16,R04,516819
NC-100586,2023-05-07,P08,T01,Media,Autocontrol,Cerrada,2023-05-20,13,R16,970542
NC-100976,2023-05-09,P01,T06,Alta,Auditoría Interna,Cerrada,2023-05-24,15,R22,448670
NC-101341,2023-05-09,P04,T02,Baja,Auditoría Externa,Cerrada,2023-05-18,9,R14,374538
NC-104727,2023-05-10,P04,T04,Media,Auditoría Interna,Cerrada,2023-05-18,8,R01,247352
NC-104753,2023-05-12,P01,T02,Media,Auditoría Interna,Cerrada,2023-05-23,11,R04,657632
NC-105086,2023-05-13,P04,T04,Media,Auditoría Interna,Cerrada,2023-05-27,14,R09,539608
NC-100445,2023-05-16,P05,T01,Alta,Autocontrol,En Tratamiento,,,R12,79471
NC-100231,2023-05-16,P05,T01,Baja,Queja de Cliente,Cerrada,2023-05-23,7,R09,373308
NC-102288,2023-05-17,P04,T04,Baja,Inspección de Calidad,Abierta,,,R21,111813
NC-104013,2023-05-19,P05,T01,Alta,Autocontrol,Cerrada,2023-05-25,6,R09,1320043
NC-105728,2023-05-19,P02,T04,Baja,Auditoría Externa,En Tratamiento,,,R17,147519
NC-105188,2023-05-21,P03,T03,Alta,Queja de Cliente,Cerrada,2023-06-22,32,R21,577916
NC-101927,2023-05-21,P05,T01,Alta,Auditoría Externa,Cerrada,2023-06-04,14,R02,1495886
NC-101109,2023-05-23,P08,T05,Alta,Auditoría Externa,Cerrada,2023-06-01,9,R08,1027584
NC-101968,2023-05-23,P02,T03,Alta,Auditoría Interna,Cerrada,2023-05-31,8,R07,1662095
NC-100990,2023-05-24,P01,T02,Media,Inspección de Calidad,Cerrada,2023-05-26,2,R17,501315
NC-104764,2023-05-25,P05,T03,Media,Auditoría Interna,Cerrada,2023-06-07,13,R13,1845491
NC-103273,2023-05-25,P06,T06,Alta,Auditoría Externa,Cerrada,2023-06-12,18,R05,370207
NC-104713,2023-05-26,P08,T04,Baja,Inspección de Calidad,Cerrada,2023-06-03,8,R15,163393
NC-101372,2023-05-27,P07,T01,Media,Auditoría Externa,Cerrada,2023-06-15,19,R22,611574
NC-103389,2023-05-27,P08,T05,Media,Auditoría Interna,Cerrada,2023-06-04,8,R12,798614
NC-102794,2023-05-27,P05,T05,Media,Auditoría Externa,Cerrada,2023-06-04,8,R23,416298
NC-103156,2023-05-28,P01,T06,Alta,Autocontrol,Cerrada,2023-06-18,21,R04,847424
NC-102256,2023-05-28,P06,T02,Baja,Auditoría Interna,Cerrada,2023-06-05,8,R08,53839
NC-101878,2023-05-29,P04,T06,Alta,Auditoría Externa,Cerrada,2023-06-06,8,R19,451420
NC-103030,2023-05-29,P08,T05,Media,Queja de Cliente,Cerrada,2023-06-11,13,R09,105217
NC-106074,2023-05-29,P04,T01,Media,Auditoría Interna,Cerrada,2023-06-09,11,R12,451093
NC-101758,2023-05-30,P03,T04,Media,Autocontrol,En Tratamiento,,,R17,155959
NC-101221,2023-05-30,P05,T03,Alta,Autocontrol,Cerrada,2023-06-03,4,R04,357950
NC-105303,2023-05-30,P06,T05,Media,Autocontrol,Cerrada,2023-06-02,3,R09,1065210
NC-100113,2023-05-30,P04,T03,Baja,Auditoría Externa,Abierta,,,R16,327236
NC-105999,2023-05-31,P07,T03,Media,Queja de Cliente,Cerrada,2023-06-14,14,R14,782921
NC-102991,2023-05-31,P01,T03,Media,Inspección de Calidad,Abierta,,,R20,345685
NC-103383,2023-06-01,P03,T02,Alta,Auditoría Interna,Cerrada,2023-06-27,26,R11,324144
NC-104069,2023-06-02,P06,T02,Baja,Auditoría Externa,Cerrada,2023-06-13,11,R04,150811
NC-105076,2023-06-02,P04,T01,Baja,Autocontrol,Cerrada,2023-06-06,4,R17,476651
NC-103714,2023-06-03,P02,T01,Baja,Auditoría Interna,Cerrada,2023-06-11,8,R11,407265
NC-100172,2023-06-03,P06,T02,Media,Auditoría Interna,Cerrada,2023-06-17,14,R01,400500
NC-105088,2023-06-05,P03,T06,Media,Queja de Cliente,Cerrada,2023-06-10,5,R02,361553
NC-103696,2023-06-05,P08,T01,Alta,Autocontrol,Cerrada,2023-06-17,12,R23,278687
NC-101999,2023-06-05,P06,T06,Media,Inspección de Calidad,Cerrada,2023-06-19,14,R16,545178
NC-104634,2023-06-06,P02,T01,Alta,Inspección de Calidad,Cerrada,2023-06-18,12,R23,1814389
NC-105987,2023-06-06,P07,T01,Media,Inspección de Calidad,Cerrada,2023-06-12,6,R19,432373
NC-104043,2023-06-07,P05,T03,Alta,Autocontrol,Cerrada,2023-06-14,7,R10,1095268
NC-105253,2023-06-08,P05,T05,Crítica,Auditoría Externa,Cerrada,2023-06-09,1,R18,474759
NC-103662,2023-06-09,P05,T05,Alta,Auditoría Interna,Cerrada,2023-06-17,8,R23,1008191
NC-100024,2023-06-09,P04,T06,Alta,Inspección de Calidad,Cerrada,2023-06-24,15,R02,497465
NC-100401,2023-06-09,P07,T05,Crítica,Queja de Cliente,Cerrada,2023-06-13,4,R10,397533
NC-101128,2023-06-10,P02,T03,Media,Queja de Cliente,En Tratamiento,,,R12,1472055
NC-103794,2023-06-10,P08,T03,Baja,Inspección de Calidad,Cerrada,2023-06-30,20,R14,33261
NC-105673,2023-06-12,P08,T03,Alta,Inspección de Calidad,Cerrada,2023-06-22,10,R18,394993
NC-103999,2023-06-12,P05,T03,Alta,Inspección de Calidad,Cerrada,2023-06-19,7,R23,306848
NC-103782,2023-06-13,P03,T01,Baja,Inspección de Calidad,Cerrada,2023-06-21,8,R09,193659
NC-102241,2023-06-13,P08,T02,Media,Auditoría Externa,En Tratamiento,,,R07,582879
NC-103631,2023-06-14,P03,T01,Media,Autocontrol,Cerrada,2023-06-22,8,R21,581530
NC-103724,2023-06-14,P01,T01,Baja,Queja de Cliente,Cerrada,2023-06-18,4,R07,169222
NC-101816,2023-06-14,P08,T04,Baja,Inspección de Calidad,En Tratamiento,,,R09,184746
NC-100913,2023-06-15,P03,T03,Alta,Queja de Cliente,Cerrada,2023-06-29,14,R02,527407
NC-104898,2023-06-16,P08,T02,Media,Queja de Cliente,Cerrada,2023-07-02,16,R23,358799
NC-101232,2023-06-16,P05,T02,Media,Auditoría Externa,Cerrada,2023-06-22,6,R22,162910
NC-104720,2023-06-17,P06,T06,Media,Queja de Cliente,Cerrada,2023-06-20,3,R04,308091
NC-105084,2023-06-17,P03,T06,Media,Autocontrol,Cerrada,2023-06-25,8,R11,985235
NC-101049,2023-06-18,P08,T05,Baja,Auditoría Interna,En Tratamiento,,,R16,109358
NC-105198,2023-06-19,P02,T02,Alta,Auditoría Interna,Cerrada,2023-07-02,13,R05,867798
NC-102946,2023-06-19,P07,T06,Crítica,Queja de Cliente,Cerrada,2023-06-29,10,R19,620771
NC-104802,2023-06-19,P06,T04,Alta,Auditoría Interna,Cerrada,2023-06-29,10,R23,237165
NC-104272,2023-06-19,P06,T02,Alta,Autocontrol,Cerrada,2023-06-30,11,R10,1066294
NC-105218,2023-06-22,P04,T01,Crítica,Auditoría Interna,Cerrada,2023-07-07,15,R18,841421
NC-102681,2023-06-22,P07,T02,Baja,Auditoría Interna,En Tratamiento,,,R17,73294
NC-104231,2023-06-22,P01,T01,Media,Auditoría Externa,Cerrada,2023-07-04,12,R11,185734
NC-102491,2023-06-22,P04,T03,Alta,Autocontrol,Cerrada,2023-07-06,14,R19,1241245
NC-105924,2023-06-23,P03,T03,Media,Autocontrol,Cerrada,2023-06-29,6,R08,1640906
NC-104236,2023-06-24,P03,T04,Media,Auditoría Interna,Cerrada,2023-07-03,9,R01,2006142
NC-100254,2023-06-25,P02,T04,Crítica,Auditoría Interna,Cerrada,2023-07-06,11,R04,579816
NC-100435,2023-06-25,P05,T04,Media,Auditoría Externa,En Tratamiento,,,R10,240304
NC-106143,2023-06-26,P07,T01,Alta,Auditoría Interna,Cerrada,2023-06-28,2,R17,334894
NC-102950,2023-06-26,P01,T03,Alta,Auditoría Externa,Cerrada,2023-07-01,5,R23,472370
NC-105911,2023-06-27,P05,T05,Baja,Autocontrol,En Tratamiento,,,R02,245906
NC-100590,2023-06-27,P06,T01,Baja,Auditoría Externa,Cerrada,2023-07-15,18,R11,298734
NC-106084,2023-06-28,P01,T02,Media,Auditoría Interna,Cerrada,2023-07-02,4,R20,567610
NC-102087,2023-06-28,P06,T05,Media,Inspección de Calidad,Cerrada,2023-07-09,11,R15,198949
NC-102840,2023-06-29,P04,T05,Alta,Auditoría Externa,Cerrada,2023-07-15,16,R18,96426
NC-101414,2023-06-29,P05,T06,Alta,Autocontrol,En Tratamiento,,,R22,204618
NC-102867,2023-06-29,P03,T04,Alta,Auditoría Externa,En Tratamiento,,,R13,168520
NC-101145,2023-06-30,P07,T04,Alta,Inspección de Calidad,Cerrada,2023-07-02,2,R08,982177
NC-103209,2023-06-30,P04,T05,Alta,Auditoría Interna,Cerrada,2023-07-02,2,R05,319112
NC-102191,2023-07-01,P06,T04,Alta,Queja de Cliente,Cerrada,2023-08-02,32,R07,220368
NC-103536,2023-07-01,P03,T04,Alta,Autocontrol,Cerrada,2023-07-13,12,R22,118024
NC-100336,2023-07-01,P05,T03,Baja,Queja de Cliente,En Tratamiento,,,R04,127266
NC-106094,2023-07-02,P06,T02,Media,Queja de Cliente,Cerrada,2023-07-14,12,R11,728747
NC-103077,2023-07-03,P04,T04,Baja,Auditoría Interna,Cerrada,2023-07-24,21,R14,291141
NC-105719,2023-07-05,P01,T03,Baja,Inspección de Calidad,Cerrada,2023-07-19,14,R21,39602
NC-102267,2023-07-05,P02,T06,Baja,Auditoría Interna,Cerrada,2023-07-15,10,R01,177990
NC-100417,2023-07-06,P08,T03,Baja,Auditoría Interna,En Tratamiento,,,R19,129707
NC-104352,2023-07-06,P06,T02,Media,Autocontrol,Cerrada,2023-07-23,17,R01,394710
NC-105523,2023-07-07,P07,T06,Alta,Auditoría Externa,Cerrada,2023-07-11,4,R05,1056240
NC-102327,2023-07-09,P02,T02,Media,Inspección de Calidad,Cerrada,2023-07-21,12,R17,344206
NC-101318,2023-07-10,P07,T04,Baja,Auditoría Externa,Cerrada,2023-07-25,15,R17,108390
NC-105526,2023-07-11,P07,T05,Alta,Autocontrol,Cerrada,2023-07-24,13,R20,2155428
NC-103497,2023-07-12,P06,T02,Media,Auditoría Externa,Cerrada,2023-07-20,8,R04,757674
NC-104374,2023-07-12,P07,T01,Crítica,Auditoría Interna,Cerrada,2023-07-18,6,R22,1386885
NC-102760,2023-07-12,P08,T01,Media,Inspección de Calidad,Cerrada,2023-08-04,23,R01,481014
NC-104313,2023-07-12,P03,T04,Baja,Queja de Cliente,Cerrada,2023-08-05,24,R04,22767
NC-101494,2023-07-15,P07,T05,Alta,Autocontrol,En Tratamiento,,,R19,1078633
NC-104891,2023-07-15,P08,T02,Baja,Inspección de Calidad,Cerrada,2023-07-18,3,R02,32093
NC-104587,2023-07-17,P04,T06,Alta,Auditoría Interna,Cerrada,2023-07-21,4,R16,341723
NC-104626,2023-07-18,P06,T03,Media,Autocontrol,Cerrada,2023-07-28,10,R12,279141
NC-104340,2023-07-19,P01,T01,Media,Auditoría Externa,Cerrada,2023-08-02,14,R08,139060
NC-103549,2023-07-20,P05,T05,Alta,Auditoría Interna,Cerrada,2023-08-08,19,R02,1794575
NC-104630,2023-07-21,P08,T04,Crítica,Auditoría Interna,Cerrada,2023-08-19,29,R21,802586
NC-100301,2023-07-21,P05,T02,Alta,Inspección de Calidad,Cerrada,2023-08-01,11,R04,1151758
NC-104853,2023-07-21,P03,T02,Alta,Autocontrol,Cerrada,2023-07-28,7,R07,507497
NC-101374,2023-07-21,P08,T06,Baja,Queja de Cliente,Cerrada,2023-08-03,13,R04,110168
NC-104942,2023-07-23,P02,T02,Media,Auditoría Interna,Abierta,,,R15,1114696
NC-101477,2023-07-24,P04,T04,Crítica,Autocontrol,Cerrada,2023-08-08,15,R18,797566
NC-100108,2023-07-24,P04,T05,Media,Auditoría Externa,Cerrada,2023-08-08,15,R17,449650
NC-100093,2023-07-24,P08,T02,Baja,Auditoría Externa,Cerrada,2023-08-01,8,R11,80623
NC-102611,2023-07-25,P08,T06,Media,Autocontrol,Cerrada,2023-08-08,14,R13,465858
NC-101451,2023-07-25,P08,T05,Baja,Autocontrol,Cerrada,2023-08-03,9,R07,204267
NC-104867,2023-07-25,P06,T02,Baja,Auditoría Externa,Cerrada,2023-08-05,11,R22,359131
NC-101060,2023-07-25,P06,T03,Alta,Queja de Cliente,Cerrada,2023-08-01,7,R12,64099
NC-105220,2023-07-26,P08,T04,Media,Queja de Cliente,En Tratamiento,,,R23,2549539
NC-105892,2023-07-28,P03,T04,Baja,Auditoría Externa,En Tratamiento,,,R20,141802
NC-100046,2023-07-28,P07,T03,Media,Inspección de Calidad,Cerrada,2023-08-05,8,R13,740958
NC-103554,2023-07-28,P04,T04,Baja,Inspección de Calidad,Cerrada,2023-08-14,17,R09,398501
NC-103518,2023-07-29,P01,T05,Media,Inspección de Calidad,Cerrada,2023-08-02,4,R08,890705
NC-103762,2023-07-29,P03,T02,Alta,Queja de Cliente,Cerrada,2023-07-31,2,R10,447783
NC-102377,2023-07-30,P01,T04,Baja,Queja de Cliente,Cerrada,2023-08-10,11,R22,248614
NC-104027,2023-07-31,P01,T01,Baja,Autocontrol,Cerrada,2023-08-14,14,R10,245375
NC-101834,2023-08-01,P06,T04,Baja,Auditoría Interna,Cerrada,2023-08-19,18,R01,156380
NC-102530,2023-08-02,P01,T05,Alta,Inspección de Calidad,Cerrada,2023-08-12,10,R09,321251
NC-100392,2023-08-02,P02,T02,Baja,Auditoría Interna,Cerrada,2023-08-04,2,R11,149933
NC-105053,2023-08-02,P05,T06,Baja,Auditoría Interna,En Tratamiento,,,R21,221131
NC-102352,2023-08-02,P08,T04,Media,Auditoría Interna,Cerrada,2023-08-09,7,R21,1513108
NC-104311,2023-08-04,P03,T06,Baja,Queja de Cliente,Cerrada,2023-08-21,17,R10,584446
NC-102783,2023-08-05,P07,T03,Alta,Auditoría Externa,Cerrada,2023-08-13,8,R19,807556
NC-100930,2023-08-05,P05,T02,Crítica,Auditoría Interna,Cerrada,2023-08-10,5,R10,2090289
NC-101843,2023-08-06,P02,T04,Alta,Inspección de Calidad,Cerrada,2023-08-22,16,R20,379156
NC-106000,2023-08-06,P01,T05,Media,Auditoría Externa,Cerrada,2023-08-14,8,R20,850290
NC-103738,2023-08-06,P01,T04,Media,Queja de Cliente,Cerrada,2023-08-24,18,R01,44479
NC-103017,2023-08-07,P07,T06,Alta,Auditoría Externa,Cerrada,2023-08-15,8,R16,213132
NC-104840,2023-08-07,P07,T06,Alta,Autocontrol,En Tratamiento,,,R19,697815
NC-101950,2023-08-08,P08,T04,Media,Queja de Cliente,Cerrada,2023-08-15,7,R21,348094
NC-100494,2023-08-08,P03,T01,Baja,Autocontrol,Cerrada,2023-08-14,6,R13,332928
NC-103138,2023-08-08,P06,T05,Baja,Inspección de Calidad,Abierta,,,R22,130328
NC-103258,2023-08-08,P05,T06,Media,Autocontrol,Cerrada,2023-08-18,10,R09,616115
NC-101674,2023-08-09,P07,T05,Baja,Autocontrol,Cerrada,2023-08-14,5,R11,244668
NC-101763,2023-08-09,P08,T04,Crítica,Queja de Cliente,Cerrada,2023-08-13,4,R23,2492004
NC-104690,2023-08-10,P06,T03,Media,Queja de Cliente,Cerrada,2023-09-03,24,R08,1830857
NC-106139,2023-08-11,P08,T05,Alta,Auditoría Externa,Cerrada,2023-08-16,5,R18,1212977
NC-102754,2023-08-12,P08,T05,Media,Auditoría Externa,Cerrada,2023-08-30,18,R22,405257
NC-104257,2023-08-12,P01,T06,Baja,Autocontrol,Cerrada,2023-08-23,11,R20,225069
NC-101778,2023-08-13,P04,T03,Baja,Auditoría Externa,Cerrada,2023-08-16,3,R02,54231
NC-102224,2023-08-14,P01,T02,Media,Auditoría Interna,Cerrada,2023-09-09,26,R08,625326
NC-100374,2023-08-14,P08,T05,Media,Queja de Cliente,En Tratamiento,,,R23,581294
NC-102571,2023-08-16,P06,T04,Media,Auditoría Externa,Cerrada,2023-08-29,13,R10,1201312
NC-103951,2023-08-16,P03,T04,Alta,Auditoría Interna,Cerrada,2023-08-24,8,R10,715037
NC-102074,2023-08-17,P08,T03,Baja,Auditoría Interna,Cerrada,2023-08-23,6,R20,554669
NC-102686,2023-08-18,P04,T02,Baja,Queja de Cliente,En Tratamiento,,,R13,62372
NC-100750,2023-08-20,P08,T04,Media,Auditoría Interna,Cerrada,2023-09-05,16,R04,431327
NC-101600,2023-08-20,P08,T05,Baja,Queja de Cliente,Cerrada,2023-09-17,28,R20,292683
NC-103889,2023-08-21,P03,T02,Alta,Auditoría Externa,Cerrada,2023-08-23,2,R10,54898
NC-104659,2023-08-22,P02,T03,Crítica,Autocontrol,En Tratamiento,,,R11,810117
NC-102152,2023-08-26,P02,T02,Baja,Inspección de Calidad,En Tratamiento,,,R13,171051
NC-100450,2023-08-28,P06,T03,Media,Queja de Cliente,Cerrada,2023-09-13,16,R16,260467
NC-100697,2023-08-30,P03,T02,Media,Auditoría Interna,Abierta,,,R02,1214908
NC-101793,2023-08-30,P03,T06,Alta,Inspección de Calidad,Cerrada,2023-09-02,3,R18,1463427
NC-105972,2023-08-30,P07,T02,Baja,Auditoría Externa,Cerrada,2023-09-08,9,R11,286568
NC-104610,2023-08-30,P07,T06,Alta,Autocontrol,Abierta,,,R02,150930
NC-102075,2023-09-01,P05,T03,Baja,Auditoría Externa,Cerrada,2023-09-03,2,R17,420279
NC-101558,2023-09-01,P02,T05,Alta,Auditoría Interna,Cerrada,2023-09-08,7,R08,606408
NC-104548,2023-09-02,P01,T02,Media,Queja de Cliente,Cerrada,2023-09-09,7,R07,1235754
NC-105838,2023-09-03,P01,T01,Crítica,Autocontrol,En Tratamiento,,,R19,478946
NC-104507,2023-09-03,P05,T02,Alta,Inspección de Calidad,Cerrada,2023-09-07,4,R04,412062
NC-101889,2023-09-04,P02,T02,Alta,Inspección de Calidad,Cerrada,2023-09-09,5,R19,718628
NC-103293,2023-09-06,P05,T05,Baja,Auditoría Interna,Cerrada,2023-09-16,10,R13,54304
NC-102038,2023-09-06,P04,T04,Alta,Auditoría Externa,Cerrada,2023-09-11,5,R15,913642
NC-104759,2023-09-07,P08,T04,Media,Auditoría Interna,Cerrada,2023-09-25,18,R16,650823
NC-105333,2023-09-07,P04,T06,Media,Autocontrol,Cerrada,2023-10-07,30,R11,667455
NC-101417,2023-09-08,P08,T04,Baja,Inspección de Calidad,Cerrada,2023-09-13,5,R12,68321
NC-104740,2023-09-08,P07,T02,Alta,Auditoría Interna,Cerrada,2023-09-22,14,R13,677335
NC-101796,2023-09-08,P06,T02,Crítica,Auditoría Externa,En Tratamiento,,,R16,655155
NC-103249,2023-09-09,P06,T05,Media,Auditoría Externa,En Tratamiento,,,R21,264425
NC-105351,2023-09-09,P03,T04,Crítica,Auditoría Interna,Cerrada,2023-09-24,15,R23,668808
NC-104509,2023-09-10,P05,T06,Media,Queja de Cliente,Cerrada,2023-09-27,17,R14,73556
NC-101364,2023-09-10,P04,T04,Baja,Autocontrol,Cerrada,2023-09-19,9,R10,200823
NC-105835,2023-09-11,P08,T06,Baja,Inspección de Calidad,Cerrada,2023-09-26,15,R08,119035
NC-102578,2023-09-11,P07,T04,Media,Queja de Cliente,Cerrada,2023-09-24,13,R14,688306
NC-101772,2023-09-11,P08,T06,Baja,Queja de Cliente,En Tratamiento,,,R16,74161
NC-103514,2023-09-12,P06,T02,Alta,Queja de Cliente,Cerrada,2023-09-19,7,R01,860893
NC-101136,2023-09-13,P06,T02,Media,Inspección de Calidad,En Tratamiento,,,R15,285137
NC-101093,2023-09-13,P03,T04,Alta,Auditoría Externa,Cerrada,2023-09-19,6,R05,1423239
NC-101238,2023-09-14,P02,T06,Alta,Inspección de Calidad,Cerrada,2023-09-30,16,R01,609436
NC-101416,2023-09-14,P05,T05,Alta,Inspección de Calidad,Cerrada,2023-10-03,19,R13,154867
NC-101635,2023-09-14,P05,T05,Baja,Auditoría Interna,Cerrada,2023-09-21,7,R20,40849
NC-104113,2023-09-14,P02,T06,Media,Auditoría Externa,Cerrada,2023-09-21,7,R17,576890
NC-104038,2023-09-14,P08,T06,Baja,Autocontrol,Cerrada,2023-09-20,6,R15,188959
NC-105110,2023-09-15,P05,T01,Media,Inspección de Calidad,Cerrada,2023-09-28,13,R09,873763
NC-102479,2023-09-15,P01,T04,Alta,Queja de Cliente,Cerrada,2023-10-09,24,R16,887153
NC-105193,2023-09-15,P05,T03,Alta,Queja de Cliente,Cerrada,2023-09-27,12,R01,262605
NC-102649,2023-09-15,P04,T02,Baja,Auditoría Interna,Cerrada,2023-09-19,4,R11,75588
NC-105266,2023-09-16,P02,T03,Crítica,Inspección de Calidad,Cerrada,2023-09-22,6,R22,1141213
NC-100977,2023-09-18,P03,T03,Baja,Inspección de Calidad,Cerrada,2023-09-23,5,R08,530012
NC-103321,2023-09-18,P06,T05,Baja,Inspección de Calidad,Cerrada,2023-10-10,22,R15,265660
NC-104233,2023-09-19,P08,T02,Alta,Inspección de Calidad,Cerrada,2023-10-04,15,R18,530290
NC-105453,2023-09-20,P02,T03,Media,Auditoría Interna,Cerrada,2023-10-13,23,R21,986903
NC-101695,2023-09-21,P08,T03,Baja,Auditoría Externa,Cerrada,2023-10-02,11,R13,129106
NC-102970,2023-09-21,P07,T04,Alta,Auditoría Externa,Cerrada,2023-10-23,32,R21,604015
NC-104431,2023-09-22,P01,T04,Media,Auditoría Externa,Cerrada,2023-09-26,4,R08,185541
NC-103583,2023-09-22,P01,T04,Baja,Auditoría Externa,Cerrada,2023-10-07,15,R19,69665
NC-103046,2023-09-23,P01,T01,Baja,Autocontrol,Cerrada,2023-10-18,25,R20,646268
NC-101224,2023-09-25,P04,T03,Crítica,Auditoría Externa,Cerrada,2023-10-04,9,R05,1307265
NC-104497,2023-09-25,P03,T05,Baja,Auditoría Interna,Cerrada,2023-10-01,6,R04,84195
NC-102951,2023-09-25,P01,T03,Alta,Queja de Cliente,Cerrada,2023-10-05,10,R23,1222684
NC-105555,2023-09-25,P01,T04,Alta,Auditoría Externa,Cerrada,2023-09-27,2,R11,977458
NC-103963,2023-09-29,P08,T03,Alta,Queja de Cliente,Cerrada,2023-10-07,8,R12,1025044
NC-104850,2023-09-29,P04,T03,Media,Autocontrol,Cerrada,2023-10-09,10,R16,1218759
NC-101698,2023-09-30,P03,T02,Baja,Inspección de Calidad,Cerrada,2023-10-10,10,R16,106886
NC-103223,2023-09-30,P03,T05,Baja,Autocontrol,Cerrada,2023-10-11,11,R18,748075
NC-105325,2023-10-01,P04,T05,Baja,Auditoría Externa,Cerrada,2023-10-20,19,R11,215631
NC-101580,2023-10-01,P01,T05,Alta,Auditoría Interna,Cerrada,2023-10-26,25,R13,246242
NC-102460,2023-10-02,P03,T04,Baja,Queja de Cliente,Cerrada,2023-10-03,1,R05,459675
NC-104902,2023-10-02,P01,T06,Baja,Autocontrol,Cerrada,2023-10-10,8,R20,95448
NC-103722,2023-10-02,P02,T02,Alta,Auditoría Externa,Cerrada,2023-10-08,6,R13,1124797
NC-103205,2023-10-03,P05,T01,Crítica,Queja de Cliente,Cerrada,2023-10-20,17,R12,1080172
NC-101170,2023-10-03,P07,T02,Media,Autocontrol,Cerrada,2023-10-07,4,R18,649040
NC-103768,2023-10-03,P08,T02,Baja,Queja de Cliente,Cerrada,2023-10-27,24,R20,733931
NC-104725,2023-10-03,P03,T01,Baja,Autocontrol,Cerrada,2023-10-15,12,R17,241433
NC-103202,2023-10-04,P07,T04,Baja,Queja de Cliente,Abierta,,,R07,437179
NC-105040,2023-10-05,P05,T03,Media,Queja de Cliente,Abierta,,,R12,400428
NC-102613,2023-10-07,P06,T05,Media,Auditoría Interna,Cerrada,2023-10-20,13,R18,295636
NC-101701,2023-10-07,P06,T01,Media,Auditoría Externa,Cerrada,2023-10-11,4,R05,465595
NC-105194,2023-10-09,P02,T02,Alta,Autocontrol,Cerrada,2023-10-30,21,R04,904967
NC-101767,2023-10-11,P01,T01,Alta,Queja de Cliente,Cerrada,2023-10-14,3,R18,301626
NC-102960,2023-10-11,P05,T05,Media,Auditoría Interna,Abierta,,,R19,1025978
NC-103461,2023-10-12,P01,T04,Media,Inspección de Calidad,Cerrada,2023-11-01,20,R12,129235
NC-100925,2023-10-12,P02,T01,Media,Autocontrol,Abierta,,,R02,293887
NC-101906,2023-10-12,P01,T05,Baja,Auditoría Interna,Cerrada,2023-10-29,17,R20,338000
NC-101952,2023-10-12,P03,T03,Baja,Auditoría Externa,Cerrada,2023-10-22,10,R18,143030
NC-105706,2023-10-13,P02,T05,Crítica,Queja de Cliente,Cerrada,2023-10-25,12,R09,363601
NC-101811,2023-10-13,P02,T05,Baja,Auditoría Externa,Cerrada,2023-10-20,7,R04,211657
NC-102766,2023-10-13,P01,T06,Media,Auditoría Externa,Cerrada,2023-10-29,16,R18,271224
NC-100366,2023-10-13,P05,T02,Alta,Queja de Cliente,Cerrada,2023-10-28,15,R14,528402
NC-103517,2023-10-14,P03,T06,Baja,Auditoría Interna,Cerrada,2023-10-29,15,R21,118652
NC-100932,2023-10-14,P06,T06,Alta,Auditoría Externa,Cerrada,2023-10-27,13,R18,566563
NC-104418,2023-10-15,P01,T06,Media,Auditoría Externa,Cerrada,2023-10-20,5,R12,1126712
NC-102084,2023-10-15,P06,T02,Baja,Inspección de Calidad,Cerrada,2023-11-12,28,R12,284939
NC-104023,2023-10-16,P03,T02,Alta,Queja de Cliente,Cerrada,2023-10-25,9,R05,879405
NC-101664,2023-10-16,P07,T06,Media,Queja de Cliente,Cerrada,2023-10-23,7,R19,385369
NC-100191,2023-10-18,P02,T05,Baja,Autocontrol,En Tratamiento,,,R22,344141
NC-105069,2023-10-18,P04,T05,Media,Auditoría Interna,Cerrada,2023-10-24,6,R09,689035
NC-104936,2023-10-21,P07,T06,Baja,Queja de Cliente,Cerrada,2023-10-30,9,R09,217521
NC-103573,2023-10-22,P02,T03,Media,Inspección de Calidad,Cerrada,2023-11-22,31,R13,58850
NC-104084,2023-10-23,P08,T02,Media,Auditoría Interna,Cerrada,2023-11-01,9,R19,622752
NC-105632,2023-10-24,P04,T05,Media,Auditoría Interna,Cerrada,2023-11-03,10,R02,267100
NC-101568,2023-10-24,P05,T02,Crítica,Autocontrol,Cerrada,2023-10-30,6,R13,1103805
NC-105942,2023-10-25,P07,T05,Baja,Inspección de Calidad,Cerrada,2023-11-10,16,R10,167625
NC-103381,2023-10-26,P03,T04,Baja,Auditoría Interna,Cerrada,2023-11-05,10,R21,246941
NC-103818,2023-10-27,P05,T03,Media,Autocontrol,Cerrada,2023-11-10,14,R02,158326
NC-105889,2023-10-28,P04,T01,Media,Auditoría Interna,Cerrada,2023-11-04,7,R19,476449
NC-103962,2023-10-29,P03,T06,Alta,Autocontrol,En Tratamiento,,,R16,547987
NC-100118,2023-10-31,P03,T06,Alta,Queja de Cliente,Cerrada,2023-11-07,7,R11,1238426
NC-102186,2023-10-31,P06,T04,Alta,Auditoría Interna,Cerrada,2023-11-15,15,R04,431337
NC-101835,2023-10-31,P03,T03,Baja,Inspección de Calidad,Cerrada,2023-11-09,9,R12,180630
NC-102444,2023-11-03,P05,T03,Alta,Queja de Cliente,Cerrada,2023-11-05,2,R21,324266
NC-103545,2023-11-03,P02,T01,Baja,Inspección de Calidad,Cerrada,2023-11-14,11,R12,104136
NC-100195,2023-11-03,P07,T03,Baja,Queja de Cliente,Cerrada,2023-11-23,20,R14,164926
NC-103598,2023-11-03,P05,T03,Alta,Auditoría Externa,Cerrada,2023-11-23,20,R07,203808
NC-105435,2023-11-06,P08,T03,Media,Queja de Cliente,Abierta,,,R07,459578
NC-102082,2023-11-07,P06,T02,Baja,Inspección de Calidad,Cerrada,2023-11-13,6,R17,268515
NC-103221,2023-11-08,P01,T04,Media,Inspección de Calidad,Cerrada,2023-11-10,2,R01,597288
NC-100313,2023-11-08,P07,T06,Media,Autocontrol,Cerrada,2023-11-13,5,R20,470519
NC-103492,2023-11-08,P01,T04,Media,Auditoría Externa,Cerrada,2023-11-11,3,R21,364458
NC-100129,2023-11-09,P08,T06,Baja,Auditoría Externa,Cerrada,2023-11-12,3,R13,227998
NC-101731,2023-11-10,P04,T06,Crítica,Queja de Cliente,Cerrada,2023-11-20,10,R18,46406
NC-101690,2023-11-10,P08,T01,Baja,Auditoría Externa,Cerrada,2023-12-01,21,R12,432618
NC-104430,2023-11-11,P05,T01,Alta,Auditoría Externa,Cerrada,2023-11-17,6,R22,837682
NC-102420,2023-11-12,P02,T04,Media,Auditoría Interna,Cerrada,2023-11-18,6,R20,118371
NC-101107,2023-11-14,P04,T01,Alta,Queja de Cliente,Cerrada,2023-11-21,7,R12,716152
NC-102986,2023-11-18,P03,T03,Baja,Inspección de Calidad,Cerrada,2023-11-21,3,R17,258176
NC-100278,2023-11-19,P03,T04,Media,Inspección de Calidad,En Tratamiento,,,R16,296330
NC-103194,2023-11-19,P07,T02,Alta,Inspección de Calidad,Cerrada,2023-11-27,8,R02,989369
NC-101440,2023-11-20,P06,T03,Baja,Inspección de Calidad,Cerrada,2023-12-05,15,R17,231868
NC-102440,2023-11-20,P07,T05,Media,Autocontrol,Cerrada,2023-11-29,9,R07,462788
NC-103672,2023-11-21,P07,T04,Alta,Inspección de Calidad,Cerrada,2023-11-27,6,R01,292144
NC-105419,2023-11-22,P06,T01,Baja,Auditoría Interna,En Tratamiento,,,R19,14548
NC-102979,2023-11-22,P07,T05,Alta,Autocontrol,Cerrada,2023-12-02,10,R08,243966
NC-102744,2023-11-24,P08,T01,Media,Inspección de Calidad,Cerrada,2023-12-17,23,R12,220259
NC-100620,2023-11-24,P06,T03,Baja,Auditoría Interna,Cerrada,2023-12-03,9,R15,105822
NC-105504,2023-11-25,P02,T02,Crítica,Inspección de Calidad,En Tratamiento,,,R07,2301335
NC-100145,2023-11-25,P04,T01,Baja,Auditoría Externa,Cerrada,2023-11-29,4,R04,630764
NC-104495,2023-11-26,P07,T02,Media,Autocontrol,Cerrada,2023-11-28,2,R23,505144
NC-104848,2023-11-26,P05,T03,Media,Auditoría Externa,Cerrada,2023-12-16,20,R13,327860
NC-105546,2023-11-27,P04,T05,Baja,Auditoría Externa,Cerrada,2023-12-04,7,R22,325836
NC-104683,2023-11-27,P01,T06,Media,Auditoría Interna,Cerrada,2023-12-04,7,R17,237966
NC-102225,2023-11-28,P06,T05,Media,Inspección de Calidad,Cerrada,2023-12-10,12,R11,747153
NC-103190,2023-11-28,P08,T01,Media,Inspección de Calidad,Cerrada,2023-12-09,11,R21,151197
NC-103547,2023-11-28,P01,T06,Alta,Auditoría Externa,Abierta,,,R19,399537
NC-102435,2023-11-29,P08,T05,Alta,Queja de Cliente,Cerrada,2023-12-06,7,R02,392474
NC-103265,2023-11-29,P02,T04,Alta,Inspección de Calidad,Cerrada,2023-12-15,16,R10,103000
NC-102825,2023-11-29,P04,T05,Crítica,Autocontrol,Cerrada,2023-12-15,16,R20,508357
NC-100654,2023-12-01,P04,T06,Baja,Inspección de Calidad,En Tratamiento,,,R22,308526
NC-105051,2023-12-02,P01,T04,Baja,Autocontrol,Cerrada,2023-12-06,4,R21,297196
NC-100671,2023-12-03,P05,T01,Media,Auditoría Externa,Cerrada,2023-12-12,9,R08,236043
NC-104464,2023-12-05,P08,T05,Crítica,Inspección de Calidad,Cerrada,2023-12-29,24,R05,233942
NC-103420,2023-12-06,P02,T02,Crítica,Queja de Cliente,Cerrada,2023-12-26,20,R05,1287409
NC-104775,2023-12-06,P04,T05,Baja,Auditoría Interna,Cerrada,2023-12-15,9,R09,437717
NC-102520,2023-12-07,P04,T03,Baja,Auditoría Interna,Cerrada,2023-12-29,22,R01,271581
NC-105621,2023-12-07,P06,T06,Media,Auditoría Interna,Cerrada,2023-12-18,11,R12,483058
NC-105903,2023-12-08,P01,T04,Crítica,Queja de Cliente,Cerrada,2023-12-21,13,R06,1315112
NC-105936,2023-12-08,P08,T06,Media,Queja de Cliente,Cerrada,2023-12-28,20,R04,1100714
NC-100206,2023-12-09,P07,T06,Baja,Auditoría Externa,Cerrada,2023-12-30,21,R20,34624
NC-102153,2023-12-09,P06,T02,Alta,Auditoría Externa,Cerrada,2024-01-11,33,R01,760724
NC-105807,2023-12-10,P01,T06,Baja,Auditoría Interna,Cerrada,2023-12-24,14,R17,42502
NC-105944,2023-12-12,P07,T01,Alta,Autocontrol,Cerrada,2024-01-02,21,R11,1450317
NC-101608,2023-12-13,P03,T03,Media,Autocontrol,Cerrada,2024-01-08,26,R02,532865
NC-103908,2023-12-13,P05,T04,Media,Autocontrol,Cerrada,2023-12-15,2,R02,333449
NC-101110,2023-12-14,P04,T02,Baja,Queja de Cliente,En Tratamiento,,,R23,35938
NC-103092,2023-12-15,P03,T03,Alta,Queja de Cliente,Cerrada,2023-12-31,16,R15,298082
NC-102906,2023-12-16,P06,T04,Alta,Inspección de Calidad,En Tratamiento,,,R02,1060442
NC-102721,2023-12-16,P08,T06,Alta,Queja de Cliente,En Tratamiento,,,R16,899786
NC-102674,2023-12-16,P03,T06,Baja,Auditoría Interna,Cerrada,2023-12-24,8,R10,43479
NC-102012,2023-12-17,P03,T06,Baja,Inspección de Calidad,En Tratamiento,,,R08,512157
NC-101243,2023-12-18,P03,T06,Baja,Auditoría Interna,Cerrada,2024-01-07,20,R07,232675
NC-100641,2023-12-21,P05,T04,Baja,Inspección de Calidad,Cerrada,2024-01-16,26,R10,193839
NC-103938,2023-12-21,P07,T02,Baja,Auditoría Interna,En Tratamiento,,,R04,224780
NC-105417,2023-12-22,P04,T02,Media,Auditoría Externa,Cerrada,2023-12-27,5,R21,279056
NC-103505,2023-12-22,P03,T05,Baja,Auditoría Interna,En Tratamiento,,,R07,224713
NC-104637,2023-12-23,P07,T01,Alta,Autocontrol,En Tratamiento,,,R21,1334569
NC-104526,2023-12-24,P06,T01,Baja,Auditoría Externa,Cerrada,2024-01-10,17,R22,55214
NC-103257,2023-12-25,P03,T05,Alta,Autocontrol,Cerrada,2024-01-24,30,R23,372627
NC-101660,2023-12-25,P04,T01,Baja,Inspección de Calidad,Cerrada,2024-01-04,10,R16,386011
NC-104259,2023-12-25,P01,T06,Media,Auditoría Externa,Cerrada,2024-01-04,10,R01,612467
NC-100323,2023-12-26,P07,T04,Baja,Auditoría Interna,Cerrada,2024-01-02,7,R08,274356
NC-101472,2023-12-26,P03,T03,Baja,Autocontrol,Cerrada,2024-01-12,17,R01,223449
NC-102534,2023-12-28,P07,T03,Media,Inspección de Calidad,Cerrada,2024-01-18,21,R07,696618
NC-104403,2023-12-28,P05,T01,Media,Auditoría Interna,Cerrada,2024-01-05,8,R18,1240666
NC-104185,2023-12-30,P04,T03,Baja,Queja de Cliente,Cerrada,2024-01-06,7,R10,279509
NC-100358,2024-01-01,P06,T01,Media,Auditoría Externa,Cerrada,2024-01-11,10,R07,512307
NC-105660,2024-01-01,P04,T06,Media,Autocontrol,Cerrada,2024-01-05,4,R12,207425
NC-101151,2024-01-02,P02,T04,Media,Queja de Cliente,Cerrada,2024-01-05,3,R08,671511
NC-105898,2024-01-03,P08,T05,Media,Inspección de Calidad,Abierta,,,R15,428310
NC-103621,2024-01-03,P03,T05,Crítica,Queja de Cliente,Cerrada,2024-01-13,10,R05,1011525
NC-101947,2024-01-04,P06,T01,Media,Autocontrol,En Tratamiento,,,R09,730126
NC-104620,2024-01-04,P02,T03,Baja,Auditoría Externa,Cerrada,2024-01-19,15,R08,501816
NC-101526,2024-01-05,P03,T02,Baja,Queja de Cliente,Cerrada,2024-01-14,9,R02,85459
NC-103774,2024-01-06,P05,T02,Media,Inspección de Calidad,Cerrada,2024-01-19,13,R17,637516
NC-103243,2024-01-07,P08,T02,Crítica,Queja de Cliente,Cerrada,2024-01-08,1,R12,840742
NC-101376,2024-01-07,P01,T04,Media,Auditoría Externa,Cerrada,2024-01-27,20,R11,236945
NC-101638,2024-01-07,P07,T03,Alta,Queja de Cliente,Cerrada,2024-01-20,13,R05,1061188
NC-103838,2024-01-08,P02,T05,Crítica,Auditoría Interna,En Tratamiento,,,R05,1315553
NC-102940,2024-01-08,P04,T04,Alta,Auditoría Interna,Cerrada,2024-01-11,3,R22,992646
NC-100517,2024-01-08,P06,T02,Baja,Auditoría Interna,Cerrada,2024-01-26,18,R16,373260
NC-105046,2024-01-08,P03,T02,Media,Autocontrol,Cerrada,2024-01-23,15,R12,369098
NC-102427,2024-01-08,P05,T04,Media,Queja de Cliente,Cerrada,2024-01-21,13,R04,339187
NC-105209,2024-01-09,P05,T03,Alta,Auditoría Externa,Cerrada,2024-01-21,12,R14,2698648
NC-104916,2024-01-09,P04,T02,Media,Autocontrol,Cerrada,2024-01-26,17,R02,537092
NC-102943,2024-01-10,P06,T02,Media,Inspección de Calidad,Cerrada,2024-01-21,11,R14,517942
NC-103307,2024-01-11,P08,T05,Baja,Queja de Cliente,Cerrada,2024-01-20,9,R02,480316
NC-106170,2024-01-13,P05,T02,Alta,Auditoría Externa,Cerrada,2024-01-20,7,R06,516348
NC-103525,2024-01-15,P08,T04,Alta,Inspección de Calidad,Cerrada,2024-01-22,7,R12,859785
NC-105641,2024-01-15,P01,T01,Crítica,Auditoría Interna,Cerrada,2024-01-22,7,R17,1042681
NC-100625,2024-01-16,P02,T06,Media,Autocontrol,Abierta,,,R06,78951
NC-100718,2024-01-16,P03,T04,Media,Queja de Cliente,Cerrada,2024-01-23,7,R13,746823
NC-105073,2024-01-17,P06,T03,Crítica,Auditoría Externa,Cerrada,2024-01-28,11,R20,84307
NC-101578,2024-01-18,P04,T02,Alta,Auditoría Externa,Cerrada,2024-01-23,5,R23,756492
NC-103405,2024-01-18,P02,T01,Media,Autocontrol,Cerrada,2024-02-04,17,R16,921905
NC-106044,2024-01-19,P03,T06,Media,Queja de Cliente,Cerrada,2024-02-07,19,R18,796769
NC-104557,2024-01-19,P05,T04,Baja,Auditoría Externa,Cerrada,2024-01-20,1,R22,283285
NC-102368,2024-01-19,P02,T02,Baja,Inspección de Calidad,Cerrada,2024-01-23,4,R18,12544
NC-105886,2024-01-19,P08,T03,Alta,Inspección de Calidad,Cerrada,2024-02-03,15,R19,1510544
NC-103841,2024-01-20,P01,T03,Baja,Queja de Cliente,En Tratamiento,,,R12,261968
NC-104285,2024-01-21,P08,T03,Alta,Inspección de Calidad,Cerrada,2024-01-30,9,R12,2449895
NC-103118,2024-01-22,P08,T06,Alta,Queja de Cliente,Cerrada,2024-01-28,6,R05,1297711
NC-100022,2024-01-22,P06,T01,Media,Inspección de Calidad,Cerrada,2024-01-31,9,R21,374453
NC-104414,2024-01-22,P07,T02,Media,Auditoría Interna,Cerrada,2024-02-04,13,R15,345631
NC-102072,2024-01-24,P02,T01,Media,Autocontrol,Cerrada,2024-02-04,11,R14,540251
NC-100678,2024-01-25,P03,T03,Alta,Autocontrol,Abierta,,,R23,949432
NC-105180,2024-01-26,P04,T04,Media,Autocontrol,Cerrada,2024-02-07,12,R23,1453185
NC-105197,2024-01-28,P06,T04,Crítica,Queja de Cliente,Cerrada,2024-02-03,6,R13,974227
NC-106060,2024-01-29,P05,T02,Media,Autocontrol,Cerrada,2024-02-01,3,R14,174905
NC-105134,2024-01-29,P05,T02,Media,Queja de Cliente,En Tratamiento,,,R20,237546
NC-103866,2024-02-01,P02,T02,Alta,Auditoría Interna,Cerrada,2024-02-11,10,R18,1198286
NC-102363,2024-02-01,P05,T03,Alta,Queja de Cliente,Cerrada,2024-02-24,23,R15,420521
NC-100788,2024-02-01,P06,T05,Baja,Auditoría Externa,Cerrada,2024-02-03,2,R23,211741
NC-103728,2024-02-01,P02,T03,Crítica,Autocontrol,Cerrada,2024-02-11,10,R21,1228033
NC-104031,2024-02-02,P04,T01,Crítica,Inspección de Calidad,Cerrada,2024-02-03,1,R06,2133684
NC-103788,2024-02-05,P01,T01,Baja,Auditoría Externa,En Tratamiento,,,R06,129282
NC-102378,2024-02-05,P06,T01,Alta,Inspección de Calidad,Cerrada,2024-02-11,6,R12,800635
NC-106133,2024-02-06,P05,T02,Media,Autocontrol,Cerrada,2024-02-10,4,R17,351113
NC-103367,2024-02-07,P03,T02,Baja,Inspección de Calidad,Cerrada,2024-02-09,2,R02,72711
NC-100723,2024-02-08,P01,T06,Media,Auditoría Interna,Cerrada,2024-02-22,14,R17,221870
NC-102300,2024-02-10,P04,T03,Media,Inspección de Calidad,Cerrada,2024-02-19,9,R18,543717
NC-101509,2024-02-13,P06,T01,Baja,Auditoría Externa,Cerrada,2024-02-29,16,R14,39797
NC-102433,2024-02-13,P04,T01,Media,Inspección de Calidad,Cerrada,2024-02-27,14,R14,385264
NC-101083,2024-02-13,P05,T02,Baja,Inspección de Calidad,Cerrada,2024-02-26,13,R15,48737
NC-101942,2024-02-15,P08,T03,Baja,Inspección de Calidad,Cerrada,2024-02-20,5,R21,527857
NC-102757,2024-02-15,P03,T03,Alta,Auditoría Interna,Cerrada,2024-02-27,12,R07,180318
NC-102197,2024-02-17,P06,T05,Media,Auditoría Interna,Cerrada,2024-02-27,10,R07,366892
NC-101961,2024-02-18,P06,T01,Media,Queja de Cliente,Cerrada,2024-02-22,4,R23,460339
NC-106032,2024-02-18,P04,T02,Media,Auditoría Interna,Cerrada,2024-03-08,19,R07,583421
NC-103998,2024-02-18,P03,T06,Media,Autocontrol,En Tratamiento,,,R19,741785
NC-103537,2024-02-18,P05,T06,Baja,Queja de Cliente,Cerrada,2024-03-05,16,R02,262916
NC-100465,2024-02-20,P08,T01,Media,Auditoría Interna,En Tratamiento,,,R15,745911
NC-103694,2024-02-22,P02,T05,Baja,Auditoría Externa,Cerrada,2024-03-20,27,R16,140452
NC-103642,2024-02-25,P06,T04,Alta,Autocontrol,Cerrada,2024-03-25,29,R17,1035823
NC-105567,2024-02-25,P02,T02,Baja,Inspección de Calidad,Cerrada,2024-03-03,7,R22,27433
NC-101429,2024-02-25,P04,T05,Media,Auditoría Externa,En Tratamiento,,,R02,1188801
NC-105699,2024-02-25,P06,T05,Media,Auditoría Externa,Cerrada,2024-02-29,4,R01,419467
NC-100026,2024-02-25,P04,T04,Alta,Autocontrol,En Tratamiento,,,R06,899186
NC-103204,2024-02-26,P07,T04,Alta,Inspección de Calidad,Cerrada,2024-03-01,4,R12,648279
NC-101391,2024-02-27,P07,T06,Media,Auditoría Externa,Cerrada,2024-03-14,16,R19,489454
NC-103622,2024-02-29,P06,T03,Alta,Auditoría Externa,Cerrada,2024-03-25,25,R20,671823
NC-102324,2024-03-02,P08,T03,Alta,Queja de Cliente,Cerrada,2024-03-12,10,R08,477045
NC-105620,2024-03-04,P02,T02,Media,Auditoría Externa,Cerrada,2024-03-16,12,R21,35821
NC-100285,2024-03-05,P06,T01,Baja,Auditoría Interna,En Tratamiento,,,R13,235326
NC-101277,2024-03-05,P08,T04,Media,Inspección de Calidad,Cerrada,2024-03-15,10,R06,411212
NC-104807,2024-03-05,P07,T02,Media,Inspección de Calidad,Cerrada,2024-03-11,6,R13,348411
NC-102962,2024-03-07,P04,T01,Alta,Inspección de Calidad,Cerrada,2024-03-18,11,R07,1167115
NC-104577,2024-03-07,P04,T03,Baja,Queja de Cliente,Cerrada,2024-03-13,6,R15,682619
NC-103325,2024-03-07,P05,T01,Alta,Autocontrol,En Tratamiento,,,R07,503133
NC-102885,2024-03-08,P03,T05,Media,Queja de Cliente,Cerrada,2024-03-14,6,R21,132669
NC-100873,2024-03-08,P08,T03,Baja,Inspección de Calidad,Cerrada,2024-03-14,6,R08,256276
NC-102955,2024-03-11,P06,T05,Alta,Autocontrol,Cerrada,2024-04-07,27,R06,69418
NC-105296,2024-03-12,P03,T05,Media,Inspección de Calidad,Abierta,,,R21,110104
NC-101754,2024-03-12,P02,T05,Baja,Inspección de Calidad,Cerrada,2024-03-23,11,R04,15233
NC-105339,2024-03-12,P01,T04,Alta,Auditoría Externa,Cerrada,2024-03-20,8,R04,289286
NC-104886,2024-03-13,P02,T03,Crítica,Auditoría Externa,Cerrada,2024-03-20,7,R09,1008267
NC-104107,2024-03-13,P04,T01,Alta,Autocontrol,Cerrada,2024-03-17,4,R07,780389
NC-102697,2024-03-14,P08,T06,Baja,Auditoría Interna,Cerrada,2024-03-31,17,R01,210764
NC-103064,2024-03-15,P04,T01,Crítica,Autocontrol,En Tratamiento,,,R19,2615583
NC-101008,2024-03-16,P01,T04,Alta,Auditoría Interna,Abierta,,,R13,733522
NC-102056,2024-03-16,P05,T06,Media,Inspección de Calidad,Cerrada,2024-03-27,11,R17,369594
NC-102803,2024-03-17,P01,T05,Alta,Autocontrol,Cerrada,2024-03-26,9,R15,523949
NC-101211,2024-03-17,P07,T03,Media,Auditoría Externa,Cerrada,2024-03-26,9,R14,142056
NC-105364,2024-03-17,P06,T05,Media,Inspección de Calidad,Cerrada,2024-04-02,16,R13,73086
NC-105654,2024-03-18,P07,T02,Alta,Auditoría Interna,Cerrada,2024-03-21,3,R09,1176377
NC-103920,2024-03-18,P07,T05,Media,Autocontrol,Cerrada,2024-03-31,13,R02,452907
NC-104148,2024-03-19,P06,T06,Baja,Auditoría Externa,En Tratamiento,,,R16,308705
NC-101512,2024-03-19,P06,T02,Baja,Auditoría Externa,Cerrada,2024-03-22,3,R16,64437
NC-104719,2024-03-21,P04,T01,Media,Queja de Cliente,Cerrada,2024-03-28,7,R22,493689
NC-105500,2024-03-21,P04,T01,Alta,Autocontrol,Cerrada,2024-03-26,5,R20,897890
NC-106191,2024-03-21,P01,T04,Baja,Auditoría Externa,Cerrada,2024-03-30,9,R15,59647
NC-102858,2024-03-22,P01,T03,Media,Auditoría Externa,Cerrada,2024-04-09,18,R04,706011
NC-105918,2024-03-22,P04,T04,Media,Auditoría Externa,Cerrada,2024-03-29,7,R15,1288255
NC-100774,2024-03-22,P07,T04,Baja,Queja de Cliente,Cerrada,2024-03-23,1,R18,766964
NC-100384,2024-03-23,P06,T04,Media,Autocontrol,Cerrada,2024-04-22,30,R14,480032
NC-103885,2024-03-23,P06,T01,Alta,Auditoría Interna,Cerrada,2024-03-31,8,R08,219905
NC-104829,2024-03-23,P08,T04,Media,Inspección de Calidad,Cerrada,2024-04-17,25,R02,295473
NC-104351,2024-03-24,P05,T04,Crítica,Queja de Cliente,Cerrada,2024-04-15,22,R06,2942373
NC-100879,2024-03-24,P01,T06,Baja,Queja de Cliente,Cerrada,2024-03-29,5,R15,56872
NC-104072,2024-03-24,P04,T02,Alta,Autocontrol,En Tratamiento,,,R17,858566
NC-100169,2024-03-25,P05,T04,Baja,Autocontrol,Cerrada,2024-04-15,21,R19,758436
NC-100160,2024-03-26,P05,T04,Alta,Queja de Cliente,Cerrada,2024-04-06,11,R11,2051632
NC-106057,2024-03-27,P08,T02,Media,Auditoría Externa,Cerrada,2024-04-08,12,R06,329773
NC-102608,2024-03-27,P02,T02,Media,Queja de Cliente,Cerrada,2024-04-05,9,R21,654946
NC-103462,2024-03-27,P03,T01,Baja,Autocontrol,Cerrada,2024-03-30,3,R02,41076
NC-104396,2024-03-27,P04,T06,Alta,Autocontrol,Cerrada,2024-04-09,13,R08,1782225
NC-103082,2024-03-28,P01,T01,Baja,Auditoría Interna,Cerrada,2024-04-07,10,R17,42116
NC-106055,2024-03-29,P08,T01,Baja,Inspección de Calidad,Cerrada,2024-05-03,35,R02,110138
NC-104621,2024-03-31,P08,T05,Crítica,Auditoría Externa,Cerrada,2024-04-12,12,R23,1191818
NC-103084,2024-04-02,P04,T06,Crítica,Inspección de Calidad,Cerrada,2024-04-03,1,R13,688520
NC-101557,2024-04-02,P03,T05,Alta,Auditoría Interna,Cerrada,2024-04-23,21,R11,462427
NC-100452,2024-04-02,P01,T01,Baja,Auditoría Externa,Cerrada,2024-04-18,16,R07,333870
NC-101001,2024-04-04,P08,T04,Alta,Auditoría Externa,En Tratamiento,,,R12,746800
NC-100350,2024-04-04,P03,T02,Media,Auditoría Externa,Cerrada,2024-05-01,27,R22,459142
NC-104030,2024-04-05,P06,T04,Media,Autocontrol,Cerrada,2024-04-22,17,R01,276384
NC-101933,2024-04-05,P02,T05,Media,Auditoría Externa,Cerrada,2024-04-16,11,R06,315906
NC-102570,2024-04-06,P08,T05,Baja,Auditoría Interna,Cerrada,2024-04-09,3,R14,17211
NC-104949,2024-04-07,P05,T03,Media,Autocontrol,Cerrada,2024-04-20,13,R04,535259
NC-100286,2024-04-08,P01,T06,Alta,Inspección de Calidad,Cerrada,2024-04-16,8,R15,1311184
NC-104965,2024-04-08,P02,T01,Alta,Autocontrol,Cerrada,2024-04-12,4,R14,980147
NC-102820,2024-04-09,P02,T02,Alta,Auditoría Externa,Cerrada,2024-04-13,4,R05,675272
NC-101725,2024-04-09,P02,T02,Baja,Queja de Cliente,Cerrada,2024-05-12,33,R05,324063
NC-100080,2024-04-09,P01,T05,Alta,Auditoría Interna,Cerrada,2024-05-02,23,R12,1034177
NC-105953,2024-04-11,P01,T05,Media,Inspección de Calidad,Cerrada,2024-04-29,18,R22,149359
NC-102329,2024-04-11,P05,T02,Crítica,Auditoría Interna,Cerrada,2024-04-21,10,R15,1205747
NC-100185,2024-04-11,P05,T03,Alta,Inspección de Calidad,Cerrada,2024-04-15,4,R05,516726
NC-106078,2024-04-12,P08,T06,Crítica,Auditoría Interna,Cerrada,2024-05-03,21,R06,634566
NC-105849,2024-04-12,P05,T03,Baja,Inspección de Calidad,Cerrada,2024-04-21,9,R14,49120
NC-101223,2024-04-12,P03,T06,Baja,Inspección de Calidad,Cerrada,2024-04-22,10,R17,29920
NC-105152,2024-04-13,P07,T02,Baja,Inspección de Calidad,Cerrada,2024-04-18,5,R11,33631
NC-102548,2024-04-15,P03,T02,Crítica,Autocontrol,Cerrada,2024-04-24,9,R18,418919
NC-104576,2024-04-15,P07,T04,Alta,Auditoría Externa,Cerrada,2024-05-01,16,R19,234464
NC-100814,2024-04-16,P07,T03,Media,Auditoría Externa,Cerrada,2024-04-25,9,R15,1333423
NC-100294,2024-04-16,P05,T01,Alta,Auditoría Interna,Abierta,,,R11,851807
NC-104359,2024-04-16,P06,T04,Alta,Auditoría Interna,Cerrada,2024-04-30,14,R06,636749
NC-105324,2024-04-18,P02,T03,Alta,Autocontrol,Cerrada,2024-05-11,23,R22,650331
NC-102965,2024-04-18,P02,T06,Baja,Auditoría Externa,Cerrada,2024-04-26,8,R11,46406
NC-101629,2024-04-19,P08,T05,Alta,Inspección de Calidad,Cerrada,2024-05-05,16,R14,1990438
NC-100644,2024-04-19,P02,T01,Crítica,Auditoría Externa,Cerrada,2024-05-16,27,R02,1186643
NC-103328,2024-04-19,P04,T04,Baja,Auditoría Externa,Abierta,,,R12,328661
NC-105954,2024-04-20,P01,T04,Baja,Auditoría Externa,Cerrada,2024-04-29,9,R11,287415
NC-102954,2024-04-20,P07,T06,Baja,Auditoría Externa,Cerrada,2024-04-26,6,R11,56265
NC-105825,2024-04-21,P03,T05,Alta,Queja de Cliente,En Tratamiento,,,R13,1851606
NC-101445,2024-04-21,P05,T03,Baja,Auditoría Interna,Cerrada,2024-05-03,12,R21,147586
NC-101957,2024-04-21,P06,T06,Baja,Autocontrol,Cerrada,2024-04-24,3,R22,63883
NC-105183,2024-04-22,P03,T02,Media,Auditoría Interna,Cerrada,2024-05-10,18,R12,828980
NC-102961,2024-04-22,P07,T02,Media,Autocontrol,En Tratamiento,,,R18,523813
NC-100164,2024-04-23,P04,T05,Media,Auditoría Externa,En Tratamiento,,,R19,567670
NC-102401,2024-04-23,P05,T03,Baja,Auditoría Interna,Cerrada,2024-05-24,31,R21,73937
NC-102168,2024-04-24,P06,T06,Baja,Autocontrol,Cerrada,2024-05-11,17,R07,240386
NC-103715,2024-04-24,P03,T05,Alta,Queja de Cliente,Cerrada,2024-05-09,15,R08,1646017
NC-102510,2024-04-25,P08,T06,Media,Autocontrol,Cerrada,2024-05-10,15,R12,365841
NC-102450,2024-04-26,P06,T05,Media,Auditoría Interna,Cerrada,2024-04-28,2,R02,314199
NC-103407,2024-04-26,P08,T02,Media,Auditoría Externa,En Tratamiento,,,R14,320327
NC-100760,2024-04-27,P08,T02,Baja,Auditoría Externa,Cerrada,2024-05-20,23,R21,216575
NC-103012,2024-04-27,P03,T05,Media,Autocontrol,Cerrada,2024-05-07,10,R01,953454
NC-104440,2024-04-27,P08,T02,Baja,Inspección de Calidad,Cerrada,2024-05-04,7,R02,47131
NC-105568,2024-04-28,P07,T02,Alta,Queja de Cliente,Cerrada,2024-05-15,17,R06,834917
NC-105215,2024-04-28,P05,T04,Media,Auditoría Interna,Cerrada,2024-05-11,13,R12,260897
NC-100967,2024-05-01,P07,T06,Alta,Auditoría Externa,Cerrada,2024-05-12,11,R05,1920840
NC-105337,2024-05-01,P02,T02,Alta,Auditoría Interna,Cerrada,2024-05-26,25,R20,1061201
NC-100470,2024-05-05,P06,T06,Baja,Autocontrol,Cerrada,2024-06-17,43,R06,128711
NC-102927,2024-05-05,P02,T01,Media,Auditoría Interna,Cerrada,2024-05-09,4,R20,309631
NC-101287,2024-05-06,P02,T01,Alta,Auditoría Interna,En Tratamiento,,,R07,832827
NC-105776,2024-05-07,P05,T01,Alta,Autocontrol,Cerrada,2024-05-14,7,R02,301310
NC-102006,2024-05-07,P07,T03,Alta,Inspección de Calidad,Cerrada,2024-05-10,3,R23,1222177
NC-102806,2024-05-07,P06,T03,Media,Inspección de Calidad,En Tratamiento,,,R16,743613
NC-100931,2024-05-07,P02,T01,Baja,Autocontrol,Cerrada,2024-05-25,18,R12,272655
NC-100621,2024-05-08,P01,T06,Crítica,Inspección de Calidad,Cerrada,2024-05-23,15,R06,1266293
NC-105226,2024-05-08,P03,T01,Media,Queja de Cliente,Cerrada,2024-05-20,12,R18,377621
NC-103649,2024-05-08,P08,T02,Media,Queja de Cliente,Cerrada,2024-05-20,12,R12,246993
NC-100416,2024-05-09,P04,T06,Media,Inspección de Calidad,Cerrada,2024-05-11,2,R22,263408
NC-103410,2024-05-11,P06,T02,Alta,Autocontrol,Cerrada,2024-05-27,16,R09,844902
NC-102432,2024-05-11,P02,T06,Media,Autocontrol,Cerrada,2024-05-18,7,R21,819262
NC-100432,2024-05-11,P01,T05,Baja,Queja de Cliente,Abierta,,,R16,253588
NC-101899,2024-05-14,P03,T03,Baja,Auditoría Externa,Cerrada,2024-05-20,6,R09,250233
NC-104824,2024-05-18,P02,T01,Baja,Autocontrol,Cerrada,2024-05-25,7,R05,90198
NC-103235,2024-05-18,P08,T02,Alta,Autocontrol,Cerrada,2024-06-12,25,R02,172828
NC-105606,2024-05-18,P04,T05,Media,Auditoría Interna,Cerrada,2024-06-02,15,R08,364131
NC-101900,2024-05-20,P07,T01,Baja,Auditoría Externa,Cerrada,2024-06-01,12,R08,467385
NC-104607,2024-05-21,P08,T05,Baja,Autocontrol,Cerrada,2024-05-26,5,R12,218958
NC-101849,2024-05-21,P08,T06,Media,Queja de Cliente,Cerrada,2024-05-30,9,R05,284939
NC-104305,2024-05-22,P05,T06,Alta,Auditoría Interna,Cerrada,2024-05-29,7,R10,945089
NC-104312,2024-05-22,P04,T05,Media,Inspección de Calidad,Cerrada,2024-06-11,20,R07,78653
NC-100511,2024-05-22,P05,T05,Alta,Queja de Cliente,Cerrada,2024-06-04,13,R02,558667
NC-101989,2024-05-22,P03,T01,Baja,Inspección de Calidad,Cerrada,2024-06-05,14,R08,108326
NC-100691,2024-05-23,P03,T05,Alta,Autocontrol,Cerrada,2024-05-28,5,R12,866180
NC-100734,2024-05-25,P07,T03,Alta,Auditoría Externa,Cerrada,2024-06-02,8,R23,679862
NC-103401,2024-05-25,P03,T02,Crítica,Queja de Cliente,Cerrada,2024-05-31,6,R14,309112
NC-101631,2024-05-26,P04,T03,Baja,Auditoría Interna,Cerrada,2024-06-03,8,R15,347170
NC-103099,2024-05-27,P01,T05,Alta,Auditoría Interna,Cerrada,2024-05-29,2,R10,463373
NC-102700,2024-05-27,P06,T03,Media,Auditoría Interna,Cerrada,2024-06-07,11,R02,124974
NC-102787,2024-05-28,P01,T03,Crítica,Auditoría Interna,En Tratamiento,,,R10,1661033
NC-100757,2024-05-28,P03,T03,Alta,Queja de Cliente,Cerrada,2024-06-28,31,R16,1116731
NC-101926,2024-05-29,P03,T04,Alta,Auditoría Externa,Cerrada,2024-06-05,7,R10,191662
NC-101063,2024-05-29,P04,T03,Baja,Autocontrol,Cerrada,2024-06-16,18,R23,197351
NC-105587,2024-05-29,P04,T06,Alta,Inspección de Calidad,Cerrada,2024-06-03,5,R20,442285
NC-103840,2024-05-30,P08,T01,Media,Queja de Cliente,Cerrada,2024-06-02,3,R05,803536
NC-103432,2024-05-31,P03,T02,Media,Autocontrol,Cerrada,2024-06-10,10,R02,413922
NC-104680,2024-06-01,P04,T01,Media,Autocontrol,Cerrada,2024-06-12,11,R09,441845
NC-101732,2024-06-02,P04,T03,Crítica,Autocontrol,Cerrada,2024-06-20,18,R11,3255718
NC-104338,2024-06-03,P06,T06,Baja,Auditoría Externa,Cerrada,2024-06-05,2,R22,93642
NC-101742,2024-06-04,P04,T05,Alta,Auditoría Interna,Cerrada,2024-06-21,17,R04,150826
NC-100627,2024-06-04,P06,T04,Media,Autocontrol,Cerrada,2024-06-13,9,R08,161393
NC-103502,2024-06-06,P08,T03,Alta,Queja de Cliente,Cerrada,2024-06-11,5,R06,1055807
NC-106069,2024-06-06,P07,T06,Baja,Inspección de Calidad,Cerrada,2024-07-03,27,R05,87247
NC-104736,2024-06-07,P08,T06,Baja,Auditoría Interna,Abierta,,,R09,240563
NC-106131,2024-06-08,P05,T06,Media,Queja de Cliente,Cerrada,2024-06-13,5,R07,224597
NC-103512,2024-06-08,P03,T04,Crítica,Queja de Cliente,Cerrada,2024-06-15,7,R06,838001
NC-100535,2024-06-08,P05,T03,Baja,Autocontrol,Cerrada,2024-06-15,7,R06,100388
NC-101148,2024-06-09,P08,T02,Media,Auditoría Interna,Cerrada,2024-06-17,8,R06,405936
NC-104561,2024-06-09,P01,T06,Baja,Queja de Cliente,Cerrada,2024-06-16,7,R15,92300
NC-104094,2024-06-10,P08,T01,Media,Autocontrol,Cerrada,2024-06-15,5,R06,284699
NC-105576,2024-06-10,P05,T04,Baja,Autocontrol,Cerrada,2024-06-21,11,R16,102824
NC-101652,2024-06-12,P02,T04,Alta,Queja de Cliente,Cerrada,2024-06-29,17,R22,1451705
NC-101934,2024-06-13,P01,T03,Media,Queja de Cliente,Cerrada,2024-06-23,10,R20,444330
NC-100204,2024-06-14,P07,T03,Media,Inspección de Calidad,Cerrada,2024-06-25,11,R16,659568
NC-104288,2024-06-14,P08,T05,Baja,Auditoría Interna,Cerrada,2024-06-17,3,R16,278261
NC-103303,2024-06-15,P02,T02,Crítica,Inspección de Calidad,Cerrada,2024-06-27,12,R16,511078
NC-100271,2024-06-15,P05,T02,Alta,Auditoría Externa,Cerrada,2024-06-24,9,R15,1722263
NC-104533,2024-06-15,P03,T06,Baja,Auditoría Externa,Cerrada,2024-07-02,17,R15,193010
NC-100140,2024-06-16,P01,T02,Alta,Queja de Cliente,Abierta,,,R02,743150
NC-105932,2024-06-17,P03,T01,Crítica,Queja de Cliente,Cerrada,2024-06-28,11,R07,587149
NC-103555,2024-06-17,P03,T04,Baja,Auditoría Externa,Cerrada,2024-06-26,9,R16,365295
NC-102507,2024-06-17,P03,T04,Baja,Autocontrol,Cerrada,2024-06-20,3,R08,409134
NC-102712,2024-06-18,P06,T02,Media,Queja de Cliente,Cerrada,2024-07-02,14,R06,236035
NC-105881,2024-06-20,P02,T05,Alta,Autocontrol,Cerrada,2024-06-24,4,R07,502047
NC-103524,2024-06-20,P06,T02,Baja,Inspección de Calidad,En Tratamiento,,,R10,687926
NC-102181,2024-06-21,P01,T02,Baja,Auditoría Interna,Cerrada,2024-08-04,44,R11,30565
NC-102563,2024-06-21,P03,T04,Baja,Inspección de Calidad,En Tratamiento,,,R04,77602
NC-102911,2024-06-22,P07,T05,Alta,Auditoría Externa,Cerrada,2024-07-03,11,R17,623064
NC-104677,2024-06-22,P05,T01,Media,Autocontrol,Cerrada,2024-06-27,5,R21,730561
NC-100443,2024-06-22,P05,T03,Media,Auditoría Interna,Cerrada,2024-07-05,13,R04,570796
NC-100178,2024-06-22,P02,T02,Alta,Queja de Cliente,Cerrada,2024-06-25,3,R17,518086
NC-105338,2024-06-23,P06,T05,Baja,Inspección de Calidad,Cerrada,2024-06-30,7,R18,149630
NC-103863,2024-06-24,P03,T01,Media,Auditoría Externa,En Tratamiento,,,R21,18065
NC-104661,2024-06-24,P04,T02,Baja,Queja de Cliente,Cerrada,2024-06-30,6,R08,256030
NC-104045,2024-06-26,P03,T05,Media,Auditoría Interna,Cerrada,2024-07-10,14,R23,542755
NC-104660,2024-06-26,P02,T02,Crítica,Queja de Cliente,Cerrada,2024-07-16,20,R22,504667
NC-102287,2024-06-27,P04,T01,Alta,Autocontrol,Cerrada,2024-07-11,14,R16,304597
NC-105369,2024-06-27,P02,T04,Baja,Autocontrol,En Tratamiento,,,R11,227192
NC-105416,2024-06-28,P08,T01,Media,Auditoría Externa,Cerrada,2024-07-10,12,R01,1172718
NC-101186,2024-07-01,P08,T01,Media,Auditoría Externa,Cerrada,2024-07-11,10,R13,123122
NC-100893,2024-07-02,P05,T03,Crítica,Auditoría Externa,Cerrada,2024-07-05,3,R09,994699
NC-101306,2024-07-02,P07,T04,Baja,Auditoría Externa,Abierta,,,R14,117937
NC-104635,2024-07-03,P08,T04,Media,Auditoría Interna,Cerrada,2024-07-25,22,R11,155317
NC-103674,2024-07-03,P04,T04,Media,Autocontrol,Cerrada,2024-07-11,8,R16,150714
NC-103626,2024-07-03,P08,T04,Media,Queja de Cliente,Cerrada,2024-07-24,21,R08,51180
NC-102947,2024-07-03,P07,T02,Media,Autocontrol,Cerrada,2024-07-07,4,R07,997505
NC-102543,2024-07-03,P08,T04,Alta,Autocontrol,Cerrada,2024-07-14,11,R08,446236
NC-104409,2024-07-04,P02,T04,Media,Autocontrol,Cerrada,2024-07-22,18,R21,562502
NC-105826,2024-07-05,P01,T03,Baja,Queja de Cliente,En Tratamiento,,,R04,202577
NC-104823,2024-07-05,P05,T04,Media,Auditoría Interna,Cerrada,2024-07-23,18,R10,454352
NC-103561,2024-07-06,P01,T06,Crítica,Autocontrol,Cerrada,2024-07-15,9,R07,543820
NC-102670,2024-07-08,P07,T03,Media,Auditoría Externa,Cerrada,2024-07-20,12,R10,230364
NC-102788,2024-07-08,P02,T03,Media,Autocontrol,En Tratamiento,,,R20,407940
NC-106023,2024-07-09,P02,T02,Media,Queja de Cliente,Cerrada,2024-07-14,5,R08,354691
NC-106200,2024-07-09,P04,T05,Baja,Inspección de Calidad,Cerrada,2024-07-24,15,R06,428288
NC-105676,2024-07-10,P07,T05,Baja,Queja de Cliente,En Tratamiento,,,R23,159371
NC-104187,2024-07-12,P03,T03,Baja,Inspección de Calidad,Cerrada,2024-07-22,10,R04,6103
NC-100599,2024-07-12,P01,T02,Baja,Auditoría Externa,En Tratamiento,,,R02,78371
NC-104369,2024-07-12,P06,T04,Alta,Queja de Cliente,Cerrada,2024-08-08,27,R23,219825
NC-103542,2024-07-13,P05,T05,Alta,Auditoría Interna,Cerrada,2024-07-22,9,R17,141204
NC-104598,2024-07-14,P05,T05,Alta,Queja de Cliente,Cerrada,2024-07-20,6,R16,305062
NC-102929,2024-07-16,P04,T01,Alta,Autocontrol,Cerrada,2024-08-01,16,R12,575888
NC-100916,2024-07-16,P03,T05,Media,Queja de Cliente,Cerrada,2024-07-27,11,R09,568114
NC-101260,2024-07-20,P07,T02,Baja,Auditoría Externa,Cerrada,2024-08-01,12,R21,149585
NC-105976,2024-07-21,P04,T04,Alta,Autocontrol,Cerrada,2024-08-01,11,R06,1084575
NC-100601,2024-07-21,P08,T01,Media,Inspección de Calidad,Cerrada,2024-07-26,5,R10,685097
NC-103641,2024-07-21,P04,T06,Alta,Inspección de Calidad,En Tratamiento,,,R01,729229
NC-104796,2024-07-22,P01,T06,Baja,Auditoría Externa,Cerrada,2024-08-17,26,R17,55127
NC-100802,2024-07-23,P02,T05,Media,Auditoría Externa,Abierta,,,R20,801382
NC-103828,2024-07-23,P02,T04,Media,Inspección de Calidad,Cerrada,2024-08-12,20,R04,602909
NC-103281,2024-07-25,P04,T01,Baja,Auditoría Interna,Cerrada,2024-08-09,15,R21,330776
NC-104869,2024-07-26,P08,T02,Media,Auditoría Interna,En Tratamiento,,,R13,950244
NC-106124,2024-07-26,P07,T03,Media,Auditoría Interna,Cerrada,2024-08-07,12,R17,652888
NC-100746,2024-07-27,P01,T01,Crítica,Inspección de Calidad,Cerrada,2024-08-12,16,R02,2103061
NC-105630,2024-07-28,P08,T06,Alta,Auditoría Externa,Cerrada,2024-08-09,12,R11,335030
NC-102838,2024-07-29,P06,T06,Baja,Inspección de Calidad,Cerrada,2024-08-09,11,R14,33665
NC-104330,2024-07-31,P08,T02,Baja,Autocontrol,Cerrada,2024-08-09,9,R21,261731
NC-100906,2024-08-02,P02,T04,Crítica,Queja de Cliente,Cerrada,2024-08-08,6,R16,681275
NC-102136,2024-08-02,P02,T06,Alta,Auditoría Externa,Cerrada,2024-08-16,14,R14,961671
NC-104532,2024-08-03,P08,T04,Baja,Auditoría Interna,Cerrada,2024-08-04,1,R15,121759
NC-103305,2024-08-04,P01,T05,Alta,Autocontrol,Cerrada,2024-09-01,28,R17,580174
NC-103654,2024-08-04,P05,T02,Baja,Inspección de Calidad,Cerrada,2024-08-12,8,R17,165255
NC-105345,2024-08-04,P05,T05,Baja,Auditoría Externa,Cerrada,2024-08-17,13,R16,249803
NC-101150,2024-08-04,P08,T04,Crítica,Inspección de Calidad,Cerrada,2024-08-20,16,R19,1037684
NC-100513,2024-08-05,P06,T06,Alta,Auditoría Interna,Cerrada,2024-08-17,12,R02,624528
NC-102555,2024-08-05,P05,T01,Alta,Queja de Cliente,Cerrada,2024-08-24,19,R07,113703
NC-105117,2024-08-06,P02,T03,Alta,Auditoría Interna,Cerrada,2024-08-12,6,R06,164687
NC-105977,2024-08-06,P02,T05,Baja,Autocontrol,Cerrada,2024-08-18,12,R06,180517
NC-100918,2024-08-06,P07,T02,Alta,Auditoría Interna,Cerrada,2024-08-21,15,R22,1146648
NC-101944,2024-08-06,P08,T05,Crítica,Queja de Cliente,En Tratamiento,,,R19,4270860
NC-101362,2024-08-06,P04,T05,Alta,Inspección de Calidad,Cerrada,2024-08-22,16,R23,186839
NC-103571,2024-08-08,P04,T02,Media,Queja de Cliente,Cerrada,2024-08-15,7,R16,532327
NC-103076,2024-08-08,P02,T01,Media,Inspección de Calidad,Cerrada,2024-08-19,11,R11,482848
NC-100838,2024-08-11,P08,T03,Baja,Auditoría Interna,Cerrada,2024-08-22,11,R02,15859
NC-104911,2024-08-11,P06,T04,Baja,Auditoría Externa,Cerrada,2024-08-21,10,R13,165402
NC-104767,2024-08-13,P05,T03,Media,Inspección de Calidad,Cerrada,2024-08-18,5,R08,480258
NC-102997,2024-08-13,P05,T01,Crítica,Auditoría Interna,Cerrada,2024-08-16,3,R18,1271262
NC-101545,2024-08-14,P07,T06,Media,Queja de Cliente,Cerrada,2024-08-24,10,R02,345350
NC-101751,2024-08-14,P04,T06,Media,Auditoría Externa,Cerrada,2024-08-21,7,R08,672190
NC-102968,2024-08-15,P04,T02,Media,Auditoría Externa,Cerrada,2024-08-17,2,R04,751081
NC-100293,2024-08-15,P06,T06,Baja,Autocontrol,Cerrada,2024-08-19,4,R06,368251
NC-102307,2024-08-16,P04,T06,Media,Auditoría Externa,Cerrada,2024-08-19,3,R19,590540
NC-102873,2024-08-17,P08,T04,Alta,Auditoría Interna,Cerrada,2024-08-21,4,R04,1237001
NC-103552,2024-08-18,P02,T03,Alta,Auditoría Interna,Cerrada,2024-09-10,23,R11,216565
NC-101271,2024-08-18,P02,T03,Alta,Queja de Cliente,Cerrada,2024-08-29,11,R11,158080
NC-101734,2024-08-18,P02,T04,Media,Inspección de Calidad,Cerrada,2024-08-26,8,R19,907015
NC-100288,2024-08-20,P02,T02,Alta,Inspección de Calidad,En Tratamiento,,,R09,273447
NC-103203,2024-08-20,P06,T06,Media,Autocontrol,Cerrada,2024-09-01,12,R05,367771
NC-106086,2024-08-21,P02,T03,Baja,Auditoría Interna,Cerrada,2024-08-27,6,R17,27106
NC-103060,2024-08-21,P02,T05,Baja,Auditoría Interna,Cerrada,2024-09-20,30,R18,151619
NC-101552,2024-08-22,P03,T05,Alta,Inspección de Calidad,Cerrada,2024-09-04,13,R11,1114186
NC-104276,2024-08-23,P07,T03,Crítica,Queja de Cliente,Cerrada,2024-09-16,24,R01,2781418
NC-104484,2024-08-24,P07,T06,Media,Queja de Cliente,Cerrada,2024-09-02,9,R12,295711
NC-102577,2024-08-24,P03,T06,Crítica,Autocontrol,Cerrada,2024-09-13,20,R18,1971453
NC-103259,2024-08-24,P08,T02,Media,Auditoría Interna,En Tratamiento,,,R12,160950
NC-104411,2024-08-25,P02,T02,Crítica,Inspección de Calidad,Cerrada,2024-09-03,9,R11,2491984
NC-100299,2024-08-25,P07,T01,Baja,Inspección de Calidad,Cerrada,2024-09-22,28,R11,109223
NC-103945,2024-08-25,P02,T01,Alta,Queja de Cliente,Cerrada,2024-09-02,8,R09,1236220
NC-100359,2024-08-27,P07,T06,Media,Queja de Cliente,Cerrada,2024-09-02,6,R22,525172
NC-105624,2024-08-28,P05,T03,Media,Auditoría Interna,Cerrada,2024-09-07,10,R24,422300
NC-102160,2024-08-28,P03,T06,Baja,Auditoría Externa,En Tratamiento,,,R12,275803
NC-102718,2024-08-28,P06,T05,Alta,Autocontrol,Cerrada,2024-09-08,11,R01,233966
NC-102265,2024-08-28,P07,T01,Media,Auditoría Externa,Cerrada,2024-09-04,7,R21,295987
NC-104770,2024-08-28,P01,T04,Media,Auditoría Interna,Cerrada,2024-09-10,13,R07,452819
NC-104249,2024-08-28,P06,T03,Alta,Inspección de Calidad,Cerrada,2024-09-05,8,R02,813030
NC-101504,2024-08-28,P05,T02,Baja,Autocontrol,Cerrada,2024-09-04,7,R08,187393
NC-105309,2024-08-29,P02,T04,Baja,Auditoría Externa,Cerrada,2024-09-08,10,R14,134525
NC-104342,2024-08-30,P04,T05,Media,Auditoría Interna,Cerrada,2024-09-06,7,R13,752041
NC-103163,2024-09-01,P02,T05,Baja,Auditoría Interna,Cerrada,2024-09-15,14,R02,398221
NC-103878,2024-09-01,P02,T02,Media,Auditoría Externa,Cerrada,2024-09-26,25,R07,564927
NC-102000,2024-09-02,P02,T03,Media,Auditoría Interna,En Tratamiento,,,R19,499571
NC-103663,2024-09-02,P05,T06,Baja,Auditoría Interna,Cerrada,2024-09-06,4,R02,203527
NC-105550,2024-09-02,P04,T02,Baja,Inspección de Calidad,Cerrada,2024-09-10,8,R10,316112
NC-101979,2024-09-02,P05,T06,Baja,Auditoría Interna,Cerrada,2024-09-16,14,R11,395929
NC-104141,2024-09-04,P02,T05,Alta,Auditoría Externa,Cerrada,2024-09-27,23,R07,27421
NC-103754,2024-09-04,P02,T02,Crítica,Auditoría Interna,Cerrada,2024-09-25,21,R06,2785595
NC-100381,2024-09-05,P02,T04,Baja,Inspección de Calidad,Cerrada,2024-10-06,31,R02,51900
NC-105672,2024-09-05,P03,T04,Media,Inspección de Calidad,Cerrada,2024-09-25,20,R12,527816
NC-105716,2024-09-05,P05,T05,Media,Auditoría Externa,Cerrada,2024-09-09,4,R17,902756
NC-102212,2024-09-06,P07,T06,Crítica,Auditoría Interna,Cerrada,2024-09-09,3,R21,1965859
NC-100869,2024-09-07,P07,T06,Crítica,Queja de Cliente,Cerrada,2024-09-19,12,R02,853666
NC-100811,2024-09-07,P04,T06,Media,Inspección de Calidad,Cerrada,2024-09-16,9,R19,1088422
NC-101544,2024-09-08,P07,T01,Baja,Inspección de Calidad,Cerrada,2024-09-15,7,R19,149257
NC-100824,2024-09-08,P06,T05,Media,Inspección de Calidad,Cerrada,2024-09-12,4,R13,472219
NC-104019,2024-09-09,P01,T01,Media,Queja de Cliente,Cerrada,2024-09-23,14,R11,358952
NC-103612,2024-09-10,P02,T05,Media,Inspección de Calidad,Cerrada,2024-09-21,11,R13,160961
NC-102755,2024-09-12,P05,T06,Baja,Auditoría Interna,Cerrada,2024-09-19,7,R24,140457
NC-101406,2024-09-13,P08,T02,Media,Auditoría Interna,Cerrada,2024-09-16,3,R04,886701
NC-104780,2024-09-14,P04,T04,Media,Auditoría Interna,Cerrada,2024-09-22,8,R15,195966
NC-101681,2024-09-15,P03,T02,Baja,Auditoría Interna,Cerrada,2024-09-22,7,R16,82648
NC-104584,2024-09-16,P06,T01,Baja,Queja de Cliente,Cerrada,2024-09-22,6,R04,158850
NC-101941,2024-09-18,P07,T06,Baja,Inspección de Calidad,Cerrada,2024-10-01,13,R05,195339
NC-105111,2024-09-19,P07,T02,Baja,Auditoría Interna,En Tratamiento,,,R12,45169
NC-104097,2024-09-20,P05,T01,Media,Auditoría Interna,Cerrada,2024-10-11,21,R17,473765
NC-103380,2024-09-20,P03,T03,Baja,Auditoría Externa,Cerrada,2024-10-03,13,R15,119401
NC-103743,2024-09-21,P06,T05,Baja,Autocontrol,Cerrada,2024-09-28,7,R21,58587
NC-104510,2024-09-21,P08,T01,Baja,Auditoría Externa,En Tratamiento,,,R05,259796
NC-105300,2024-09-22,P07,T05,Media,Autocontrol,Cerrada,2024-09-29,7,R14,402091
NC-106145,2024-09-22,P01,T05,Baja,Auditoría Externa,Cerrada,2024-09-26,4,R01,466108
NC-101572,2024-09-23,P07,T04,Alta,Auditoría Interna,Cerrada,2024-09-26,3,R14,507486
NC-105169,2024-09-25,P02,T02,Media,Auditoría Externa,Cerrada,2024-10-19,24,R17,773416
NC-100650,2024-09-26,P06,T06,Crítica,Auditoría Interna,Cerrada,2024-09-30,4,R12,1320499
NC-105104,2024-09-28,P07,T01,Media,Inspección de Calidad,Cerrada,2024-10-12,14,R15,373677
NC-100280,2024-09-29,P01,T06,Media,Auditoría Externa,Cerrada,2024-10-07,8,R20,141985
NC-104909,2024-09-30,P02,T02,Media,Inspección de Calidad,Cerrada,2024-10-04,4,R02,180868
NC-105516,2024-10-01,P03,T03,Alta,Auditoría Interna,Cerrada,2024-10-13,12,R15,1236871
NC-101009,2024-10-01,P02,T02,Media,Autocontrol,Cerrada,2024-10-04,3,R19,48254
NC-101619,2024-10-01,P05,T02,Baja,Auditoría Interna,Cerrada,2024-10-16,15,R06,211032
NC-105592,2024-10-03,P04,T02,Media,Auditoría Externa,Cerrada,2024-10-17,14,R11,823404
NC-101246,2024-10-06,P03,T03,Baja,Queja de Cliente,En Tratamiento,,,R17,430724
NC-104733,2024-10-07,P08,T04,Media,Autocontrol,Cerrada,2024-10-13,6,R02,149807
NC-105973,2024-10-07,P06,T04,Baja,Queja de Cliente,Cerrada,2024-10-14,7,R22,134153
NC-104721,2024-10-09,P05,T06,Baja,Queja de Cliente,Cerrada,2024-10-18,9,R24,115296
NC-101251,2024-10-09,P08,T01,Alta,Queja de Cliente,Cerrada,2024-10-13,4,R05,682690
NC-100634,2024-10-10,P06,T03,Alta,Autocontrol,Cerrada,2024-10-22,12,R02,269534
NC-105025,2024-10-11,P05,T03,Media,Auditoría Externa,Cerrada,2024-10-20,9,R18,330767
NC-105950,2024-10-11,P05,T03,Baja,Inspección de Calidad,Cerrada,2024-10-26,15,R15,72471
NC-101102,2024-10-13,P02,T01,Alta,Auditoría Interna,Cerrada,2024-10-19,6,R14,603130
NC-103897,2024-10-13,P01,T03,Media,Auditoría Interna,En Tratamiento,,,R24,1395363
NC-101311,2024-10-14,P08,T04,Baja,Queja de Cliente,En Tratamiento,,,R06,243078
NC-105549,2024-10-17,P06,T01,Crítica,Auditoría Externa,Cerrada,2024-10-24,7,R06,945021
NC-104515,2024-10-18,P05,T06,Media,Queja de Cliente,Cerrada,2024-10-31,13,R09,698833
NC-104966,2024-10-21,P01,T03,Baja,Auditoría Externa,Cerrada,2024-10-28,7,R20,154090
NC-103691,2024-10-22,P01,T05,Baja,Inspección de Calidad,Cerrada,2024-10-30,8,R13,146286
NC-103495,2024-10-23,P07,T01,Media,Queja de Cliente,Cerrada,2024-10-28,5,R08,883040
NC-102717,2024-10-23,P01,T02,Baja,Queja de Cliente,Cerrada,2024-10-26,3,R16,158386
NC-103364,2024-10-23,P02,T02,Baja,Auditoría Externa,Cerrada,2024-11-13,21,R04,122902
NC-104560,2024-10-24,P08,T05,Media,Inspección de Calidad,En Tratamiento,,,R15,1259931
NC-100775,2024-10-24,P04,T01,Baja,Inspección de Calidad,Cerrada,2024-10-26,2,R17,212247
NC-105727,2024-10-24,P01,T04,Alta,Queja de Cliente,Abierta,,,R13,2124116
NC-105054,2024-10-25,P06,T02,Alta,Auditoría Interna,Cerrada,2024-11-05,11,R24,1483386
NC-102007,2024-10-25,P08,T05,Alta,Auditoría Externa,Cerrada,2024-11-07,13,R04,253173
NC-102269,2024-10-26,P04,T05,Baja,Auditoría Interna,Cerrada,2024-11-10,15,R15,366508
NC-104514,2024-10-27,P03,T05,Alta,Auditoría Externa,Cerrada,2024-11-04,8,R01,1911537
NC-102305,2024-10-27,P08,T06,Baja,Auditoría Externa,Cerrada,2024-10-30,3,R06,297083
NC-101339,2024-10-27,P06,T02,Crítica,Inspección de Calidad,Cerrada,2024-11-03,7,R09,1897318
NC-100581,2024-10-29,P05,T01,Media,Autocontrol,Cerrada,2024-11-06,8,R19,243773
NC-101670,2024-10-29,P06,T04,Alta,Auditoría Interna,Cerrada,2024-11-05,7,R09,348591
NC-104385,2024-10-30,P05,T01,Media,Autocontrol,Cerrada,2024-12-11,42,R21,134551
NC-103247,2024-10-30,P05,T03,Alta,Queja de Cliente,Cerrada,2024-11-04,5,R17,184415
NC-102325,2024-11-03,P08,T04,Baja,Queja de Cliente,En Tratamiento,,,R18,107841
NC-104143,2024-11-03,P07,T05,Media,Inspección de Calidad,Cerrada,2024-11-24,21,R02,286209
NC-105204,2024-11-04,P05,T06,Media,Queja de Cliente,Cerrada,2024-11-13,9,R24,59935
NC-105267,2024-11-04,P02,T06,Baja,Inspección de Calidad,Cerrada,2024-11-11,7,R16,30939
NC-101158,2024-11-05,P05,T05,Media,Inspección de Calidad,Cerrada,2024-11-18,13,R22,306186
NC-104364,2024-11-06,P08,T05,Alta,Auditoría Interna,Cerrada,2024-11-09,3,R03,2043323
NC-102138,2024-11-06,P01,T05,Alta,Auditoría Externa,Cerrada,2024-11-27,21,R10,1187208
NC-102332,2024-11-07,P04,T02,Alta,Inspección de Calidad,Cerrada,2024-11-11,4,R23,367416
NC-100729,2024-11-08,P03,T05,Media,Auditoría Externa,Cerrada,2024-11-23,15,R21,187716
NC-102426,2024-11-10,P01,T03,Crítica,Queja de Cliente,Cerrada,2024-12-18,38,R06,278258
NC-103683,2024-11-12,P06,T01,Alta,Inspección de Calidad,Cerrada,2024-11-19,7,R07,593825
NC-101225,2024-11-12,P02,T06,Media,Queja de Cliente,Abierta,,,R10,518831
NC-101507,2024-11-12,P04,T02,Media,Autocontrol,Cerrada,2024-11-24,12,R23,231371
NC-105050,2024-11-13,P07,T03,Alta,Autocontrol,Cerrada,2024-11-21,8,R03,1262822
NC-102251,2024-11-15,P06,T06,Alta,Autocontrol,Cerrada,2024-12-01,16,R02,219996
NC-105729,2024-11-15,P08,T04,Alta,Autocontrol,Cerrada,2024-11-27,12,R19,552849
NC-102049,2024-11-15,P07,T04,Media,Auditoría Externa,Cerrada,2024-11-27,12,R14,341105
NC-105031,2024-11-15,P06,T04,Crítica,Auditoría Externa,Cerrada,2024-11-19,4,R06,246746
NC-100217,2024-11-17,P05,T05,Baja,Queja de Cliente,En Tratamiento,,,R08,529924
NC-104628,2024-11-17,P07,T06,Alta,Inspección de Calidad,En Tratamiento,,,R23,1136456
NC-103263,2024-11-17,P03,T06,Media,Auditoría Externa,Abierta,,,R24,581574
NC-103600,2024-11-17,P04,T02,Alta,Auditoría Interna,En Tratamiento,,,R18,515801
NC-100152,2024-11-19,P01,T06,Baja,Queja de Cliente,Cerrada,2024-11-29,10,R08,705357
NC-102156,2024-11-20,P08,T05,Baja,Autocontrol,Cerrada,2024-11-26,6,R14,133688
NC-105447,2024-11-22,P01,T05,Media,Auditoría Externa,En Tratamiento,,,R20,481229
NC-105805,2024-11-22,P06,T06,Media,Queja de Cliente,Cerrada,2024-11-29,7,R09,734997
NC-105262,2024-11-22,P07,T03,Media,Auditoría Interna,En Tratamiento,,,R01,359737
NC-104785,2024-11-23,P05,T01,Baja,Autocontrol,En Tratamiento,,,R02,152908
NC-100407,2024-11-25,P05,T05,Media,Inspección de Calidad,Abierta,,,R02,253326
NC-104225,2024-11-25,P05,T02,Alta,Autocontrol,Cerrada,2024-12-06,11,R07,1854038
NC-104879,2024-11-26,P06,T03,Baja,Queja de Cliente,Cerrada,2024-12-10,14,R10,140192
NC-101352,2024-11-27,P01,T02,Crítica,Autocontrol,En Tratamiento,,,R09,620951
NC-102429,2024-11-27,P04,T06,Baja,Auditoría Interna,Abierta,,,R16,124267
NC-104857,2024-11-28,P02,T01,Baja,Autocontrol,Abierta,,,R23,248209
NC-102361,2024-11-29,P06,T01,Media,Queja de Cliente,En Tratamiento,,,R10,731017
NC-105959,2024-11-30,P01,T05,Alta,Queja de Cliente,Cerrada,2024-12-15,15,R14,1260310
NC-102032,2024-12-01,P05,T03,Alta,Autocontrol,En Tratamiento,,,R14,613740
NC-102823,2024-12-03,P03,T06,Alta,Inspección de Calidad,Cerrada,2024-12-18,15,R04,790492
NC-105245,2024-12-04,P05,T06,Media,Queja de Cliente,Cerrada,2024-12-12,8,R04,396634
NC-101500,2024-12-05,P01,T02,Baja,Inspección de Calidad,Abierta,,,R21,237969
NC-106040,2024-12-05,P01,T05,Media,Inspección de Calidad,Cerrada,2024-12-26,21,R15,649916
NC-102369,2024-12-05,P06,T05,Media,Auditoría Interna,En Tratamiento,,,R18,332327
NC-104362,2024-12-06,P02,T04,Crítica,Queja de Cliente,Abierta,,,R08,52547
NC-103131,2024-12-07,P04,T03,Alta,Auditoría Interna,Abierta,,,R08,1367225
NC-101250,2024-12-08,P04,T03,Alta,Auditoría Externa,Abierta,,,R06,612071
NC-105281,2024-12-09,P01,T06,Alta,Auditoría Externa,Cerrada,2024-12-12,3,R09,634066
NC-102900,2024-12-10,P06,T04,Baja,Queja de Cliente,Cerrada,2024-12-24,14,R22,111292
NC-104703,2024-12-11,P03,T03,Crítica,Inspección de Calidad,Abierta,,,R06,2259573
NC-106127,2024-12-11,P05,T02,Crítica,Inspección de Calidad,En Tratamiento,,,R07,661828
NC-101018,2024-12-11,P03,T02,Alta,Autocontrol,Cerrada,2024-12-23,12,R03,2084452
NC-100521,2024-12-12,P02,T03,Alta,Auditoría Interna,En Tratamiento,,,R04,781904
NC-100378,2024-12-12,P02,T04,Alta,Autocontrol,Cerrada,2024-12-21,9,R10,854931
NC-103905,2024-12-12,P03,T06,Media,Auditoría Externa,En Tratamiento,,,R03,216537
NC-104872,2024-12-12,P01,T06,Media,Inspección de Calidad,Cerrada,2024-12-16,4,R22,623917
NC-106095,2024-12-13,P03,T01,Media,Autocontrol,Abierta,,,R20,444034
NC-102669,2024-12-13,P06,T04,Baja,Auditoría Interna,En Tratamiento,,,R01,225713
NC-104077,2024-12-13,P06,T01,Media,Autocontrol,En Tratamiento,,,R23,1209807
NC-103358,2024-12-14,P03,T04,Media,Queja de Cliente,Abierta,,,R17,337024
NC-100914,2024-12-14,P08,T05,Media,Queja de Cliente,Cerrada,2024-12-16,2,R23,407133
NC-102601,2024-12-15,P04,T01,Media,Auditoría Externa,Cerrada,2024-12-25,10,R02,193289
NC-101192,2024-12-15,P06,T03,Baja,Queja de Cliente,Abierta,,,R21,413252
NC-104022,2024-12-16,P04,T04,Alta,Autocontrol,Cerrada,2024-12-20,4,R07,1035501
NC-105210,2024-12-16,P04,T01,Alta,Auditoría Externa,Cerrada,2024-12-26,10,R11,1016346
NC-101597,2024-12-16,P07,T04,Alta,Auditoría Interna,Abierta,,,R08,763629
NC-104346,2024-12-17,P04,T04,Baja,Autocontrol,Cerrada,2024-12-22,5,R04,264744
NC-100184,2024-12-18,P04,T04,Baja,Inspección de Calidad,Abierta,,,R01,4440
NC-104769,2024-12-18,P03,T02,Alta,Autocontrol,Cerrada,2024-12-31,13,R21,573909
NC-104347,2024-12-20,P08,T02,Media,Inspección de Calidad,Abierta,,,R23,1275642
NC-105833,2024-12-21,P02,T01,Alta,Auditoría Externa,En Tratamiento,,,R08,310948
NC-101202,2024-12-21,P04,T01,Media,Auditoría Interna,Cerrada,2025-01-29,39,R07,248668
NC-102134,2024-12-21,P02,T01,Crítica,Autocontrol,Abierta,,,R20,1193040
NC-102565,2024-12-23,P03,T05,Media,Queja de Cliente,En Tratamiento,,,R09,249989
NC-104320,2024-12-25,P08,T06,Crítica,Auditoría Interna,Cerrada,2024-12-31,6,R15,615603
NC-106059,2024-12-26,P06,T06,Crítica,Autocontrol,Abierta,,,R20,9114
NC-103426,2024-12-27,P08,T06,Baja,Inspección de Calidad,En Tratamiento,,,R13,238009
NC-105237,2024-12-28,P05,T03,Baja,Auditoría Interna,En Tratamiento,,,R02,334837
NC-100275,2024-12-28,P06,T01,Media,Auditoría Interna,Abierta,,,R21,842679
NC-103454,2024-12-29,P05,T04,Media,Inspección de Calidad,Abierta,,,R09,679475
NC-100582,2024-12-29,P03,T01,Baja,Auditoría Externa,En Tratamiento,,,R09,327500
NC-105616,2024-12-29,P05,T01,Baja,Inspección de Calidad,En Tratamiento,,,R11,142952
NC-100600,2024-12-30,P04,T03,Alta,Inspección de Calidad,En Tratamiento,,,R08,724446
