CLIENTE;IDENTIFICACION;DOCUMENTO;PAIS;CANAL;FORMA DE PAGO;PRODUCTO;VENDEDOR;FECHA;VENTAS;CANTIDAD;DESCUENTO_PORCENTAJE;PRECIO_UNITARIO
Tiendas Olímpica;901765437.0;FV 42516;Panama;APP;Efectivo;Juego TrailChef Deluxe Cook;Patricia Angarita;2024-06-04;76350;6;0.0;12725
Tiendas Olímpica;901765437.0;FV 70173;Guatemala;Redes Sociales;Transferencia Electronica;Bolsa de golf Course Pro;Patricia Angarita;2023-06-14;22200;13;7.6;1708
Super 99;899087237.0;FV 68555;Colombia;Punto de Venta;Efectivo;GPS glaciar;Hernando Portilla;2023-05-03;104850;13;0.0;8065
Cencosud;901776453.0;FV 69538;Mexico;Redes Sociales;Tarjeta de Credito;Maletin Adidas;Lidia Bueno;2023-05-28;55000;10;0.0;5500
Walmart;890342123.0;FV 66062;Honduras;Redes Sociales;Transferencia Electronica;Balon de Microfutbol Golty;Lidia Bueno;2023-02-05;Pendiente;6;7.0;9167
Gessa;901324700.0;FV 41720;Honduras;Punto de Venta;Efectivo;GPS glaciar;Guillermo Benavides;2024-05-16;144950;13;0.0;11150
Tiendas Olímpica;901765437.0;FV 46195;Honduras;Punto de Venta;Efectivo;GPS glaciar;Hernando Portilla;2024-11-01;155350;13;0.0;11950
Walmart;890342123.0;FV 71990;Guatemala;Redes Sociales;Transferencia Electronica;Pantaloneta;Viviana Cano;2023-10-31;65700;2;0.0;32850
Tiendas Olímpica;901765437.0;FV 70368;Peru;Redes Sociales;Transferencia Electronica;Casco de escalada de granito;Patricia Angarita;2023-06-19;30900;8;0.0;3862
;901001382.0;FV 41106;Peru;Redes Sociales;Tarjeta de Credito;Alivio de mordedura de insectos;Patricia Angarita;2024-02-02;75000;6;0.0;12500
Carrefour;900348761.0;FV 67842;Panama;Punto de Venta;Efectivo;Set de Madera Lady Hailstorm Titanium;Hernando Portilla;2023-04-15;206400;6;0.0;34400
Ara;;FV 41751;Ecuador;Punto de Venta;Efectivo;Mochila Canyon Mula Weekender;Patricia Angarita;2024-05-16;137050;8;0.0;17131
Carrefour;900348761.0;FV 68286;Colombia;Redes Sociales;Tarjeta de Credito;Juego TrailChef Deluxe Cook;Viviana Cano;2023-04-26;55000;8;0.0;6875
Ara;901001382.0;FV 41511;Ecuador;Punto de Venta;Efectivo;Set de Madera Lady Hailstorm Titanium;Bernardo Cifuentes;2024-05-16;235690;8;0.0;29461
Tiendas Olímpica;901765437.0;FV 45032;Mexico;Redes Sociales;Tarjeta de Credito;Set de Madera Lady Hailstorm Titanium;Patricia Angarita;2024-10-10;74000;6;0.0;12333
Walmart;890342123.0;FV 42737;Ecuador;Redes Sociales;Tarjeta de Credito;Set de Madera Lady Hailstorm Titanium;Hernando Portilla;2024-06-04;71000;8;0.0;8875
Carrefour;;FV 42167;Nicaragua;Punto de Venta;Efectivo;Arnés Extremo Husky;Patricia Angarita;2024-06-04;118900;10;0.0;11890
Walmart;890342123.0;FV 67695;Panama;APP;Tarjeta de Credito;Juego TrailChef Deluxe Cook;Armando Casas;2023-04-11;68450;8;0.0;8556
Supermercados Peruanos;896789012.0;FV 43962;Peru;Redes Sociales;Tarjeta de Credito;Alivio de mordedura de insectos;Guillermo Benavides;2024-07-09;75000;6;0.0;12500
Unimarc;900434592.0;FV 40979;Peru;Redes Sociales;Efectivo;Gorra Deportiva;Patricia Angarita;2024-02-02;?;6;0.0;12800
Tiendas Olímpica;901765437.0;FV 41473;Ecuador;Punto de Venta;Efectivo;Mochila Canyon Mula Weekender;Armando Casas;2024-04-16;240550;4;0.0;60138
La Anónima;897564399.0;FV 70642;Panama;Redes Sociales;Cheque;Guantes de Arquero Nike;Armando Casas;2023-06-27;10950;6;0.0;1825
Hipermaxi;899453679.0;FV 45838;Nicaragua;Redes Sociales;Transferencia Electronica;Sudadera Puma;Bernardo Cifuentes;2024-10-10;55000;2;0.0;27500
Carrefour;900348761.0;FV 42218;Guatemala;Punto de Venta;Efectivo;Mochila Canyon Mula Weekender;Guillermo Benavides;2024-06-04;107000;10;0.0;10700
Carrefour;900348761.0;FV 40941;Ecuador;Redes Sociales;Efectivo;Bloqueador solar;Guillermo Benavides;2024-02-02;76800;10;0.0;7680
Walmart;890342123.0;FV 70622;Nicaragua;Redes Sociales;Transferencia Electronica;Camiseta Deportiva;Lidia Bueno;2023-06-26;27800;10;0.0;2780
Cencosud;901776453.0;FV 68138;Panama;Redes Sociales;Tarjeta de Credito;Termo de Bicicleta;Patricia Angarita;2023-04-22;57300;13;0.0;4408
;901765437.0;FV 65558;Colombia;Redes Sociales;Transferencia Electronica;Mountain Man Extreme;Lidia Bueno;2023-01-14;40200;6;0.0;6700
Hipermaxi;899453679.0;FV 44883;Panama;APP;Tarjeta de Credito;Juego TrailChef Deluxe Cook;Patricia Angarita;2024-09-25;63550;6;0.0;10592
Carrefour;900348761.0;FV 67872;Panama;Redes Sociales;Cheque;Bolsa de golf Course Pro;Lidia Bueno;2023-04-16;15350;8;0.0;1919
Carrefour;;FV 69869;Nicaragua;Redes Sociales;Tarjeta de Credito;Set de Madera Lady Hailstorm Titanium;Patricia Angarita;2023-06-06;59500;6;8.1;9917
Gessa;901324700.0;FV 69689;Panama;Teléfono;Efectivo;Bloqueador solar;Guillermo Benavides;2023-06-01;75000;10;0.0;7500
Walmart;890342123.0;FV 45996;Ecuador;Punto de Venta;Cheque;Husky Cuerda 200;Patricia Angarita;2024-11-01;410100;4;0.0;102525
Soriana;901345679.0;FV 66472;Peru;Redes Sociales;Transferencia Electronica;Camiseta Deportiva;Lidia Bueno;2023-02-22;24000;10;0.0;2400
Carrefour;900348761.0;FV 68273;Nicaragua;Punto de Venta;Efectivo;Mochila Canyon Mula Weekender;Patricia Angarita;2023-04-26;122850;6;9.6;20475
Unimarc;900434592.0;FV 66145;Mexico;Teléfono;Cheque;Guantes de Arquero Nike;Lidia Bueno;2023-02-09;19700;6;0.0;3283
;899087237.0;FV 44146;Peru;Punto de Venta;Efectivo;Mochila Canyon Mula Weekender;Armando Casas;2024-09-25;102900;6;8.4;17150
Automercados Plaza's;891009100.0;FV 46566;NICARAGUA;Punto de Venta;Efectivo;Set de Madera Lady Hailstorm Titanium;Guillermo Benavides;2024-12-20;141300;6;0.0;23550
Tiendas Olímpica;901765437.0;FV 67198;Nicaragua;Redes Sociales;Transferencia Electronica;Set de Madera Lady Hailstorm Titanium;Hernando Portilla;2023-03-25;54500;6;0.0;9083
Carrefour;900348761.0;FV 44405;Nicaragua;Redes Sociales;Efectivo;Juego TrailChef Deluxe Cook;Guillermo Benavides;2024-09-25;76800;8;6.0;9600
Walmart;890342123.0;FV 72519;Guatemala;Redes Sociales;Transferencia Electronica;Camiseta Deportiva;Hernando Portilla;2023-12-04;54000;3;10.6;18000
Walmart;890342123.0;FV 68226;Colombia;APP;Transferencia Electronica;Casco de escalada de granito;Bernardo Cifuentes;2023-04-24;25800;10;15.6;2580
Hipermaxi;899453679.0;FV 71152;Panama;Redes Sociales;Transferencia Electronica;Camiseta Deportiva;Patricia Angarita;2023-08-17;28600;8;5.9;3575
Tiendas Olímpica;901765437.0;FV 44803;Ecuador;Redes Sociales;Tarjeta de Credito;Termo de Bicicleta;Patricia Angarita;2024-09-25;67800;8;9.1;8475
Super 99;899087237.0;FV 46320;Guatemala;Punto de Venta;Cheque;Mochila Canyon Mula Weekender;Armando Casas;2024-12-20;418450;4;0.0;104612
Hipermaxi;899453679.0;FV 45037;Panama;Redes Sociales;Tarjeta de Credito;Termo de Bicicleta;Hernando Portilla;2024-10-10;73600;10;0.0;7360
Tiendas Olímpica;901765437.0;FV 69915;Ecuador;Redes Sociales;Transferencia Electronica;Kit de cocina TrailChef;Viviana Cano;2023-06-07;32500;13;0.0;2500
Hipermaxi;899453679.0;FV 43425;Nicaragua;Redes Sociales;Transferencia Electronica;Termo de Bicicleta;Viviana Cano;2024-06-04;55000;6;13.0;9167
Hipermaxi;899453679.0;FV 66397;Mexico;Redes Sociales;Transferencia Electronica;Mountain Man Extreme;Viviana Cano;2023-02-19;40300;6;7.1;6717
Hipermaxi;;FV 67493;Ecuador;Redes Sociales;Transferencia Electronica;Pantaloneta;Viviana Cano;2023-04-05;34450;13;0.0;2650
Supermercados Peruanos;896789012.0;FV 69396;Nicaragua;Redes Sociales;Cheque;Guantes de Arquero Nike;Patricia Angarita;2023-05-25;17450;8;0.0;2181
Hipermaxi;899453679.0;FV 44017;Ecuador;APP;Tarjeta de Credito;Termo de Bicicleta;Bernardo Cifuentes;2024-07-09;75000;2;13.2;37500
Tiendas Olímpica;901765437.0;FV 41176;Mexico;Redes Sociales;Tarjeta de Credito;Arnés Extremo Husky;Armando Casas;2024-02-02;71550;8;7.6;8944
La Anónima;897564399.0;FV 68089;Nicaragua;Redes Sociales;Efectivo;Bloqueador solar;Guillermo Benavides;2023-04-21;76800;10;0.0;7680
Grupo Éxito;809765231.0;FV 68681;Mexico;Redes Sociales;Transferencia Electronica;Guantes de Arquero Nike;Hernando Portilla;2023-05-06;55000;6;0.0;9167
Tiendas San Francisco;897345600.0;FV 40778;Colombia;Punto de Venta;Efectivo;Mochila Canyon Mula Weekender;Guillermo Benavides;2024-01-06;106650;10;5.6;10665
Carrefour;900348761.0;FV 66369;Colombia;Redes Sociales;Cheque;Guantes de Arquero Nike;Viviana Cano;2023-02-19;16850;2;8.4;8425
Hipermaxi;899453679.0;FV 45707;Guatemala;Redes Sociales;Transferencia Electronica;Guantes de Arquero Nike;Viviana Cano;2024-10-10;55000;6;0.0;9167
Walmart;890342123.0;FV 67788;Panama;Redes Sociales;Transferencia Electronica;Kit de cocina TrailChef;Viviana Cano;2023-04-13;42800;10;0.0;4280
Tiendas Olímpica;901765437.0;FV 41134;Peru;Redes Sociales;Tarjeta de Credito;Juego TrailChef Deluxe Cook;Guillermo Benavides;2024-02-02;74950;8;0.0;9369
Supermercados Peruanos;896789012.0;FV 71100;Ecuador;Redes Sociales;Cheque;Guantes de Arquero Nike;Hernando Portilla;2023-08-12;18550;8;0.0;2319
Hipermaxi;899453679.0;FV 69093;Honduras;Redes Sociales;Transferencia Electronica;Kit de cocina TrailChef;Viviana Cano;2023-05-16;23650;8;7.4;2956
Walmart;890342123.0;FV 66730;Peru;Redes Sociales;Transferencia Electronica;Camiseta Deportiva;Lidia Bueno;2023-03-05;26700;8;15.5;3338
;890342123.0;FV 72104;Guatemala;Redes Sociales;Transferencia Electronica;Camiseta Deportiva;Hernando Portilla;2023-11-08;65700;2;0.0;32850
Super 99;899087237.0;FV 67159;Honduras;Redes Sociales;Cheque;Guantes de Arquero Nike;Viviana Cano;2023-03-24;21350;10;0.0;2135
Hipermaxi;899453679.0;FV 42793;Honduras;Redes Sociales;Tarjeta de Credito;Juego TrailChef Deluxe Cook;Hernando Portilla;2024-06-04;N/A;8;19.7;8238
Automercados Plaza's;891009100.0;FV 72215;Guatemala;Redes Sociales;Cheque;Pantaloneta;Guillermo Benavides;2023-11-15;65700;3;0.0;21900
Walmart;890342123.0;FV 43192;Peru;Redes Sociales;Tarjeta de Credito;Juego TrailChef Deluxe Cook;Lidia Bueno;2024-06-04;55000;1;0.0;55000
Walmart;890342123.0;FV 65416;Panama;Redes Sociales;Transferencia Electronica;Balon de Microfutbol Golty;Hernando Portilla;2023-01-08;55000;2;0.0;27500
Hipermaxi;899453679.0;FV 43464;Nicaragua;Punto de Venta;Efectivo;Mochila Canyon Mula Weekender;Bernardo Cifuentes;2024-08-15;125950;10;0.0;12595
Walmart;890342123.0;FV 65800;Ecuador;Redes Sociales;Transferencia Electronica;Loción BugShield;Lidia Bueno;2023-01-24;43000;10;0.0;4300
Gessa;901324700.0;FV 44169;Peru;Punto de Venta;Efectivo;Mochila Canyon Mula Weekender;Bernardo Cifuentes;2024-09-25;100350;8;0.0;12544
Soriana;901345679.0;FV 44533;Panama;Redes Sociales;Tarjeta de Credito;Alivio de mordedura de insectos;Patricia Angarita;2024-09-25;75000;6;0.0;12500
Ara;901001382.0;FV 40894;Ecuador;Teléfono;Efectivo;Mochila Canyon Mula Weekender;Patricia Angarita;2024-01-06;82600;6;9.0;13767
La Anónima;897564399.0;FV 67731;Ecuador;Punto de Venta;Efectivo;GPS glaciar;Patricia Angarita;2023-04-12;185400;13;8.1;14262
Hipermaxi;899453679.0;FV 68453;Ecuador;Redes Sociales;Transferencia Electronica;Mountain Man Extreme;Lidia Bueno;2023-04-30;44900;10;0.0;4490
Ara;901001382.0;FV 41241;Honduras;Redes Sociales;Tarjeta de Credito;Termo de Bicicleta;Bernardo Cifuentes;2024-03-05;64750;13;18.0;4981
Walmart;890342123.0;FV 42724;Panama;APP;Tarjeta de Credito;Termo de Bicicleta;Bernardo Cifuentes;2024-06-04;72400;8;0.0;9050
Walmart;890342123.0;FV 45730;Peru;Redes Sociales;Transferencia Electronica;Juego TrailChef Deluxe Cook;Lidia Bueno;2024-10-10;55000;6;0.0;9167
Tiendas Olímpica;901765437.0;FV 69056;Peru;Teléfono;Cheque;Martillo de granito;Guillermo Benavides;2023-05-16;15950;10;0.0;1595
Hipermaxi;899453679.0;FV 72150;Colombia;Redes Sociales;Transferencia Electronica;Camiseta Deportiva;Viviana Cano;2023-11-11;65700;2;0.0;32850
Hipermaxi;899453679.0;FV 45458;Guatemala;Redes Sociales;Tarjeta de Credito;Alivio de mordedura de insectos;Lidia Bueno;2024-10-10;55000;1;0.0;55000
Soriana;901345679.0;FV 66436;Ecuador;Redes Sociales;Transferencia Electronica;Arnés Extremo Husky;Patricia Angarita;2023-02-21;55000;6;0.0;9167
Supermercados Peruanos;896789012.0;FV 44614;Colombia;Redes Sociales;Tarjeta de Credito;Alivio de mordedura de insectos;Guillermo Benavides;2024-09-25;75000;2;0.0;37500
Carrefour;900348761.0;FV 44108;Guatemala;Punto de Venta;Efectivo;Mochila Canyon Mula Weekender;Guillermo Benavides;2024-09-25;107600;13;0.0;8277
Supermercados Peruanos;896789012.0;FV 66960;Mexico;Redes Sociales;Transferencia Electronica;Camiseta Deportiva;Viviana Cano;2023-03-15;23700;8;0.0;2962
Bodega Aurrerá;890457811.0;FV 66412;Honduras;Redes Sociales;Transferencia Electronica;Sudadera Puma;Hernando Portilla;2023-02-20;1220414.1342361497;6;9.9;9167
Walmart;890342123.0;FV 43526;Panama;Punto de Venta;Efectivo;GPS glaciar;Patricia Angarita;2024-08-15;111700;10;12.3;11170
Supermercados Peruanos;896789012.0;FV 68814;Peru;Punto de Venta;Efectivo;Mochila Canyon Mula Weekender;Hernando Portilla;2023-05-10;262000;8;19.8;32750
Hipermaxi;899453679.0;FV 43782;Peru;Redes Sociales;Efectivo;Bloqueador solar;Guillermo Benavides;2024-07-09;76800;10;0.0;7680
Soriana;901345679.0;FV 65654;Ecuador;Redes Sociales;Transferencia Electronica;Mountain Man Extreme;Viviana Cano;2023-01-18;?;8;0.0;6312
;901765437.0;FV 65709;Colombia;Redes Sociales;Transferencia Electronica;Kit de cocina TrailChef;Bernardo Cifuentes;2023-01-20;43000;2;8.4;21500
Bodega Aurrerá;890457811.0;FV 70688;Panama;Redes Sociales;Tarjeta de Credito;Termo de Bicicleta;Hernando Portilla;2023-06-28;65500;8;10.2;8188
Supermercados Peruanos;896789012.0;FV 71146;Colombia;Redes Sociales;Transferencia Electronica;Guantes de Arquero Nike;Patricia Angarita;2023-08-16;22450;10;15.0;2245
Soriana;901345679.0;FV 70248;Panama;Redes Sociales;Cheque;Guantes de Arquero Nike;Lidia Bueno;2023-06-17;20000;10;0.0;2000
Gessa;901324700.0;FV 42287;Ecuador;Punto de Venta;Efectivo;Mochila Canyon Mula Weekender;Hernando Portilla;2024-06-04;94500;13;9.8;7269
Tiendas San Francisco;897345600.0;FV 41028;Honduras;Redes Sociales;Efectivo;Gorra Deportiva;Guillermo Benavides;2024-02-02;76800;2;0.0;38400
Walmart;890342123.0;FV 43295;Peru;Redes Sociales;Transferencia Electronica;Juego TrailChef Deluxe Cook;Viviana Cano;2024-06-04;55000;6;0.0;9167
Automercados Plaza's;891009100.0;FV 40750;Ecuador;Punto de Venta;Efectivo;Mochila Canyon Mula Weekender;Patricia Angarita;2024-01-06;112850;13;8.1;8681
Super Selectos;;FV 40627;Panama;Punto de Venta;Efectivo;Set de Madera Lady Hailstorm Titanium;Patricia Angarita;2024-01-06;168150;10;0.0;16815
Carrefour;900348761.0;FV 71769;Ecuador;Redes Sociales;Transferencia Electronica;Guayos Nike Cr-35;Viviana Cano;2023-10-17;23400;1;0.0;23400
Super 99;899087237.0;FV 67472;Ecuador;Punto de Venta;Efectivo;Mochila Canyon Mula Weekender;Hernando Portilla;2023-04-05;273550;8;18.9;34194
Gessa;901324700.0;FV 41453;Ecuador;Punto de Venta;Efectivo;Mochila Canyon Mula Weekender;Armando Casas;2024-04-16;259850;4;0.0;64962
Super 99;899087237.0;FV 68135;Ecuador;APP;Tarjeta de Credito;Termo de Bicicleta;Guillermo Benavides;2023-04-22;75000;2;0.0;37500
Gessa;901324700.0;FV 46297;Panama;Punto de Venta;Efectivo;Set de Madera Lady Hailstorm Titanium;Bernardo Cifuentes;2024-11-01;124950;6;0.0;20825
La Anónima;897564399.0;FV 68924;Colombia;Redes Sociales;Cheque;Lámpara EverGlow;Viviana Cano;2023-05-13;10950;10;0.0;1095
Supermercados Peruanos;896789012.0;FV 70235;Ecuador;Redes Sociales;Tarjeta de Credito;Juego TrailChef Deluxe Cook;Lidia Bueno;2023-06-16;61350;13;0.0;4719
Soriana;901345679.0;FV 65938;Colombia;Redes Sociales;Transferencia Electronica;Mountain Man Extreme;Viviana Cano;2023-01-30;53650;8;0.0;6706
Hipermaxi;899453679.0;FV 45728;Panama;Redes Sociales;Transferencia Electronica;Sudadera Puma;Viviana Cano;2024-10-10;55000;6;7.2;9167
Supermercados Peruanos;896789012.0;FV 71129;Panama;Redes Sociales;Cheque;Guantes de Arquero Nike;Hernando Portilla;2023-08-15;15050;6;0.0;2508
Ara;901001382.0;FV 41370;Panama;Punto de Venta;Cheque;Set de Madera Lady Hailstorm Titanium;Hernando Portilla;2024-04-16;411100;4;0.0;102775
La Anónima;897564399.0;FV 66210;Nicaragua;Redes Sociales;Cheque;Lámpara EverGlow;Lidia Bueno;2023-02-12;11300;13;6.4;869
Hipermaxi;899453679.0;FV 43561;Peru;Punto de Venta;Efectivo;GPS glaciar;Hernando Portilla;2024-08-15;105950;10;19.1;10595
Walmart;890342123.0;FV 45871;Panama;Redes Sociales;Transferencia Electronica;Sudadera Puma;Viviana Cano;2024-10-10;55000;2;9.9;27500
Unimarc;900434592.0;FV 70251;Honduras;Redes Sociales;Cheque;Guantes de Arquero Nike;Lidia Bueno;2023-06-17;15200;6;9.5;2533
Super 99;899087237.0;FV 44230;Guatemala;Punto de Venta;Efectivo;Arnés Extremo Husky;Guillermo Benavides;2024-09-25;91850;8;6.8;11481
Walmart;890342123.0;FV 71638;Honduras;APP;Transferencia Electronica;Camiseta Deportiva;Lidia Bueno;2023-10-09;183786;1;5.6;183786
Walmart;890342123.0;FV 42666;Ecuador;APP;Tarjeta de Credito;Alivio de mordedura de insectos;Patricia Angarita;2024-06-04;75000;2;6.6;37500
Hipermaxi;899453679.0;FV 71196;Mexico;Redes Sociales;Transferencia Electronica;Casco de escalada de granito;Lidia Bueno;2023-08-23;27650;6;13.8;4608
Soriana;901345679.0;FV 71768;Guatemala;Redes Sociales;Transferencia Electronica;Guantes de Arquero Nike;Viviana Cano;2023-10-17;23400;1;5.2;23400
Tiendas Olímpica;901765437.0;FV 69077;Ecuador;Redes Sociales;Transferencia Electronica;Loción BugShield;Viviana Cano;2023-05-16;43000;10;0.0;4300
Tiendas Olímpica;901765437.0;FV 67058;Colombia;Redes Sociales;Transferencia Electronica;Pantaloneta;Patricia Angarita;2023-03-19;31650;6;0.0;5275
Automercados Plaza's;891009100.0;FV 68936;Honduras;Redes Sociales;Efectivo;Bloqueador solar;Patricia Angarita;2023-05-13;76800;10;15.1;7680
Tiendas Olímpica;901765437.0;FV 44763;Mexico;Redes Sociales;Tarjeta de Credito;Termo de Bicicleta;Lidia Bueno;2024-09-25;71350;10;17.8;7135
Gessa;901324700.0;FV 41063;Nicaragua;Redes Sociales;Tarjeta de Credito;Silvato Arbitro;Bernardo Cifuentes;2024-02-02;75000;6;0.0;12500
Hipermaxi;899453679.0;FV 44026;Mexico;Redes Sociales;Tarjeta de Credito;Arnés Extremo Husky;Patricia Angarita;2024-07-09;74500;8;0.0;9312
Walmart;890342123.0;FV 45659;Guatemala;Redes Sociales;Transferencia Electronica;Sudadera Puma;Lidia Bueno;2024-10-10;55000;6;0.0;9167
Tiendas Olímpica;901765437.0;FV 45144;Honduras;Redes Sociales;Tarjeta de Credito;Juego TrailChef Deluxe Cook;Lidia Bueno;2024-10-10;63950;10;18.6;6395
La Anónima;897564399.0;FV 65377;Honduras;Redes Sociales;Transferencia Electronica;Kit de cocina TrailChef;Patricia Angarita;2023-01-06;24550;8;5.6;3069
Super 99;899087237.0;FV 67067;Colombia;Redes Sociales;Cheque;Guantes de Arquero Nike;Lidia Bueno;2023-03-20;14550;6;8.2;2425
Carrefour;900348761.0;FV 68372;Panama;Redes Sociales;Tarjeta de Credito;Termo de Bicicleta;Patricia Angarita;2023-04-28;67550;13;6.3;5196
Tiendas Olímpica;901765437.0;FV 66794;Panama;Redes Sociales;Transferencia Electronica;Palo Course Pro;Bernardo Cifuentes;2023-03-08;48100;6;19.5;8017
Carrefour;900348761.0;FV 68866;Colombia;Redes Sociales;Transferencia Electronica;Balon de Microfutbol Golty;Hernando Portilla;2023-05-11;55000;6;0.0;9167
Automercados Plaza's;891009100.0;FV 72083;Mexico;Teléfono;Transferencia Electronica;Guantes de Arquero Nike;Hernando Portilla;2023-11-07;65700;2;5.7;32850
Bodega Aurrerá;890457811.0;FV 43901;Panama;Redes Sociales;Efectivo;Bloqueador solar;Guillermo Benavides;2024-07-09;75000;10;8.5;7500
Walmart;890342123.0;FV 43885;Ecuador;APP;Efectivo;Juego TrailChef Deluxe Cook;Bernardo Cifuentes;2024-07-09;75800;6;7.5;12633
Hipermaxi;899453679.0;FV 43296;Guatemala;Redes Sociales;Transferencia Electronica;Loción BugShield;Viviana Cano;2024-06-04;55000;6;6.3;9167
Carrefour;900348761.0;FV 65723;Guatemala;Redes Sociales;Transferencia Electronica;Guantes de Arquero Nike;Bernardo Cifuentes;2023-01-21;55000;2;0.0;27500
Tiendas Olímpica;901765437.0;FV 44940;Ecuador;Redes Sociales;Tarjeta de Credito;Alivio de mordedura de insectos;Guillermo Benavides;2024-10-10;75000;6;12.7;12500
Grupo Éxito;809765231.0;FV 68251;Peru;Redes Sociales;Tarjeta de Credito;Set de Madera Lady Hailstorm Titanium;Lidia Bueno;2023-04-25;61550;8;0.0;7694
Ara;901001382.0;FV 41403;Ecuador;Punto de Venta;Cheque;Mochila Canyon Mula Weekender;Patricia Angarita;2024-04-16;328800;4;0.0;82200
Automercados Plaza's;891009100.0;FV 65931;Peru;Redes Sociales;Cheque;Mountain Man Extreme;Lidia Bueno;2023-01-30;12200;6;0.0;2033
Supermercados Peruanos;896789012.0;FV 71187;Guatemala;Redes Sociales;Cheque;Guantes de Arquero Nike;Hernando Portilla;2023-08-22;11050;6;6.8;1842
Walmart;890342123.0;FV 70196;Panama;Redes Sociales;Tarjeta de Credito;Arnés Extremo Husky;Patricia Angarita;2023-06-15;55000;10;5.6;5500
Gessa;901324700.0;FV 69836;Nicaragua;Punto de Venta;Efectivo;GPS glaciar;Patricia Angarita;2023-06-05;128550;8;0.0;16069
Automercados Plaza's;891009100.0;FV 46782;Peru;Punto de Venta;Efectivo;Arnés Extremo Husky;Patricia Angarita;2024-12-20;97150;8;0.0;12144
Walmart;890342123.0;FV 69738;Ecuador;Redes Sociales;Transferencia Electronica;Mountain Man Extreme;Viviana Cano;2023-06-02;42200;10;0.0;4220
Gessa;901324700.0;FV 65279;Honduras;APP;Cheque;Mountain Man Extreme;Viviana Cano;2023-01-03;12700;6;0.0;2117
Grupo Éxito;809765231.0;FV 41903;Ecuador;Punto de Venta;Cheque;GPS glaciar;Patricia Angarita;2024-06-03;326050;4;0.0;81512
Super Selectos;901457120.0;FV 70447;Panama;Redes Sociales;Cheque;Guantes de Arquero Nike;Lidia Bueno;2023-06-22;18400;6;0.0;3067
Walmart;890342123.0;FV 43490;Mexico;Punto de Venta;Efectivo;GPS glaciar;Patricia Angarita;2024-08-15;118750;13;9.3;9135
Hipermaxi;899453679.0;FV 42554;Ecuador;Redes Sociales;Tarjeta de Credito;Alivio de mordedura de insectos;Patricia Angarita;2024-06-04;75000;6;0.0;12500
Ara;;FV 71084;Peru;Redes Sociales;Cheque;Bolsa de golf Course Pro;Lidia Bueno;2023-08-10;15900;8;0.0;1988
Tiendas Olímpica;901765437.0;FV 40965;Peru;Redes Sociales;Efectivo;Bloqueador solar;Guillermo Benavides;2024-02-02;76800;6;6.6;12800
Hipermaxi;899453679.0;FV 66400;Panama;Redes Sociales;Transferencia Electronica;Kit de cocina TrailChef;Hernando Portilla;2023-02-19;31300;13;0.0;2408
Hipermaxi;899453679.0;FV 68191;Peru;Redes Sociales;Transferencia Electronica;Guayos Nike Cr-7;Patricia Angarita;2023-04-23;37050;8;0.0;4631
Carrefour;900348761.0;FV 71692;Ecuador;Redes Sociales;Transferencia Electronica;Camiseta Deportiva;Hernando Portilla;2023-10-11;23400;1;9.6;23400
Walmart;890342123.0;FV 46016;ECUADOR;Punto de Venta;Cheque;Mochila Canyon Mula Weekender;Hernando Portilla;2024-11-01;333800;4;0.0;83450
Automercados Plaza's;891009100.0;FV 72094;Colombia;Redes Sociales;Transferencia Electronica;Casco de escalada de granito;Hernando Portilla;2023-11-07;65700;2;9.9;32850
Tiendas Olímpica;901765437.0;FV 67838;Ecuador;Punto de Venta;Efectivo;GPS glaciar;Hernando Portilla;2023-04-15;235690;23;19.0;10247
Tiendas Olímpica;901765437.0;FV 70039;Peru;Teléfono;Transferencia Electronica;Juego TrailChef Deluxe Cook;Lidia Bueno;2023-06-11;55000;6;6.0;9167
Bodega Aurrerá;890457811.0;FV 44487;Ecuador ;Redes Sociales;Efectivo;Bloqueador solar;Hernando Portilla;2024-09-25;75000;10;0.0;7500
Hipermaxi;899453679.0;FV 43234;Nicaragua;Redes Sociales;Transferencia Electronica;Termo de Bicicleta;Patricia Angarita;2024-06-04;55000;6;0.0;9167
Ara;901001382.0;FV 41646;Ecuador;Punto de Venta;Efectivo;GPS glaciar;Patricia Angarita;2024-05-16;165100;13;0.0;12700
Hipermaxi;899453679.0;FV 43465;Peru;Punto de Venta;Efectivo;Mochila Canyon Mula Weekender;Patricia Angarita;2024-08-15;125850;6;0.0;20975
Carrefour;900348761.0;FV 71340;Nicaragua;Redes Sociales;Cheque;Guantes de Arquero Nike;Hernando Portilla;2023-09-09;10700;6;7.0;1783
Tiendas Olímpica;901765437.0;FV 65270;Honduras;Redes Sociales;Transferencia Electronica;Casco de escalada de granito;Bernardo Cifuentes;2023-01-02;30250;10;8.2;3025
Walmart;890342123.0;FV 68164;Nicaragua;Redes Sociales;Cheque;Guantes de Arquero Nike;Viviana Cano;2023-04-23;18050;6;0.0;3008
Walmart;890342123.0;FV 72267;Guatemala;Redes Sociales;Transferencia Electronica;Camiseta Deportiva;Lidia Bueno;2023-11-18;54000;3;0.0;18000
Walmart;890342123.0;FV 68392;Peru;Teléfono;Cheque;Martillo de granito;Viviana Cano;2023-04-29;15500;10;0.0;1550
Walmart;890342123.0;FV 43103;Honduras;Redes Sociales;Tarjeta de Credito;Gorra Deportiva;Hernando Portilla;2024-06-04;55000;1;11.0;55000
Automercados Plaza's;891009100.0;FV 70100;Ecuador;Punto de Venta;Efectivo;Set de Madera Lady Hailstorm Titanium;Patricia Angarita;2023-06-13;188350;6;0.0;31392
Ara;901001382.0;FV 41199;Honduras;Redes Sociales;Tarjeta de Credito;Arnés Extremo Husky;Patricia Angarita;2024-01-06;68350;13;0.0;5258
Tiendas Olímpica;901765437.0;FV 41035; Guatemala;Punto de Venta;Efectivo;Juego TrailChef Deluxe Cook;Guillermo Benavides;2024-02-02;76700;6;7.5;12783
Grupo Éxito;809765231.0;FV 68963;Peru;Redes Sociales;Cheque;Lámpara EverGlow;Bernardo Cifuentes;2023-05-14;19650;8;0.0;2456
Automercados Plaza's;891009100.0;FV 67920;Guatemala;Punto de Venta;Efectivo;Set de Madera Lady Hailstorm Titanium;Hernando Portilla;2023-04-17;246700;6;7.1;41117
Gessa;901324700.0;FV 40563;Ecuador;Punto de Venta;Efectivo;GPS glaciar;Patricia Angarita;2024-01-06;235690;4;0.0;58922
Tiendas Olímpica;901765437.0;FV 41227;Ecuador;Redes Sociales;Tarjeta de Credito;Termo de Bicicleta;Patricia Angarita;2024-03-05;65500;10;0.0;6550
Tiendas Olímpica;901765437.0;FV 68196;Colombia;Redes Sociales;Transferencia Electronica;Pantaloneta;Viviana Cano;2023-04-23;30850;8;0.0;3856
Automercados Plaza's;891009100.0;FV 40560;Ecuador;Punto de Venta;Efectivo;GPS glaciar;Armando Casas;2024-01-06;237000;4;0.0;59250
Bodega Aurrerá;890457811.0;FV 66611;Ecuador;Redes Sociales;Transferencia Electronica;Kit de cocina TrailChef;Lidia Bueno;2023-02-28;53400;8;0.0;6675
Walmart;890342123.0;FV 69912;Honduras;Redes Sociales;Transferencia Electronica;Balon de Microfutbol Golty;Hernando Portilla;2023-06-07;55000;2;0.0;27500
Ara;901001382.0;FV 41730;Ecuador;Punto de Venta;Efectivo;GPS glaciar;Guillermo Benavides;2024-05-16;143050;8;0.0;17881
Hipermaxi;899453679.0;FV 45772;Nicaragua;Redes Sociales;Transferencia Electronica;Sudadera Puma;Hernando Portilla;2024-10-10;55000;6;0.0;9167
Soriana;901345679.0;FV 71296;Ecuador;Redes Sociales;Transferencia Electronica;Camiseta Deportiva;Viviana Cano;2023-09-03;22800;10;0.0;2280
La Anónima;897564399.0;FV 70670;Guatemala ;Redes Sociales;Cheque;Guantes de Arquero Nike;Guillermo Benavides;2023-06-28;16200;6;0.0;2700
Gessa;901324700.0;FV 43638;Peru;Punto de Venta;Efectivo;Set de Madera Lady Hailstorm Titanium;Patricia Angarita;2024-08-15;93800;6;0.0;15633
Super 99;899087237.0;FV 44208;Ecuador;Punto de Venta;Efectivo;Mochila Canyon Mula Weekender;Patricia Angarita;2024-09-25;94200;13;0.0;7246
Walmart;890342123.0;FV 45392;Nicaragua;Redes Sociales;Tarjeta de Credito;Juego TrailChef Deluxe Cook;Hernando Portilla;2024-10-10;55000;1;0.0;55000
Soriana;901345679.0;FV 67597;Mexico;Redes Sociales;Transferencia Electronica;Balon de Microfutbol Golty;Viviana Cano;2023-04-08;55000;6;0.0;9167
Hipermaxi;899453679.0;FV 71575;Honduras;Redes Sociales;Cheque;Camiseta Deportiva;Bernardo Cifuentes;2023-10-06;100986;1;0.0;100986
Super 99;899087237.0;FV 68500;Guatemala;Redes Sociales;Transferencia Electronica;Kit de cocina TrailChef;Viviana Cano;2023-05-01;24250;8;0.0;3031
Supermercados Peruanos;896789012.0;FV 46218;Ecuador;Punto de Venta;Efectivo;Mochila Canyon Mula Weekender;Armando Casas;2024-11-01;147850;13;17.3;11373
Walmart;890342123.0;FV 68010;Colombia;Redes Sociales;Tarjeta de Credito;Guantes de Arquero Nike;Lidia Bueno;2023-04-19;55000;8;8.7;6875
Unimarc;900434592.0;FV 66523;Peru;Redes Sociales;Cheque;Guantes de Arquero Nike;Lidia Bueno;2023-02-25;15100;6;0.0;2517
Hipermaxi;899453679.0;FV 66628;Peru;Redes Sociales;Transferencia Electronica;Mountain Man Extreme;Viviana Cano;2023-03-01;44050;6;7.6;7342
Makro;902765200.0;FV 66833;Peru;Redes Sociales;Cheque;Guantes de Arquero Nike;Guillermo Benavides;2023-03-10;14050;10;0.0;1405
Super Selectos;901457120.0;FV 70987;Peru ;Redes Sociales;Cheque;Casco de escalada de granito;Lidia Bueno;2023-07-30;19700;8;8.2;2462
Walmart;890342123.0;FV 45392;Nicaragua;Redes Sociales;Tarjeta de Credito;Juego TrailChef Deluxe Cook;Hernando Portilla;2024-10-10;55000;1;0.0;55000
Hipermaxi;899453679.0;FV 43306;Panama;APP;Transferencia Electronica;Juego TrailChef Deluxe Cook;Hernando Portilla;2024-06-04;55000;6;6.6;9167
Tiendas Olímpica;901765437.0;FV 68622;Honduras;Punto de Venta;Efectivo;Mochila Canyon Mula Weekender;Hernando Portilla;2023-05-05;317050;10;0.0;31705
Hipermaxi;;FV 45286;Guatemala ;Redes Sociales;Tarjeta de Credito;Juego TrailChef Deluxe Cook;Lidia Bueno;2024-10-10;55000;13;0.0;4231
Super 99;899087237.0;FV 46854;Honduras;Punto de Venta;Efectivo;Mochila Canyon Mula Weekender;Hernando Portilla;2024-12-20;87500;8;0.0;10938
Tiendas Olímpica;901765437.0;FV 66091;Nicaragua;Redes Sociales;Transferencia Electronica;Palo Course Pro;Viviana Cano;2023-02-06;40000;6;0.0;6667
Walmart;890342123.0;FV 45859;Colombia;Redes Sociales;Transferencia Electronica;Gorra Deportiva;Lidia Bueno;2024-10-10;55000;2;0.0;27500
Super 99;899087237.0;FV 42290;Colombia;Punto de Venta;Efectivo;Termo de Bicicleta;Patricia Angarita;2024-06-04;94100;10;0.0;9410
Walmart;890342123.0;FV 45058;Honduras;Redes Sociales;Tarjeta de Credito;Termo de Bicicleta;Hernando Portilla;2024-10-10;71500;13;0.0;5500
Hipermaxi;899453679.0;FV 67904;Ecuador;Redes Sociales;Transferencia Electronica;Guayos Nike Cr-7;Lidia Bueno;2023-04-16;39250;10;6.7;3925
Walmart;890342123.0;FV 44833; Panama;Redes Sociales;Tarjeta de Credito;Juego TrailChef Deluxe Cook;Hernando Portilla;2024-09-25;65650;8;6.8;8206
Hipermaxi;899453679.0;FV 45847;Guatemala;Redes Sociales;Transferencia Electronica;Balon de Microfutbol Golty;Lidia Bueno;2024-10-10;55000;2;5.5;27500
Walmart;890342123.0;FV 68678;Guatemala;Redes Sociales;Tarjeta de Credito;Alivio de mordedura de insectos;Viviana Cano;2023-05-06;55000;10;7.5;5500
Tiendas Olímpica;901765437.0;FV 41158;Panama;Redes Sociales;Tarjeta de Credito;Set de Madera Lady Hailstorm Titanium;Lidia Bueno;2024-02-02;72700;6;7.3;12117
Gessa;901324700.0;FV 67810;Colombia;Redes Sociales;Cheque;Lámpara EverGlow;Viviana Cano;2023-04-14;11350;10;0.0;1135
Hipermaxi;899453679.0;FV 43266;Mexico;Redes Sociales;Transferencia Electronica;Balon de Microfutbol Golty;Viviana Cano;2024-06-04;55000;6;15.7;9167
Supermercados Peruanos;896789012.0;FV 42593;Mexico;Teléfono;Tarjeta de Credito;Gorra Deportiva;Hernando Portilla;2024-06-04;75000;6;0.0;12500
Bodega Aurrerá;890457811.0;FV 65489;Guatemala;Redes Sociales;Cheque;Guantes de Arquero Nike;Viviana Cano;2023-01-12;18800;10;19.8;1880
Automercados Plaza's;891009100.0;FV 67801;Honduras;Redes Sociales;Cheque;Lámpara EverGlow;Bernardo Cifuentes;2023-04-14;19700;8;0.0;2462
Hipermaxi;899453679.0;FV 45491;Honduras;Redes Sociales;Tarjeta de Credito;Loción BugShield;Viviana Cano;2024-10-10;55000;1;0.0;55000
Supermercados Peruanos;896789012.0;FV 69544;Guatemala;Redes Sociales;Transferencia Electronica;Set de Madera Lady Hailstorm Titanium;Lidia Bueno;2023-05-28;53650;6;11.8;8942
Hipermaxi;899453679.0;FV 43299;Nicaragua;Redes Sociales;Transferencia Electronica;Arnés Extremo Husky;Lidia Bueno;2024-06-04;55000;6;0.0;9167
Tiendas Olímpica;901765437.0;FV 66804;Colombia;Redes Sociales;Cheque;Bolsa de golf Course Pro;Lidia Bueno;2023-03-09;12450;2;0.0;6225
Tiendas Olímpica;901765437.0;FV 70285;Nicaragua;Redes Sociales;Transferencia Electronica;Balon de Futbol Adidas;Lidia Bueno;2023-06-17;36000;10;5.3;3600
Tiendas Olímpica;901765437.0;FV 41293;Mexico;Redes Sociales;Tarjeta de Credito;Termo de Bicicleta;Lidia Bueno;2024-03-05;59800;13;0.0;4600
Walmart;890342123.0;FV 65850;Guatemala;Redes Sociales;Transferencia Electronica;Bolsa de golf Course Pro;Viviana Cano;2023-01-26;23100;10;12.0;2310
Gessa;901324700.0;FV 46466;Guatemala;Punto de Venta;Efectivo;Set de Madera Lady Hailstorm Titanium;Bernardo Cifuentes;2024-12-20;194150;13;0.0;14935
Carrefour;900348761.0;FV 66277;Guatemala;Redes Sociales;Cheque;Lámpara EverGlow;Lidia Bueno;2023-02-15;18400;23;11.4;800
Supermercados Peruanos;896789012.0;FV 45002;Honduras;Redes Sociales;Tarjeta de Credito;Gorra Deportiva;Guillermo Benavides;2024-10-10;75000;2;8.3;37500
Tiendas Olímpica;901765437.0;FV 68195;Peru;Redes Sociales;Transferencia Electronica;Kit de cocina TrailChef;Viviana Cano;2023-04-23;31850;6;0.0;5308
La Anónima;897564399.0;FV 68589;Peru;Redes Sociales;Cheque;Guantes de Arquero Nike;Viviana Cano;2023-05-04;19250;6;0.0;3208
Walmart;890342123.0;FV 71671;Ecuador;Redes Sociales;Transferencia Electronica;Casco de escalada de granito;Guillermo Benavides;2023-10-10;23400;1;14.3;23400
Hipermaxi;899453679.0;FV 72118;Guatemala;Redes Sociales;Transferencia Electronica;Guantes de Arquero Nike;Viviana Cano;2023-11-09;65700;2;0.0;32850
La Anónima;897564399.0;FV 41925;Ecuador;Punto de Venta;Efectivo;Husky Cuerda 200;Patricia Angarita;2024-06-03;279900;4;0.0;69975
Tiendas Olímpica;901765437.0;FV 70696;Panama;APP;Transferencia Electronica;Kit de cocina TrailChef;Armando Casas;2023-06-28;41650;10;0.0;4165
Walmart;890342123.0;FV 70914;Panama;Redes Sociales;Transferencia Electronica;Camiseta Deportiva;Lidia Bueno;2023-07-20;28100;13;5.2;2162
Walmart;890342123.0;FV 68650;Honduras;Redes Sociales;Transferencia Electronica;Pantaloneta;Lidia Bueno;2023-05-05;29900;8;0.0;3738
Walmart;890342123.0;FV 43598;Panama;Punto de Venta;Efectivo;Termo de Bicicleta;Hernando Portilla;2024-08-15;99800;8;7.8;12475
Walmart;890342123.0;FV 45078;Mexico;Redes Sociales;Tarjeta de Credito;Termo de Bicicleta;Lidia Bueno;2024-10-10;70200;8;15.0;8775
Bodega Aurrerá;890457811.0;FV 69992;Colombia;Redes Sociales;Transferencia Electronica;Sudadera Puma;Patricia Angarita;2023-06-10;55000;2;0.0;27500
Walmart;890342123.0;FV 71046;ecuador;Redes Sociales;Transferencia Electronica;Casco de escalada de granito;Viviana Cano;2023-08-05;25500;10;9.2;2550
Supermercados Peruanos;896789012.0;FV 68006;Ecuador;Redes Sociales;Tarjeta de Credito;Termo de Bicicleta;Guillermo Benavides;2023-04-19;65550;8;0.0;8194
Carrefour;900348761.0;FV 69908;Panama;APP;Tarjeta de Credito;Arnés Extremo Husky;Hernando Portilla;2023-06-07;57050;8;0.0;7131
Carrefour;900348761.0;FV 66649;Peru;Redes Sociales;Transferencia Electronica;Sudadera Puma;Hernando Portilla;2023-03-02;55000;2;0.0;27500
Supermercados Peruanos;896789012.0;FV 69154;Honduras;Redes Sociales;Tarjeta de Credito;Juego TrailChef Deluxe Cook;Patricia Angarita;2023-05-18;67350;8;18.3;8419
Gessa;901324700.0;FV 41366;Panama;Punto de Venta;Cheque;Mochila Canyon Mula Weekender;Patricia Angarita;2024-04-16;455000;4;0.0;113750
Ara;901001382.0;FV 40874;Peru;Punto de Venta;Efectivo;Mochila Canyon Mula Weekender;Patricia Angarita;2024-01-06;85150;10;5.2;8515
Gessa;901324700.0;FV 41438;Ecuador;Punto de Venta;Efectivo;GPS glaciar;Hernando Portilla;2024-04-16;272400;4;5.7;68100
Automercados Plaza's;891009100.0;FV 46777;Honduras;Punto de Venta;Efectivo;Mochila Canyon Mula Weekender;Armando Casas;2024-12-20;97700;6;0.0;16283
Walmart;890342123.0;FV 70398;Ecuador ;APP;Transferencia Electronica;Arnés Extremo Husky;Viviana Cano;2023-06-20;55000;6;0.0;9167
La Anónima;897564399.0;FV 69417;Nicaragua;Redes Sociales;Efectivo;Bloqueador solar;Patricia Angarita;2023-05-25;76800;10;0.0;7680
Super 99;899087237.0;FV 42120;Ecuador;Punto de Venta;Efectivo;GPS glaciar;Hernando Portilla;2024-06-03;140200;8;0.0;17525
Walmart;890342123.0;FV 68860;Panama;Redes Sociales;Tarjeta de Credito;Termo de Bicicleta;Patricia Angarita;2023-05-11;60150;10;0.0;6015
La Anónima;897564399.0;FV 69833;Ecuador;Punto de Venta;Efectivo;Mochila Canyon Mula Weekender;Patricia Angarita;2023-06-05;164850;10;0.0;16485
Walmart;890342123.0;FV 43370;Nicaragua;Redes Sociales;Transferencia Electronica;Balon de Microfutbol Golty;Lidia Bueno;2024-06-04;55000;6;9.9;9167
La Anónima;897564399.0;FV 67158;Honduras;Redes Sociales;Transferencia Electronica;Kit de cocina TrailChef;Viviana Cano;2023-03-23;23400;8;0.0;2925
Supermercados Peruanos;896789012.0;FV 46570;Ecuador;Punto de Venta;Efectivo;GPS glaciar;Patricia Angarita;2024-12-20;139900;13;0.0;10762
Ara;901001382.0;FV 41514;Guatemala;Punto de Venta;Efectivo;Set de Madera Lady Hailstorm Titanium;Armando Casas;2024-05-16;235550;10;0.0;23555
Carrefour;900348761.0;FV 44671;Colombia;Redes Sociales;Tarjeta de Credito;Alivio de mordedura de insectos;Patricia Angarita;2024-09-25;75000;2;0.0;37500
Tiendas Olímpica;901765437.0;FV 68956;Panama;Redes Sociales;Transferencia Electronica;Pantaloneta;Lidia Bueno;2023-05-13;34300;10;0.0;3430
Hipermaxi;899453679.0;FV 42569;Ecuador;Redes Sociales;Tarjeta de Credito;Alivio de mordedura de insectos;Hernando Portilla;2024-06-04;75000;6;0.0;12500
;899453679.0;FV 68767;Honduras;Redes Sociales;Transferencia Electronica;Casco de escalada de granito;Viviana Cano;2023-05-08;29300;8;6.7;3662
Hipermaxi;899453679.0;FV 67760;Panama;Redes Sociales;Cheque;Lámpara EverGlow;Hernando Portilla;2023-04-13;15700;8;0.0;1962
Grupo Éxito;809765231.0;FV 42381;Panama;Punto de Venta;Efectivo;Arnés Extremo Husky;Patricia Angarita;2024-06-04;79950;8;0.0;9994
Walmart;890342123.0;FV 46960;Peru;Redes Sociales;Efectivo;Bloqueador solar;Guillermo Benavides;2024-12-20;76800;10;0.0;7680
Soriana;901345679.0;FV 69534;Ecuador;Redes Sociales;Tarjeta de Credito;Termo de Bicicleta;Guillermo Benavides;2023-05-28;67700;8;0.0;8462
Gessa;901324700.0;FV 41522;Guatemala;Punto de Venta;Efectivo;Husky Cuerda 200;Hernando Portilla;2024-05-16;230750;13;16.1;17750
Super Selectos;901457120.0;FV 40827;Colombia;Punto de Venta;Efectivo;Termo de Bicicleta;Patricia Angarita;2024-01-06;93900;8;0.0;11738
Supermercados Peruanos;896789012.0;FV 66483;Guatemala;Redes Sociales;Cheque;Lámpara EverGlow;Bernardo Cifuentes;2023-02-23;12650;10;9.5;1265
Carrefour;900348761.0;FV 72451;Nicaragua;Redes Sociales;Transferencia Electronica;Guantes de Arquero Nike;Hernando Portilla;2023-11-29;54000;3;0.0;18000
Tiendas Olímpica;901765437.0;FV 42604;Guatemala;Redes Sociales;Tarjeta de Credito;Alivio de mordedura de insectos;Patricia Angarita;2024-06-04;75000;6;5.2;12500
Walmart;890342123.0;FV 72520;Honduras;Teléfono;Transferencia Electronica;Camiseta Deportiva;Lidia Bueno;2023-12-04;54000;3;9.3;18000
Super 99;899087237.0;FV 71268;Mexico;Redes Sociales;Transferencia Electronica;Camiseta Deportiva;Bernardo Cifuentes;2023-08-31;23500;6;0.0;3917
Tiendas Olímpica;901765437.0;FV 41015;Ecuador;Teléfono;Efectivo;Termo de Bicicleta;Patricia Angarita;2024-02-02;76800;2;0.0;38400
Hipermaxi;899453679.0;FV 72250;Colombia;Redes Sociales;Transferencia Electronica;Camiseta Deportiva;Lidia Bueno;2023-11-18;54000;3;0.0;18000
Cencosud;901776453.0;FV 44683;Panama;Redes Sociales;Tarjeta de Credito;Gorra Deportiva;Guillermo Benavides;2024-09-25;75000;2;0.0;37500
Bodega Aurrerá;890457811.0;FV 67813;Peru;Punto de Venta;Efectivo;Husky Cuerda 200;Patricia Angarita;2023-04-14;158400;13;0.0;12185
Carrefour;900348761.0;FV 72253;Guatemala;Redes Sociales;Transferencia Electronica;Guantes de Arquero Nike;Hernando Portilla;2023-11-18;54000;3;0.0;18000
Hipermaxi;899453679.0;FV 66723;Panama;Redes Sociales;Transferencia Electronica;Kit de cocina TrailChef;Hernando Portilla;2023-03-05;39450;10;0.0;3945
Tiendas Olímpica;;FV 70478;Ecuador;Punto de Venta;Efectivo;Mochila Canyon Mula Weekender;Armando Casas;2023-06-23;429700;13;0.0;33054
Hipermaxi;899453679.0;FV 43024;Panama ;APP;Tarjeta de Credito;Juego TrailChef Deluxe Cook;Viviana Cano;2024-06-04;55000;1;0.0;55000
Hipermaxi;899453679.0;FV 43157;Guatemala;Redes Sociales;Tarjeta de Credito;Loción BugShield;Viviana Cano;2024-06-04;55000;1;11.2;55000
Walmart;890342123.0;FV 45540;Honduras;Redes Sociales;Tarjeta de Credito;Loción BugShield;Hernando Portilla;2024-10-10;55000;1;0.0;55000
Tiendas San Francisco;897345600.0;FV 70634;Colombia;Redes Sociales;Cheque;Guantes de Arquero Nike;Lidia Bueno;2023-06-27;15750;10;0.0;1575
Tiendas Olímpica;901765437.0;FV 44406;Ecuador;Punto de Venta;Efectivo;Juego TrailChef Deluxe Cook;Hernando Portilla;2024-09-25;76800;8;5.5;9600
Gessa;901324700.0;FV 65274;Panama;Redes Sociales;Transferencia Electronica;Kit de cocina TrailChef;Viviana Cano;2023-01-02;22050;8;5.7;2756
Grupo Éxito;809765231.0;FV 66676;Colombia;Redes Sociales;Transferencia Electronica;Mountain Man Extreme;Lidia Bueno;2023-03-03;54150;8;0.0;6769
Bodega Aurrerá;890457811.0;FV 68250;Nicaragua;Redes Sociales;Tarjeta de Credito;Juego TrailChef Deluxe Cook;Lidia Bueno;2023-04-25;66450;6;8.0;11075
Grupo Éxito;809765231.0;FV 66762;Ecuador;Redes Sociales;Tarjeta de Credito;Juego TrailChef Deluxe Cook;Hernando Portilla;2023-03-07;59250;10;5.4;5925
Grupo Éxito;809765231.0;FV 44689;Nicaragua ;Redes Sociales;Tarjeta de Credito;Alivio de mordedura de insectos;Guillermo Benavides;2024-09-25;75000;2;0.0;37500
Walmart;890342123.0;FV 66750;Nicaragua;Redes Sociales;Transferencia Electronica;Kit de cocina TrailChef;Lidia Bueno;2023-03-06;37650;8;18.1;4706
Cencosud;901776453.0;FV 66473;Peru;Redes Sociales;Transferencia Electronica;Palo Course Pro;Hernando Portilla;2023-02-22;23700;13;15.6;1823
Hipermaxi;899453679.0;FV 46491;Guatemala;Punto de Venta;Efectivo;Husky Cuerda 200;Armando Casas;2024-12-20;178700;13;17.7;13746
Carrefour;900348761.0;FV 70677;Ecuador;Punto de Venta;Efectivo;Husky Cuerda 200;Patricia Angarita;2023-06-28;179900;23;0.0;7822
Hipermaxi;899453679.0;FV 66289;Ecuador;APP;Transferencia Electronica;Kit de cocina TrailChef;Lidia Bueno;2023-02-15;36450;8;0.0;4556
Hipermaxi;899453679.0;FV 43524;Honduras;Punto de Venta;Efectivo;Mochila Canyon Mula Weekender;Patricia Angarita;2024-08-15;111750;6;8.7;18625
La Anónima;897564399.0;FV 70604;Mexico;Punto de Venta;Efectivo;GPS glaciar;Guillermo Benavides;2023-06-26;102800;13;8.1;7908
La Anónima;897564399.0;FV 65930;Mexico ;Teléfono;Cheque;Bolsa de golf Course Pro;Viviana Cano;2023-01-30;12500;8;10.5;1562
Soriana;901345679.0;FV 66440;Colombia;Redes Sociales;Transferencia Electronica;Sudadera Puma;Hernando Portilla;2023-02-21;55000;2;0.0;27500
La Anónima;897564399.0;FV 69837;Ecuador;Punto de Venta;Efectivo;Set de Madera Lady Hailstorm Titanium;Patricia Angarita;2023-06-05;99550;23;0.0;4328
Super 99;899087237.0;FV 46528;Guatemala;Punto de Venta;Efectivo;Mochila Canyon Mula Weekender;Patricia Angarita;2024-12-20;154650;8;8.8;19331
Grupo Éxito;809765231.0;FV 68028;Ecuador;APP;Cheque;Lámpara EverGlow;Bernardo Cifuentes;2023-04-20;20400;2;0.0;10200
Walmart;890342123.0;FV 45539;Ecuador;APP;Tarjeta de Credito;Juego TrailChef Deluxe Cook;Viviana Cano;2024-10-10;55000;1;0.0;55000
Grupo Éxito;809765231.0;FV 66304;Peru;Redes Sociales;Transferencia Electronica;Sudadera Puma;Hernando Portilla;2023-02-16;55000;2;5.6;27500
Carrefour;900348761.0;FV 66459;Ecuador;Redes Sociales;Transferencia Electronica;Juego TrailChef Deluxe Cook;Viviana Cano;2023-02-22;55000;2;0.0;27500
Walmart;890342123.0;FV 43047;Mexico;Redes Sociales;Tarjeta de Credito;Juego TrailChef Deluxe Cook;Lidia Bueno;2024-06-04;55000;1;7.2;55000
Hipermaxi;899453679.0;FV 44891;Honduras;Redes Sociales;Tarjeta de Credito;Termo de Bicicleta;Patricia Angarita;2024-09-25;62750;13;0.0;4827
Bodega Aurrerá;;FV 43880;Ecuador;Punto de Venta;Efectivo;Juego TrailChef Deluxe Cook;Bernardo Cifuentes;2024-07-09;N/A;13;0.0;5888
Automercados Plaza's;891009100.0;FV 70823;Mexico;Teléfono;Cheque;Lámpara EverGlow;Viviana Cano;2023-07-11;10850;8;0.0;1356
Gessa;901324700.0;FV 69483;Colombia;Redes Sociales;Cheque;Guantes de Arquero Nike;Viviana Cano;2023-05-27;221122.88221919656;6;0.0;1758
Gessa;901324700.0;FV 46732;Ecuador;Punto de Venta;Efectivo;Mochila Canyon Mula Weekender;Patricia Angarita;2024-12-20;103250;13;0.0;7942
La Anónima;897564399.0;FV 69803;Honduras;Punto de Venta;Efectivo;Mochila Canyon Mula Weekender;Guillermo Benavides;2023-06-04;126700;10;0.0;12670
Hipermaxi;899453679.0;FV 71272;Mexico;Redes Sociales;Transferencia Electronica;Kit de cocina TrailChef;Hernando Portilla;2023-09-01;32000;10;9.4;3200
Walmart;890342123.0;FV 45586; Colombia;Redes Sociales;Transferencia Electronica;Juego TrailChef Deluxe Cook;Viviana Cano;2024-10-10;Sin dato;6;0.0;9167
Tiendas Olímpica;901765437.0;FV 69789;Honduras;Redes Sociales;Transferencia Electronica;Kit de alivio compacto;Viviana Cano;2023-06-03;43000;6;0.0;7167
Tiendas Olímpica;901765437.0;FV 65804;Colombia;Redes Sociales;Transferencia Electronica;Pantaloneta;Viviana Cano;2023-01-24;30750;6;8.9;5125
Hipermaxi;899453679.0;FV 44837;Colombia;Redes Sociales;Tarjeta de Credito;Arnés Extremo Husky;Patricia Angarita;2024-09-25;65550;8;0.0;8194
Soriana;901345679.0;FV 68376;Colombia;Redes Sociales;Transferencia Electronica;Sudadera Puma;Lidia Bueno;2023-04-28;55000;6;0.0;9167
Walmart;890342123.0;FV 45785;Panama;APP;Transferencia Electronica;Termo de Bicicleta;Viviana Cano;2024-10-10;55000;6;0.0;9167
Walmart;890342123.0;FV 72342;Guatemala;Redes Sociales;Transferencia Electronica;Kit de cocina TrailChef;Hernando Portilla;2023-11-23;Pendiente;3;0.0;18000
Hipermaxi;899453679.0;FV 68019;Mexico;Redes Sociales;Transferencia Electronica;Gorra Deportiva;Viviana Cano;2023-04-19;43000;2;13.4;21500
Soriana;901345679.0;FV 44295;Guatemala;Punto de Venta;Efectivo;Arnés Extremo Husky;Guillermo Benavides;2024-09-25;84800;13;0.0;6523
Tiendas Olímpica;901765437.0;FV 42809;Panama;Redes Sociales;Tarjeta de Credito;Termo de Bicicleta;Lidia Bueno;2024-06-04;64950;10;0.0;6495
Cencosud;901776453.0;FV 40509;Ecuador;Punto de Venta;Cheque;Set de Madera Lady Hailstorm Titanium;Armando Casas;2024-01-06;407300;2;0.0;203650
Walmart;890342123.0;FV 70841;Nicaragua;Redes Sociales;Transferencia Electronica;Casco de escalada de granito;Bernardo Cifuentes;2023-07-13;28550;10;8.3;2855
Grupo Éxito;809765231.0;FV 65336;Panama;Redes Sociales;Tarjeta de Credito;Juego TrailChef Deluxe Cook;Bernardo Cifuentes;2023-01-05;55000;13;5.6;4231
Walmart;890342123.0;FV 45729;Ecuador;Teléfono;Transferencia Electronica;Termo de Bicicleta;Lidia Bueno;2024-10-10;55000;6;0.0;9167
Bodega Aurrerá;890457811.0;FV 66153;Guatemala;Redes Sociales;Tarjeta de Credito;Loción BugShield;Lidia Bueno;2023-02-09;55000;8;6.1;6875
Walmart;890342123.0;FV 65422;PANAMA;APP;Transferencia Electronica;Casco de escalada de granito;Viviana Cano;2023-01-08;28550;8;0.0;3569
La Anónima;;FV 67656;Peru;Punto de Venta;Efectivo;Set de Madera Lady Hailstorm Titanium;Bernardo Cifuentes;2023-04-10;80250;6;0.0;13375
Hipermaxi;899453679.0;FV 43252;Colombia;Redes Sociales;Transferencia Electronica;Juego TrailChef Deluxe Cook;Hernando Portilla;2024-06-04;55000;6;0.0;9167
Hipermaxi;899453679.0;FV 44739;Ecuador ;Redes Sociales;Tarjeta de Credito;Juego TrailChef Deluxe Cook;Lidia Bueno;2024-09-25;74200;13;0.0;5708
Ara;901001382.0;FV 40774;Ecuador;Punto de Venta;Efectivo;Mochila Canyon Mula Weekender;Patricia Angarita;2024-01-06;107400;13;0.0;8262
Gessa;901324700.0;FV 65925;Honduras;Redes Sociales;Cheque;Lámpara EverGlow;Lidia Bueno;2023-01-30;16400;23;0.0;713
Hipermaxi;899453679.0;FV 72521;Nicaragua;Redes Sociales;Transferencia Electronica;Pantaloneta;Guillermo Benavides;2023-12-04;54000;3;0.0;18000
Super 99;899087237.0;FV 68369;Honduras;Redes Sociales;Efectivo;Bloqueador solar;Patricia Angarita;2023-04-28;76800;10;5.9;7680
Carrefour;900348761.0;FV 67537;Colombia;APP;Cheque;Martillo de granito;Viviana Cano;2023-04-07;18300;13;0.0;1408
Bodega Aurrerá;890457811.0;FV 69229;Ecuador;Punto de Venta;Efectivo;GPS glaciar;Bernardo Cifuentes;2023-05-20;215750;13;0.0;16596
Hipermaxi;899453679.0;FV 67088;PANAMA;Redes Sociales;Transferencia Electronica;Pantaloneta;Hernando Portilla;2023-03-20;31100;10;11.7;3110
Tiendas Olímpica;901765437.0;FV 69323;Nicaragua;Redes Sociales;Cheque;Lámpara EverGlow;Patricia Angarita;2023-05-23;14550;8;0.0;1819
Hipermaxi;899453679.0;FV 46506;Honduras;Punto de Venta;Efectivo;GPS glaciar;Armando Casas;2024-12-20;166100;13;0.0;12777
Walmart;890342123.0;FV 45866;Peru;Redes Sociales;Transferencia Electronica;Balon de Microfutbol Golty;Hernando Portilla;2024-10-10;55000;2;0.0;27500
Carrefour;900348761.0;FV 43919;Peru;Redes Sociales;Tarjeta de Credito;Alivio de mordedura de insectos;Patricia Angarita;2024-07-09;75000;6;5.8;12500
Cencosud;901776453.0;FV 46991;Mexico;Teléfono;Efectivo;Bloqueador solar;Guillermo Benavides;2024-12-20;76800;6;0.0;12800
Walmart;890342123.0;FV 45512;Ecuador;Redes Sociales;Tarjeta de Credito;Loción BugShield;Patricia Angarita;2024-10-10;55000;1;8.5;55000
Walmart;890342123.0;FV 68585;Peru;APP;Transferencia Electronica;Casco de escalada de granito;Viviana Cano;2023-05-03;26150;6;5.0;4358
Walmart;890342123.0;FV 42754;Panama;Redes Sociales;Tarjeta de Credito;Termo de Bicicleta;Armando Casas;2024-06-04;69700;10;11.4;6970
Carrefour;900348761.0;FV 40721; Guatemala;Punto de Venta;Efectivo;Mochila Canyon Mula Weekender;Guillermo Benavides;2024-01-06;119400;8;0.0;14925
Automercados Plaza's;;FV 40620;Honduras;Punto de Venta;Efectivo;Mochila Canyon Mula Weekender;Armando Casas;2024-01-06;174700;8;0.0;21838
Walmart;890342123.0;FV 69311;Colombia;Redes Sociales;Transferencia Electronica;Mountain Man Extreme;Guillermo Benavides;2023-05-22;44700;6;7.8;7450
Makro;902765200.0;FV 67328;Peru;Redes Sociales;Cheque;Kit de cocina TrailChef;Lidia Bueno;2023-03-31;20650;8;0.0;2581
Super 99;899087237.0;FV 69061;Ecuador;Punto de Venta;Efectivo;Husky Cuerda 200;Armando Casas;2023-05-16;156600;23;5.5;6809
Bodega Aurrerá;890457811.0;FV 69159;Panama;Redes Sociales;Tarjeta de Credito;Juego TrailChef Deluxe Cook;Viviana Cano;2023-05-18;55000;10;0.0;5500
Soriana;901345679.0;FV 70123;Peru;Redes Sociales;Transferencia Electronica;Sudadera Puma;Armando Casas;2023-06-13;55000;2;0.0;27500
Walmart;890342123.0;FV 70249;Ecuador;Redes Sociales;Cheque;Kit de alivio compacto;Viviana Cano;2023-06-17;17650;13;5.4;1358
Hipermaxi;899453679.0;FV 70525;Ecuador;Punto de Venta;Efectivo;GPS glaciar;Armando Casas;2023-06-24;289700;13;6.0;22285
Hipermaxi;899453679.0;FV 69167;Nicaragua;Redes Sociales;Transferencia Electronica;Kit de cocina TrailChef;Viviana Cano;2023-05-18;49450;6;14.6;8242
La Anónima;897564399.0;FV 46234; Peru;Punto de Venta;Efectivo;GPS glaciar;Patricia Angarita;2024-11-01;N/A;13;0.0;10919
Hipermaxi;899453679.0;FV 72086;Honduras;Redes Sociales;Cheque;Camiseta Deportiva;Viviana Cano;2023-11-07;65700;2;8.7;32850
;901765437.0;FV 42751;Colombia;Redes Sociales;Tarjeta de Credito;Termo de Bicicleta;Hernando Portilla;2024-06-04;69800;13;5.4;5369
Super 99;899087237.0;FV 69410;Panama;Punto de Venta;Efectivo;Mochila Canyon Mula Weekender;Bernardo Cifuentes;2023-05-25;91900;8;5.3;11488
Hipermaxi;899453679.0;FV 72140;Ecuador;Teléfono;Transferencia Electronica;Camiseta Deportiva;Guillermo Benavides;2023-11-10;65700;2;6.2;32850
Tiendas Olímpica;901765437.0;FV 66665;Panama;APP;Cheque;Mountain Man Extreme;Viviana Cano;2023-03-03;18300;6;0.0;3050
Walmart;890342123.0;FV 65680;Mexico;Redes Sociales;Transferencia Electronica;Loción BugShield;Hernando Portilla;2023-01-19;43000;10;0.0;4300
Hipermaxi;899453679.0;FV 42648;Mexico;Teléfono;Tarjeta de Credito;Alivio de mordedura de insectos;Guillermo Benavides;2024-06-04;75000;2;9.4;37500
Gessa;901324700.0;FV 41747;Mexico;Punto de Venta;Efectivo;Mochila Canyon Mula Weekender;Bernardo Cifuentes;2024-05-16;138500;6;0.0;23083
Walmart;890342123.0;FV 70836;Peru;Redes Sociales;Transferencia Electronica;Guayos Nike Cr-7;Lidia Bueno;2023-07-13;38550;10;6.4;3855
Walmart;890342123.0;FV 66104;Guatemala;Redes Sociales;Tarjeta de Credito;Loción BugShield;Hernando Portilla;2023-02-07;55000;8;0.0;6875
Soriana;901345679.0;FV 71900;Colombia ;Redes Sociales;Transferencia Electronica;Pantaloneta;Hernando Portilla;2023-10-24;65700;1;0.0;65700
Automercados Plaza's;891009100.0;FV 69269;Colombia;Punto de Venta;Efectivo;Termo de Bicicleta;Patricia Angarita;2023-05-21;100200;8;0.0;12525
Soriana;901345679.0;FV 46906;Panama;Punto de Venta;Efectivo;Termo de Bicicleta;Patricia Angarita;2024-12-20;81000;13;0.0;6231
La Anónima;897564399.0;FV 69116;Ecuador;Punto de Venta;Efectivo;Juego TrailChef Deluxe Cook;Patricia Angarita;2023-05-17;76000;8;0.0;9500
Automercados Plaza's;891009100.0;FV 66183;HONDURAS;Redes Sociales;Cheque;Lámpara EverGlow;Viviana Cano;2023-02-11;11600;10;8.7;1160
Walmart;890342123.0;FV 66270;Panama;APP;Transferencia Electronica;Kit de cocina TrailChef;Viviana Cano;2023-02-14;36600;6;0.0;6100
Walmart;890342123.0;FV 71342;Peru;Redes Sociales;Transferencia Electronica;Casco de escalada de granito;Bernardo Cifuentes;2023-09-09;33150;23;0.0;1441
Carrefour;900348761.0;FV 65721;Guatemala;Redes Sociales;Transferencia Electronica;Juego TrailChef Deluxe Cook;Hernando Portilla;2023-01-21;55000;6;0.0;9167
Hipermaxi;899453679.0;FV 43294;Ecuador;Redes Sociales;Transferencia Electronica;Termo de Bicicleta;Viviana Cano;2024-06-04;55000;6;0.0;9167
Tiendas Olímpica;901765437.0;FV 42765;Panama;Redes Sociales;Tarjeta de Credito;Juego TrailChef Deluxe Cook;Patricia Angarita;2024-06-04;68700;10;0.0;6870
Gessa;901324700.0;FV 41234;Ecuador;Teléfono;Tarjeta de Credito;Juego TrailChef Deluxe Cook;Patricia Angarita;2024-03-05;65100;8;0.0;8138
Hipermaxi;899453679.0;FV 45230;Peru;Redes Sociales;Tarjeta de Credito;Termo de Bicicleta;Guillermo Benavides;2024-10-10;57650;10;8.2;5765
Ara;901001382.0;FV 46442;Mexico;Punto de Venta;Efectivo;GPS glaciar;Hernando Portilla;2024-12-20;204400;13;12.9;15723
Automercados Plaza's;891009100.0;FV 72259;Ecuador;Redes Sociales;Transferencia Electronica;Camiseta Deportiva;Guillermo Benavides;2023-11-18;54000;3;0.0;18000
Hipermaxi;899453679.0;FV 43614;Peru;Punto de Venta;Efectivo;Mochila Canyon Mula Weekender;Patricia Angarita;2024-08-15;97050;8;18.0;12131
Hipermaxi;899453679.0;FV 43456;Colombia;Punto de Venta;Efectivo;Set de Madera Lady Hailstorm Titanium;Patricia Angarita;2024-08-15;128950;6;0.0;21492
Supermercados Peruanos;896789012.0;FV 65465;Nicaragua;Redes Sociales;Cheque;Guantes de Arquero Nike;Lidia Bueno;2023-01-11;16500;6;9.2;2750
Grupo Éxito;809765231.0;FV 68387;Honduras;APP;Transferencia Electronica;Palo Course Pro;Viviana Cano;2023-04-28;24150;6;9.8;4025
Tiendas Olímpica;901765437.0;FV 68779;Nicaragua;Punto de Venta;Efectivo;Set de Madera Lady Hailstorm Titanium;Patricia Angarita;2023-05-09;129150;6;6.5;21525
Tiendas Olímpica;901765437.0;FV 71496;Honduras;Redes Sociales;Transferencia Electronica;Batería recargable Firefly;Hernando Portilla;2023-09-25;36900;8;8.7;4612
;901776453.0;FV 69317;Nicaragua;Redes Sociales;Transferencia Electronica;Kit de cocina TrailChef;Viviana Cano;2023-05-22;22300;8;0.0;2788
Supermercados Peruanos;896789012.0;FV 71053;Honduras;Redes Sociales;Cheque;Bolsa de golf Course Pro;Viviana Cano;2023-08-06;13800;13;0.0;1062
Grupo Éxito;809765231.0;FV 41937;Peru;Punto de Venta;Efectivo;Set de Madera Lady Hailstorm Titanium;Armando Casas;2024-06-03;267200;4;0.0;66800
Super 99;899087237.0;FV 44184;Mexico;Punto de Venta;Efectivo;Termo de Bicicleta;Hernando Portilla;2024-09-25;97750;8;0.0;12219
Hipermaxi;899453679.0;FV 43016;Colombia;Redes Sociales;Tarjeta de Credito;Balon de Microfutbol Golty;Lidia Bueno;2024-06-04;55000;1;0.0;55000
Hipermaxi;899453679.0;FV 69558;Ecuador;Redes Sociales;Cheque;Lámpara EverGlow;Viviana Cano;2023-05-29;11050;10;0.0;1105
Walmart;890342123.0;FV 65550;Guatemala;Redes Sociales;Transferencia Electronica;Balon de Microfutbol Golty;Armando Casas;2023-01-14;55000;2;0.0;27500
Automercados Plaza's;891009100.0;FV 70256;Ecuador ;Punto de Venta;Efectivo;Husky Cuerda 200;Armando Casas;2023-06-17;221450;13;8.5;17035
Hipermaxi;899453679.0;FV 44408;Colombia;Redes Sociales;Efectivo;Gorra Deportiva;Patricia Angarita;2024-09-25;76800;6;0.0;12800
Hipermaxi;899453679.0;FV 68581;Panama;Redes Sociales;Transferencia Electronica;Pantaloneta;Bernardo Cifuentes;2023-05-03;30250;6;8.0;5042
Bodega Aurrerá;890457811.0;FV 68972;Panama;Punto de Venta;Efectivo;Set de Madera Lady Hailstorm Titanium;Armando Casas;2023-05-14;196350;6;0.0;32725
;896789012.0;FV 67197;Nicaragua;Redes Sociales;Transferencia Electronica;Sudadera Puma;Patricia Angarita;2023-03-25;55000;2;7.1;27500
Cencosud;901776453.0;FV 43916;Nicaragua;Punto de Venta;Efectivo;Alivio de mordedura de insectos;Patricia Angarita;2024-07-09;75000;6;6.0;12500
Hipermaxi;899453679.0;FV 69613;Peru;Punto de Venta;Efectivo;Mochila Canyon Mula Weekender;Patricia Angarita;2023-05-30;136750;6;5.4;22792
Gessa;901324700.0;FV 69684;MEXICO;Punto de Venta;Efectivo;Mochila Canyon Mula Weekender;Bernardo Cifuentes;2023-06-01;104550;6;8.8;17425
Hipermaxi;899453679.0;FV 70083;Nicaragua;Redes Sociales;Transferencia Electronica;Balon de Microfutbol Golty;Viviana Cano;2023-06-12;55000;2;0.0;27500
Walmart;890342123.0;FV 43517;Colombia;Punto de Venta;Efectivo;Set de Madera Lady Hailstorm Titanium;Hernando Portilla;2024-08-15;112400;6;0.0;18733
Ara;901001382.0;FV 41427;Ecuador;Punto de Venta;Efectivo;Set de Madera Lady Hailstorm Titanium;Armando Casas;2024-04-16;289300;4;10.3;72325
Hipermaxi;899453679.0;FV 71586;Guatemala;Redes Sociales;Cheque;Kit de cocina TrailChef;Guillermo Benavides;2023-10-06;115443;1;0.0;115443
Hipermaxi;899453679.0;FV 45477;Ecuador;APP;Tarjeta de Credito;Juego TrailChef Deluxe Cook;Viviana Cano;2024-10-10;55000;1;8.7;55000
;899453679.0;FV 46038;Ecuador;Punto de Venta;Efectivo;GPS glaciar;Patricia Angarita;2024-11-01;283100;4;0.0;70775
Hipermaxi;899453679.0;FV 42808;Mexico;Redes Sociales;Tarjeta de Credito;Termo de Bicicleta;Bernardo Cifuentes;2024-06-04;65050;13;0.0;5004
Makro;902765200.0;FV 68066;Honduras;Redes Sociales;Cheque;Guantes de Arquero Nike;Lidia Bueno;2023-04-21;20100;6;0.0;3350
La Anónima;897564399.0;FV 71433;Colombia;Redes Sociales;Cheque;Guantes de Arquero Nike;Viviana Cano;2023-09-19;13350;10;8.4;1335
Bodega Aurrerá;890457811.0;FV 43715;Ecuador;Punto de Venta;Efectivo;Termo de Bicicleta;Patricia Angarita;2024-08-15;82250;13;0.0;6327
Gessa;901324700.0;FV 41801;Colombia;Punto de Venta;Efectivo;Set de Madera Lady Hailstorm Titanium;Guillermo Benavides;2024-05-16;124600;6;0.0;20767
Walmart;890342123.0;FV 71220;Honduras;Redes Sociales;Transferencia Electronica;Pantaloneta;Hernando Portilla;2023-08-25;31250;6;8.8;5208
Tiendas Olímpica;901765437.0;FV 69307;Ecuador;Redes Sociales;Transferencia Electronica;Loción BugShield;Hernando Portilla;2023-05-22;55000;6;5.3;9167
Walmart;890342123.0;FV 42741;Panama;Redes Sociales;Tarjeta de Credito;Termo de Bicicleta;Lidia Bueno;2024-06-04;70550;10;0.0;7055
Soriana;901345679.0;FV 67552;Panama;Teléfono;Tarjeta de Credito;Juego TrailChef Deluxe Cook;Hernando Portilla;2023-04-07;55000;10;0.0;5500
Tiendas Olímpica;901765437.0;FV 70285;Nicaragua;Redes Sociales;Transferencia Electronica;Balon de Futbol Adidas;Lidia Bueno;2023-06-17;36000;10;5.3;3600
Walmart;890342123.0;FV 71356;Nicaragua;Redes Sociales;Transferencia Electronica;Kit de cocina TrailChef;Viviana Cano;2023-09-10;25800;8;5.7;3225
Hipermaxi;899453679.0;FV 46142;Ecuador;Punto de Venta;Efectivo;Mochila Canyon Mula Weekender;Patricia Angarita;2024-11-01;185250;8;9.3;23156
Bodega Aurrerá;890457811.0;FV 65790;Mexico;Redes Sociales;Tarjeta de Credito;Balon de Microfutbol Golty;Hernando Portilla;2023-01-24;55000;10;0.0;5500
Supermercados Peruanos;896789012.0;FV 40862;Peru;Punto de Venta;Efectivo;Termo de Bicicleta;Bernardo Cifuentes;2024-01-06;87300;10;0.0;8730
Tiendas Olímpica;901765437.0;FV 66035;Ecuador;Redes Sociales;Cheque;Lámpara EverGlow;Viviana Cano;2023-02-04;17800;8;5.3;2225
Hipermaxi;899453679.0;FV 70203;Colombia;Redes Sociales;Transferencia Electronica;Mountain Man Extreme;Viviana Cano;2023-06-15;46550;10;0.0;4655
Tiendas San Francisco;897345600.0;FV 66407;Ecuador;Redes Sociales;Cheque;Mountain Man Extreme;Viviana Cano;2023-02-20;20200;10;0.0;2020
Walmart;890342123.0;FV 65941;Panama;APP;Transferencia Electronica;Mountain Man Extreme;Viviana Cano;2023-01-30;42350;8;0.0;5294
Walmart;890342123.0;FV 43974;Nicaragua;Redes Sociales;Tarjeta de Credito;Alivio de mordedura de insectos;Guillermo Benavides;2024-07-09;75000;6;0.0;12500
Bodega Aurrerá;890457811.0;FV 44414;Peru;Redes Sociales;Efectivo;Bloqueador solar;Patricia Angarita;2024-09-25;76800;6;0.0;12800
Automercados Plaza's;891009100.0;FV 68671;Ecuador;Punto de Venta;Efectivo;Juego TrailChef Deluxe Cook;Patricia Angarita;2023-05-06;75400;8;8.7;9425
Walmart;890342123.0;FV 72454;Guatemala;Redes Sociales;Transferencia Electronica;Casco de escalada de granito;Lidia Bueno;2023-11-30;54000;3;9.2;18000
Soriana;901345679.0;FV 66852;Panama;Redes Sociales;Cheque;Guantes de Arquero Nike;Lidia Bueno;2023-03-11;18900;6;7.5;3150
Hipermaxi;899453679.0;FV 71553;Guatemala;Teléfono;Transferencia Electronica;Guayos Nike Cr-11;Lidia Bueno;2023-10-04;72071;1;0.0;72071
Walmart;890342123.0;FV 69388;Panama;Teléfono;Transferencia Electronica;Kit de cocina TrailChef;Hernando Portilla;2023-05-24;28750;10;6.3;2875
Walmart;890342123.0;FV 68299;Ecuador;Redes Sociales;Transferencia Electronica;Kit de cocina TrailChef;Lidia Bueno;2023-04-26;34200;13;0.0;2631
Tiendas Olímpica;901765437.0;FV 66245;Ecuador;Redes Sociales;Transferencia Electronica;Kit de cocina TrailChef;Hernando Portilla;2023-02-13;43050;13;0.0;3312
Gessa;901324700.0;FV 68920;Panama;Redes Sociales;Cheque;Lámpara EverGlow;Viviana Cano;2023-05-13;15450;8;9.2;1931
Bodega Aurrerá;890457811.0;FV 71360;Honduras;Redes Sociales;Cheque;Guantes de Arquero Nike;Bernardo Cifuentes;2023-09-11;11950;6;7.4;1992
Supermercados Peruanos;896789012.0;FV 66264;Honduras;Redes Sociales;Transferencia Electronica;Balon de Microfutbol Golty;Viviana Cano;2023-02-14;55000;6;0.0;9167
Hipermaxi;899453679.0;FV 42718;Ecuador;Redes Sociales;Tarjeta de Credito;Termo de Bicicleta;Patricia Angarita;2024-06-04;72850;10;0.0;7285
Super 99;899087237.0;FV 70756;Ecuador;Redes Sociales;Cheque;Guantes de Arquero Nike;Guillermo Benavides;2023-07-03;12050;8;0.0;1506
La Anónima;897564399.0;FV 70430;Ecuador;Redes Sociales;Tarjeta de Credito;Set de Madera Lady Hailstorm Titanium;Hernando Portilla;2023-06-21;74200;23;0.0;3226
Hipermaxi;899453679.0;FV 72444;Colombia;Redes Sociales;Transferencia Electronica;Guayos Nike Cr-110;Hernando Portilla;2023-11-29;54000;3;0.0;18000
Hipermaxi;;FV 43198;Mexico;Redes Sociales;Tarjeta de Credito;Set de Madera Lady Hailstorm Titanium;Viviana Cano;2024-06-04;55000;1;0.0;55000
Cencosud;901776453.0;FV 70693;Colombia;Redes Sociales;Transferencia Electronica;Arnés Extremo Husky;Viviana Cano;2023-06-28;48200;10;0.0;4820
Hipermaxi;;FV 69998;Guatemala;Redes Sociales;Transferencia Electronica;Loción BugShield;Patricia Angarita;2023-06-10;43000;10;0.0;4300
Hipermaxi;899453679.0;FV 44440;Nicaragua;Redes Sociales;Efectivo;Gorra Deportiva;Patricia Angarita;2024-09-25;76800;2;0.0;38400
Grupo Éxito;809765231.0;FV 66000;Honduras;APP;Tarjeta de Credito;Termo de Bicicleta;Hernando Portilla;2023-02-02;59750;10;19.9;5975
Automercados Plaza's;891009100.0;FV 43642;Mexico;Punto de Venta;Efectivo;Set de Madera Lady Hailstorm Titanium;Guillermo Benavides;2024-08-15;93000;6;5.1;15500
Walmart;890342123.0;FV 68021;Mexico;Redes Sociales;Transferencia Electronica;Guayos Nike Cr-7;Viviana Cano;2023-04-19;37500;13;6.3;2885
Tiendas Olímpica;901765437.0;FV 44777;Panama;Redes Sociales;Tarjeta de Credito;Termo de Bicicleta;Lidia Bueno;2024-09-25;69950;8;0.0;8744
Hipermaxi;899453679.0;FV 68593;Guatemala;Redes Sociales;Cheque;Lámpara EverGlow;Lidia Bueno;2023-05-04;16650;2;0.0;8325
Soriana;901345679.0;FV 47085;Guatemala;Redes Sociales;Efectivo;Bloqueador solar;Hernando Portilla;2024-12-20;75000;6;6.5;12500
Walmart;890342123.0;FV 66718;Ecuador;Redes Sociales;Transferencia Electronica;Mountain Man Extreme;Viviana Cano;2023-03-05;43700;8;0.0;5462
Jumbo;901345871.0;FV 41917;Ecuador;Punto de Venta;Efectivo;GPS glaciar;Armando Casas;2024-06-03;299100;4;10.5;74775
Gessa;901324700.0;FV 68322;Ecuador;Punto de Venta;Efectivo;Mochila Canyon Mula Weekender;Bernardo Cifuentes;2023-04-27;78050;8;18.0;9756
Supermercados Peruanos;896789012.0;FV 42067;Ecuador;Punto de Venta;Efectivo;Husky Cuerda 200;Patricia Angarita;2024-06-03;162450;13;7.8;12496
Hipermaxi;899453679.0;FV 46077;Ecuador;Punto de Venta;Efectivo;GPS glaciar;Patricia Angarita;2024-11-01;235690;4;0.0;58922
Walmart;890342123.0;FV 44765;Nicaragua;Redes Sociales;Tarjeta de Credito;Juego TrailChef Deluxe Cook;Patricia Angarita;2024-09-25;71050;8;0.0;8881
Walmart;890342123.0;FV 65585;Nicaragua;Redes Sociales;Transferencia Electronica;Kit de cocina TrailChef;Viviana Cano;2023-01-15;40250;10;0.0;4025
Walmart;890342123.0;FV 69378;Colombia;Redes Sociales;Transferencia Electronica;Sudadera Puma;Viviana Cano;2023-05-24;55000;6;8.5;9167
Ara;901001382.0;FV 65511;Guatemala;Redes Sociales;Cheque;Guantes de Arquero Nike;Patricia Angarita;2023-01-13;16400;8;0.0;2050
Automercados Plaza's;891009100.0;FV 71418;Mexico;Teléfono;Cheque;Guantes de Arquero Nike;Viviana Cano;2023-09-18;17100;10;16.9;1710
Supermercados Peruanos;896789012.0;FV 67184;Honduras ;APP;Cheque;Bolsa de golf Course Pro;Lidia Bueno;2023-03-25;13650;8;0.0;1706
Gessa;901324700.0;FV 44210;Nicaragua;Punto de Venta;Efectivo;Arnés Extremo Husky;Patricia Angarita;2024-09-25;93950;8;0.0;11744
Walmart;890342123.0;FV 45415;Peru;Redes Sociales;Tarjeta de Credito;Juego TrailChef Deluxe Cook;Hernando Portilla;2024-10-10;55000;1;0.0;55000
Hipermaxi;899453679.0;FV 66767;Nicaragua;Redes Sociales;Tarjeta de Credito;Juego TrailChef Deluxe Cook;Viviana Cano;2023-03-07;55000;10;0.0;5500
Cencosud;901776453.0;FV 66675;Colombia;Redes Sociales;Transferencia Electronica;Juego TrailChef Deluxe Cook;Lidia Bueno;2023-03-03;55000;6;0.0;9167
Hipermaxi;899453679.0;FV 42185;Guatemala;Punto de Venta;Efectivo;Set de Madera Lady Hailstorm Titanium;Patricia Angarita;2024-06-04;114950;8;10.8;14369
Walmart;890342123.0;FV 72210;Ecuador;Redes Sociales;Transferencia Electronica;Guayos Nike Cr-84;Viviana Cano;2023-11-15;65700;3;7.9;21900
Walmart;890342123.0;FV 46131;Peru;Punto de Venta;Efectivo;GPS glaciar;Hernando Portilla;2024-11-01;193100;13;0.0;14854
Hipermaxi;899453679.0;FV 43363;Nicaragua;Redes Sociales;Transferencia Electronica;Termo de Bicicleta;Hernando Portilla;2024-06-04;55000;6;8.7;9167
Tiendas Olímpica;901765437.0;FV 67027;Honduras;APP;Transferencia Electronica;Termo de Bicicleta;Lidia Bueno;2023-03-18;55000;2;0.0;27500
Hipermaxi;899453679.0;FV 70830;Peru;Redes Sociales;Transferencia Electronica;Camiseta Deportiva;Guillermo Benavides;2023-07-12;26450;8;0.0;3306
Super 99;899087237.0;FV 67566;Colombia;Redes Sociales;Cheque;Guantes de Arquero Nike;Hernando Portilla;2023-04-08;20800;10;0.0;2080
La Anónima;;FV 66317;Guatemala;Redes Sociales;Cheque;Guantes de Arquero Nike;Hernando Portilla;2023-02-17;11300;6;0.0;1883
Tiendas Olímpica;901765437.0;FV 44064;Honduras;Teléfono;Tarjeta de Credito;Juego TrailChef Deluxe Cook;Patricia Angarita;2024-07-09;71100;6;0.0;11850
Tiendas Olímpica;901765437.0;FV 67148;Honduras;Redes Sociales;Transferencia Electronica;Sudadera Puma;Hernando Portilla;2023-03-23;55000;6;5.5;9167
;899087237.0;FV 70019;Panama;Punto de Venta;Efectivo;GPS glaciar;Bernardo Cifuentes;2023-06-11;106850;8;0.0;13356
Supermercados Peruanos;896789012.0;FV 67051;Peru;Redes Sociales;Transferencia Electronica;Sudadera Puma;Lidia Bueno;2023-03-19;55000;2;0.0;27500
Super 99;899087237.0;FV 41830;Ecuador;Punto de Venta;Efectivo;Mochila Canyon Mula Weekender;Guillermo Benavides;2024-05-16;118350;13;5.0;9104
Walmart;890342123.0;FV 42679;Peru;Redes Sociales;Tarjeta de Credito;Juego TrailChef Deluxe Cook;Patricia Angarita;2024-06-04;75000;2;13.1;37500
Walmart;890342123.0;FV 70407;Nicaragua;Redes Sociales;Transferencia Electronica;Guayos Nike Cr-7;Viviana Cano;2023-06-20;38300;6;7.8;6383
;890342123.0;FV 71572;Guatemala;Redes Sociales;Transferencia Electronica;Casco de escalada de granito;Viviana Cano;2023-10-05;97043;1;0.0;97043
Unimarc;900434592.0;FV 68546;Honduras;APP;Cheque;Kit de cocina TrailChef;Hernando Portilla;2023-05-03;20750;10;0.0;2075
Hipermaxi;899453679.0;FV 72405;Mexico;Redes Sociales;Cheque;Kit de cocina TrailChef;Viviana Cano;2023-11-26;54000;3;8.0;18000
Ara;901001382.0;FV 40604;Ecuador;Punto de Venta;Efectivo;GPS glaciar;Hernando Portilla;2024-01-06;186650;13;7.2;14358
Walmart;890342123.0;FV 66113;Ecuador;Redes Sociales;Transferencia Electronica;Loción BugShield;Hernando Portilla;2023-02-07;43000;10;0.0;4300
Ara;901001382.0;FV 41142;Colombia;Redes Sociales;Tarjeta de Credito;Arnés Extremo Husky;Bernardo Cifuentes;2024-02-02;74200;8;0.0;9275
Supermercados Peruanos;896789012.0;FV 71031;Nicaragua;Redes Sociales;Cheque;Guantes de Arquero Nike;Patricia Angarita;2023-08-04;20000;6;0.0;3333
Hipermaxi;899453679.0;FV 43104;Nicaragua;Redes Sociales;Tarjeta de Credito;Juego TrailChef Deluxe Cook;Lidia Bueno;2024-06-04;55000;1;0.0;55000
Walmart;890342123.0;FV 72298;Guatemala;Redes Sociales;Transferencia Electronica;Guantes de Arquero Nike;Hernando Portilla;2023-11-20;54000;3;6.8;18000
Cencosud;901776453.0;FV 65769;Guatemala;Redes Sociales;Tarjeta de Credito;Loción BugShield;Viviana Cano;2023-01-23;55000;8;9.8;6875
Tiendas San Francisco;897345600.0;FV 40738;Colombia;Punto de Venta;Efectivo;Mochila Canyon Mula Weekender;Guillermo Benavides;2024-01-06;115850;6;0.0;19308
Soriana;901345679.0;FV 46863;Peru;Punto de Venta;Efectivo;Termo de Bicicleta;Hernando Portilla;2024-12-20;85500;8;0.0;10688
Carrefour;900348761.0;FV 46268;Ecuador;Punto de Venta;Efectivo;Mochila Canyon Mula Weekender;Patricia Angarita;2024-11-01;131350;13;0.0;10104
Soriana;901345679.0;FV 44514;Ecuador;Redes Sociales;Tarjeta de Credito;Alivio de mordedura de insectos;Guillermo Benavides;2024-09-25;75000;6;16.2;12500
Bodega Aurrerá;890457811.0;FV 68973;Nicaragua;Punto de Venta;Efectivo;GPS glaciar;Patricia Angarita;2023-05-14;183250;8;9.6;22906
Bodega Aurrerá;890457811.0;FV 46943;Panama ;APP;Efectivo;Termo de Bicicleta;Hernando Portilla;2024-12-20;Pendiente;10;0.0;7715
Carrefour;900348761.0;FV 67122;Peru;Redes Sociales;Tarjeta de Credito;Loción BugShield;Viviana Cano;2023-03-22;55000;8;0.0;6875
Hipermaxi;899453679.0;FV 69760;Ecuador;Punto de Venta;Efectivo;GPS glaciar;Patricia Angarita;2023-06-03;156900;13;0.0;12069
Tiendas Olímpica;901765437.0;FV 45019;Mexico;Teléfono;Tarjeta de Credito;Silvato Arbitro;Patricia Angarita;2024-10-10;75000;2;0.0;37500
Carrefour;900348761.0;FV 47053;Ecuador;Punto de Venta;Efectivo;Set de Madera Lady Hailstorm Titanium;Patricia Angarita;2024-12-20;76450;10;0.0;7645
La Anónima;897564399.0;FV 68789;Nicaragua;Redes Sociales;Tarjeta de Credito;Juego TrailChef Deluxe Cook;Bernardo Cifuentes;2023-05-09;75000;2;0.0;37500
Jumbo;901345871.0;FV 65851;Honduras;Redes Sociales;Cheque;Guantes de Arquero Nike;Armando Casas;2023-01-27;21850;10;9.5;2185
Soriana;901345679.0;FV 47050;Nicaragua;Punto de Venta;Efectivo;Juego TrailChef Deluxe Cook;Guillermo Benavides;2024-12-20;76650;10;0.0;7665
Bodega Aurrerá;890457811.0;FV 68048;Nicaragua;Redes Sociales;Tarjeta de Credito;Juego TrailChef Deluxe Cook;Lidia Bueno;2023-04-20;55000;6;0.0;9167
Super 99;899087237.0;FV 46693;Honduras;Punto de Venta;Efectivo;Set de Madera Lady Hailstorm Titanium;Patricia Angarita;2024-12-20;108950;6;8.1;18158
Tiendas Olímpica;901765437.0;FV 69728;Panama;Redes Sociales;Tarjeta de Credito;Juego TrailChef Deluxe Cook;Lidia Bueno;2023-06-02;65500;8;0.0;8188
Tiendas Olímpica;901765437.0;FV 69775;Peru;Redes Sociales;Tarjeta de Credito;Termo de Bicicleta;Hernando Portilla;2023-06-03;72700;10;0.0;7270
Carrefour;900348761.0;FV 42150;Guatemala;Punto de Venta;Efectivo;Set de Madera Lady Hailstorm Titanium;Guillermo Benavides;2024-06-04;120750;6;11.5;20125
Supermercados Peruanos;896789012.0;FV 70501;Honduras;Redes Sociales;Transferencia Electronica;Sudadera Puma;Viviana Cano;2023-06-23;55000;2;0.0;27500
Walmart;890342123.0;FV 43091;Panama;Redes Sociales;Tarjeta de Credito;Juego TrailChef Deluxe Cook;Hernando Portilla;2024-06-04;55000;1;0.0;55000
;900348761.0;FV 46973;Honduras;APP;Efectivo;Bloqueador solar;Patricia Angarita;2024-12-20;76800;10;7.8;7680
Hipermaxi;899453679.0;FV 69703;Nicaragua;Redes Sociales;Transferencia Electronica;Loción BugShield;Bernardo Cifuentes;2023-06-01;43000;10;0.0;4300
Walmart;890342123.0;FV 71487;Colombia;Redes Sociales;Transferencia Electronica;Pantaloneta;Hernando Portilla;2023-09-24;33300;6;0.0;5550
Tiendas Olímpica;901765437.0;FV 41296;Peru;Redes Sociales;Tarjeta de Credito;Juego TrailChef Deluxe Cook;Lidia Bueno;2024-03-05;59800;6;5.9;9967
Tiendas Olímpica;901765437.0;FV 70951;Panama;Redes Sociales;Transferencia Electronica;Balon de Futbol Adidas;Viviana Cano;2023-07-25;35150;10;0.0;3515
Bodega Aurrerá;890457811.0;FV 46387;Ecuador;Punto de Venta;Efectivo;GPS glaciar;Patricia Angarita;2024-12-20;241600;4;0.0;60400
Hipermaxi;899453679.0;FV 42795;Colombia;Redes Sociales;Tarjeta de Credito;Juego TrailChef Deluxe Cook;Hernando Portilla;2024-06-04;65750;10;0.0;6575
La Anónima;897564399.0;FV 69150;Panama;Punto de Venta;Efectivo;Mochila Canyon Mula Weekender;Bernardo Cifuentes;2023-05-18;86950;8;0.0;10869
Grupo Éxito;809765231.0;FV 65299;Nicaragua;Redes Sociales;Tarjeta de Credito;Juego TrailChef Deluxe Cook;Lidia Bueno;2023-01-04;55000;10;0.0;5500
Tiendas Olímpica;901765437.0;FV 70116;Ecuador;Redes Sociales;Tarjeta de Credito;Termo de Bicicleta;Lidia Bueno;2023-06-13;61600;6;0.0;10267
Walmart;890342123.0;FV 68009;Guatemala;Redes Sociales;Tarjeta de Credito;Loción BugShield;Armando Casas;2023-04-19;1074543.186436128;8;0.0;6875
Unimarc;900434592.0;FV 71400;Ecuador;Redes Sociales;Cheque;Mountain Man Extreme;Hernando Portilla;2023-09-16;20950;6;0.0;3492
Super 99;899087237.0;FV 46353;Ecuador;Punto de Venta;Efectivo;GPS glaciar;Patricia Angarita;2024-12-20;286200;4;0.0;71550
Tiendas Olímpica;901765437.0;FV 45236;Nicaragua;Redes Sociales;Tarjeta de Credito;Termo de Bicicleta;Patricia Angarita;2024-10-10;57400;13;0.0;4415
Walmart;890342123.0;FV 66396;Mexico;Redes Sociales;Transferencia Electronica;Kit de cocina TrailChef;Hernando Portilla;2023-02-19;40900;10;12.5;4090
Tiendas Olímpica;901765437.0;FV 41692;Ecuador;Punto de Venta;Efectivo;GPS glaciar;Patricia Angarita;2024-05-16;151850;10;0.0;15185
Tiendas Olímpica;901765437.0;FV 42848;Guatemala;Redes Sociales;Tarjeta de Credito;Arnés Extremo Husky;Patricia Angarita;2024-06-04;61250;6;0.0;10208
Hipermaxi;899453679.0;FV 65841;Ecuador;Redes Sociales;Transferencia Electronica;Mountain Man Extreme;Viviana Cano;2023-01-26;43500;8;8.3;5438
Ara;901001382.0;FV 41175;Ecuador;Redes Sociales;Tarjeta de Credito;Set de Madera Lady Hailstorm Titanium;Lidia Bueno;2024-02-02;71600;2;0.0;35800
;890342123.0;FV 42694;Ecuador;Redes Sociales;Tarjeta de Credito;Termo de Bicicleta;Bernardo Cifuentes;2024-06-04;74750;10;0.0;7475
Tiendas Olímpica;901765437.0;FV 40865;Guatemala;Punto de Venta;Efectivo;Arnés Extremo Husky;Bernardo Cifuentes;2024-01-06;87000;6;8.8;14500
Bodega Aurrerá;890457811.0;FV 68335;Panama;Redes Sociales;Tarjeta de Credito;Arnés Extremo Husky;Hernando Portilla;2023-04-27;61650;23;0.0;2680
Cencosud;901776453.0;FV 47052;Peru;Punto de Venta;Efectivo;Termo de Bicicleta;Patricia Angarita;2024-12-20;76450;13;10.3;5881
Hipermaxi;899453679.0;FV 68305;Nicaragua;Redes Sociales;Transferencia Electronica;Camiseta Deportiva;Bernardo Cifuentes;2023-04-26;25000;10;0.0;2500
Supermercados Peruanos;896789012.0;FV 66185;Ecuador;Redes Sociales;Tarjeta de Credito;Termo de Bicicleta;Patricia Angarita;2023-02-11;58350;10;0.0;5835
Walmart;890342123.0;FV 43349;Colombia;Redes Sociales;Transferencia Electronica;Guantes de Arquero Nike;Lidia Bueno;2024-06-04;55000;6;5.8;9167
Automercados Plaza's;891009100.0;FV 67475;Honduras;Punto de Venta;Efectivo;Mochila Canyon Mula Weekender;Patricia Angarita;2023-04-05;159250;10;7.1;15925
Walmart;890342123.0;FV 45545;Ecuador;Teléfono;Tarjeta de Credito;Loción BugShield;Viviana Cano;2024-10-10;55000;8;0.0;6875
Tiendas Olímpica;901765437.0;FV 68841;Mexico;Redes Sociales;Transferencia Electronica;Bolsa de golf Course Pro;Lidia Bueno;2023-05-10;22350;10;0.0;2235
Automercados Plaza's;891009100.0;FV 68709;Ecuador;Punto de Venta;Efectivo;Mochila Canyon Mula Weekender;Armando Casas;2023-05-07;85050;23;0.0;3698
Soriana;901345679.0;FV 65727;Panama;Redes Sociales;Transferencia Electronica;Mountain Man Extreme;Viviana Cano;2023-01-21;49850;8;0.0;6231
;890342123.0;FV 45646;Mexico;Redes Sociales;Transferencia Electronica;Juego TrailChef Deluxe Cook;Viviana Cano;2024-10-10;55000;6;0.0;9167
La Anónima;;FV 46785;Mexico;Punto de Venta;Efectivo;Termo de Bicicleta;Armando Casas;2024-12-20;97100;13;0.0;7469
Walmart;890342123.0;FV 66887;Nicaragua;Redes Sociales;Transferencia Electronica;Balon de Microfutbol Golty;Viviana Cano;2023-03-12;55000;6;0.0;9167
Automercados Plaza's;891009100.0;FV 42203;Mexico;Punto de Venta;Efectivo;Arnés Extremo Husky;Guillermo Benavides;2024-06-04;110350;6;0.0;18392
Supermercados Peruanos;896789012.0;FV 68596;Nicaragua;Redes Sociales;Cheque;Lámpara EverGlow;Viviana Cano;2023-05-04;12100;8;15.4;1512
Cencosud;901776453.0;FV 68940;Honduras;APP;Tarjeta de Credito;Juego TrailChef Deluxe Cook;Patricia Angarita;2023-05-13;69500;8;0.0;8688
Bodega Aurrerá;890457811.0;FV 46204;Honduras;Punto de Venta;Efectivo;Mochila Canyon Mula Weekender;Patricia Angarita;2024-11-01;151900;6;7.9;25317
Grupo Éxito;809765231.0;FV 44355;Colombia;Punto de Venta;Efectivo;Mochila Canyon Mula Weekender;Patricia Angarita;2024-09-25;79300;8;0.0;9912
Cencosud;901776453.0;FV 66674;Nicaragua;Redes Sociales;Tarjeta de Credito;Set de Madera Lady Hailstorm Titanium;Viviana Cano;2023-03-03;55000;8;0.0;6875
Super 99;899087237.0;FV 70018;Peru;Punto de Venta;Efectivo;GPS glaciar;Guillermo Benavides;2023-06-11;116150;10;9.3;11615
Supermercados Peruanos;896789012.0;FV 43848;Ecuador;Redes Sociales;Efectivo;Gorra Deportiva;Guillermo Benavides;2024-07-09;76800;2;0.0;38400
Walmart;;FV 43115;Ecuador;Redes Sociales;Tarjeta de Credito;Alivio de mordedura de insectos;Lidia Bueno;2024-06-04;55000;1;0.0;55000
Hipermaxi;899453679.0;FV 66558;Guatemala;Redes Sociales;Transferencia Electronica;Kit de cocina TrailChef;Viviana Cano;2023-02-26;45400;8;0.0;5675
Bodega Aurrerá;890457811.0;FV 43773;Colombia;Redes Sociales;Efectivo;Bloqueador solar;Hernando Portilla;2024-07-09;76800;10;0.0;7680
Tiendas Olímpica;901765437.0;FV 41797;Ecuador;Punto de Venta;Efectivo;Arnés Extremo Husky;Hernando Portilla;2024-05-16;125750;23;0.0;5467
Hipermaxi;899453679.0;FV 70005;Peru;Redes Sociales;Transferencia Electronica;Palo Course Pro;Lidia Bueno;2023-06-10;26050;10;0.0;2605
La Anónima;897564399.0;FV 69649;Guatemala ;Punto de Venta;Efectivo;Mochila Canyon Mula Weekender;Hernando Portilla;2023-05-31;115550;10;7.6;11555
Walmart;890342123.0;FV 66620;Honduras;APP;Cheque;Kit de cocina TrailChef;Viviana Cano;2023-03-01;21150;8;0.0;2644
Walmart;890342123.0;FV 71090;Mexico;Redes Sociales;Transferencia Electronica;Casco de escalada de granito;Viviana Cano;2023-08-10;26450;10;0.0;2645
Tiendas Olímpica;901765437.0;FV 70773;Colombia;Redes Sociales;Cheque;Lámpara EverGlow;Viviana Cano;2023-07-05;19100;8;0.0;2388
Tiendas Olímpica;901765437.0;FV 41098;Honduras;APP;Tarjeta de Credito;Alivio de mordedura de insectos;Guillermo Benavides;2024-02-02;75000;6;0.0;12500
Tiendas Olímpica;901765437.0;FV 46940;Peru;Punto de Venta;Efectivo;Termo de Bicicleta;Patricia Angarita;2024-12-20;77700;10;0.0;7770
Automercados Plaza's;891009100.0;FV 42253;Peru;Punto de Venta;Efectivo;Mochila Canyon Mula Weekender;Patricia Angarita;2024-06-04;99400;10;19.6;9940
Jumbo;901345871.0;FV 46327;Ecuador;Punto de Venta;Cheque;Set de Madera Lady Hailstorm Titanium;Hernando Portilla;2024-12-20;383100;4;0.0;95775
Tiendas Olímpica;901765437.0;FV 40835;Ecuador;Punto de Venta;Efectivo;Termo de Bicicleta;Patricia Angarita;2024-01-06;93200;8;6.7;11650
Walmart;890342123.0;FV 71818; Ecuador;Redes Sociales;Transferencia Electronica;Camiseta Deportiva;Viviana Cano;2023-10-20;23400;1;9.0;23400
Supermercados Peruanos;896789012.0;FV 69847;Nicaragua;Redes Sociales;Tarjeta de Credito;Juego TrailChef Deluxe Cook;Lidia Bueno;2023-06-05;55000;10;12.3;5500
Soriana;901345679.0;FV 71988;Honduras;Redes Sociales;Transferencia Electronica;Camiseta Deportiva;Viviana Cano;2023-10-31;65700;2;0.0;32850
Gessa;901324700.0;FV 44240;Honduras;Punto de Venta;Efectivo;Arnés Extremo Husky;Guillermo Benavides;2024-09-25;90750;10;0.0;9075
La Anónima;897564399.0;FV 66786;Nicaragua;Redes Sociales;Cheque;Guantes de Arquero Nike;Viviana Cano;2023-03-08;13950;8;0.0;1744
Walmart;890342123.0;FV 44016;Ecuador;Redes Sociales;Tarjeta de Credito;Termo de Bicicleta;Guillermo Benavides;2024-07-09;75000;2;0.0;37500
Automercados Plaza's;891009100.0;FV 46293;Ecuador;Punto de Venta;Efectivo;Mochila Canyon Mula Weekender;Guillermo Benavides;2024-11-01;125700;8;0.0;15712
Walmart;890342123.0;FV 43099;Peru;Redes Sociales;Tarjeta de Credito;Juego TrailChef Deluxe Cook;Hernando Portilla;2024-06-04;55000;1;0.0;55000
Tiendas Olímpica;901765437.0;FV 66163;Nicaragua;Redes Sociales;Transferencia Electronica;Loción BugShield;Viviana Cano;2023-02-09;43000;10;0.0;4300
Hipermaxi;899453679.0;FV 45717;Panama;Redes Sociales;Transferencia Electronica;Sudadera Puma;Lidia Bueno;2024-10-10;Sin dato;6;0.0;9167
Hipermaxi;899453679.0;FV 45476;Panama;Teléfono;Tarjeta de Credito;Loción BugShield;Patricia Angarita;2024-10-10;55000;1;8.3;55000
Walmart;890342123.0;FV 71583;Nicaragua;Redes Sociales;Transferencia Electronica;Camiseta Deportiva;Hernando Portilla;2023-10-06;111500;1;0.0;111500
Hipermaxi;899453679.0;FV 66654;Colombia;Redes Sociales;Transferencia Electronica;Guayos Nike Cr-7;Viviana Cano;2023-03-02;39200;10;0.0;3920
Automercados Plaza's;891009100.0;FV 67846;Ecuador;Punto de Venta;Efectivo;GPS glaciar;Patricia Angarita;2023-04-15;103950;8;0.0;12994
Hipermaxi;899453679.0;FV 71927;Peru;Redes Sociales;Transferencia Electronica;Pantaloneta;Lidia Bueno;2023-10-26;65700;2;0.0;32850
Carrefour;900348761.0;FV 46266;Panama;Punto de Venta;Efectivo;Mochila Canyon Mula Weekender;Guillermo Benavides;2024-11-01;131850;10;0.0;13185
;897564399.0;FV 69298;Panama;Punto de Venta;Efectivo;GPS glaciar;Bernardo Cifuentes;2023-05-22;199900;13;0.0;15377
Supermercados Peruanos;896789012.0;FV 70156;Mexico;Redes Sociales;Tarjeta de Credito;Juego TrailChef Deluxe Cook;Bernardo Cifuentes;2023-06-14;55000;10;10.4;5500
Cencosud;901776453.0;FV 70835;Nicaragua;Redes Sociales;Cheque;Guantes de Arquero Nike;Viviana Cano;2023-07-13;264293.16637041053;10;0.0;1445
La Anónima;897564399.0;FV 70490;Colombia;Redes Sociales;Tarjeta de Credito;Alivio de mordedura de insectos;Guillermo Benavides;2023-06-23;75000;2;0.0;37500
Automercados Plaza's;891009100.0;FV 68324;Panama;Redes Sociales;Efectivo;Juego TrailChef Deluxe Cook;Patricia Angarita;2023-04-27;76800;2;0.0;38400
;901765437.0;FV 44871;Colombia;Redes Sociales;Tarjeta de Credito;Termo de Bicicleta;Hernando Portilla;2024-09-25;64100;8;6.2;8012
Super 99;899087237.0;FV 46472;Ecuador;Punto de Venta;Efectivo;GPS glaciar;Hernando Portilla;2024-12-20;191650;13;0.0;14742
Carrefour;900348761.0;FV 66759;Mexico;Teléfono;Cheque;Guantes de Arquero Nike;Hernando Portilla;2023-03-07;N/A;6;0.0;2775
Hipermaxi;899453679.0;FV 66837;Honduras;Redes Sociales;Tarjeta de Credito;Juego TrailChef Deluxe Cook;Lidia Bueno;2023-03-10;55000;10;0.0;5500
Hipermaxi;899453679.0;FV 43041;Ecuador;Redes Sociales;Tarjeta de Credito;Juego TrailChef Deluxe Cook;Lidia Bueno;2024-06-04;Pendiente;1;7.5;55000
Grupo Éxito;809765231.0;FV 43809;Mexico;Teléfono;Efectivo;Juego TrailChef Deluxe Cook;Bernardo Cifuentes;2024-07-09;76800;8;0.0;9600
Tiendas Olímpica;901765437.0;FV 68752;Peru;Redes Sociales;Tarjeta de Credito;Juego TrailChef Deluxe Cook;Patricia Angarita;2023-05-08;63350;6;7.2;10558
Hipermaxi;899453679.0;FV 67720;Mexico;Redes Sociales;Transferencia Electronica;Camiseta Deportiva;Lidia Bueno;2023-04-11;25400;10;0.0;2540
Super 99;899087237.0;FV 46851;Nicaragua;Punto de Venta;Efectivo;Set de Madera Lady Hailstorm Titanium;Patricia Angarita;2024-12-20;87850;6;0.0;14642
Carrefour;900348761.0;FV 42098; Peru;Punto de Venta;Efectivo;GPS glaciar;Armando Casas;2024-06-03;150750;13;0.0;11596
Hipermaxi;899453679.0;FV 45208;Ecuador;Redes Sociales;Tarjeta de Credito;Arnés Extremo Husky;Bernardo Cifuentes;2024-10-10;58900;8;0.0;7362
Walmart;890342123.0;FV 45131;Peru;Redes Sociales;Tarjeta de Credito;Juego TrailChef Deluxe Cook;Patricia Angarita;2024-10-10;64750;6;0.0;10792
Super 99;899087237.0;FV 46736;Panama;Punto de Venta;Efectivo;Set de Madera Lady Hailstorm Titanium;Hernando Portilla;2024-12-20;102650;8;0.0;12831
;900348761.0;FV 42351;Panama;Teléfono;Efectivo;Mochila Canyon Mula Weekender;Hernando Portilla;2024-06-04;85750;10;0.0;8575
La Anónima;897564399.0;FV 46752;Ecuador;Punto de Venta;Efectivo;Termo de Bicicleta;Patricia Angarita;2024-12-20;100350;8;0.0;12544
Automercados Plaza's;891009100.0;FV 67581;Honduras;Punto de Venta;Efectivo;Mochila Canyon Mula Weekender;Armando Casas;2023-04-08;97800;8;0.0;12225
Automercados Plaza's;891009100.0;FV 46737;Honduras;Punto de Venta;Efectivo;GPS glaciar;Guillermo Benavides;2024-12-20;102300;13;0.0;7869
Hipermaxi;;FV 71820;Honduras;Redes Sociales;Transferencia Electronica;Kit de cocina TrailChef;Viviana Cano;2023-10-20;23400;1;0.0;23400
La Anónima;897564399.0;FV 41966;Ecuador;Punto de Venta;Efectivo;Mochila Canyon Mula Weekender;Patricia Angarita;2024-06-03;235690;4;0.0;58922
Carrefour;900348761.0;FV 42125;Panama;Punto de Venta;Efectivo;Set de Madera Lady Hailstorm Titanium;Bernardo Cifuentes;2024-06-03;139500;6;0.0;23250
Automercados Plaza's;891009100.0;FV 71709;Nicaragua;Redes Sociales;Transferencia Electronica;Camiseta Deportiva;Hernando Portilla;2023-10-12;23400;1;7.1;23400
Super 99;899087237.0;FV 42192;Honduras;Punto de Venta;Efectivo;Set de Madera Lady Hailstorm Titanium;Guillermo Benavides;2024-06-04;113000;10;0.0;11300
Walmart;890342123.0;FV 68357;Honduras;Redes Sociales;Cheque;Martillo de granito;Lidia Bueno;2023-04-28;16000;8;0.0;2000
Bodega Aurrerá;890457811.0;FV 44425;Honduras;Redes Sociales;Efectivo;Juego TrailChef Deluxe Cook;Armando Casas;2024-09-25;76800;2;0.0;38400
Walmart;890342123.0;FV 72225;Guatemala;Redes Sociales;Cheque;Kit de cocina TrailChef;Guillermo Benavides;2023-11-16;882008.2075349847;3;0.0;18000
Walmart;890342123.0;FV 72080;Colombia;Redes Sociales;Transferencia Electronica;Pantaloneta;Lidia Bueno;2023-11-06;65700;2;0.0;32850
Hipermaxi;899453679.0;FV 69092;Nicaragua;Redes Sociales;Transferencia Electronica;Camiseta Deportiva;Hernando Portilla;2023-05-16;24050;6;10.3;4008
Carrefour;900348761.0;FV 46661;Mexico;Punto de Venta;Efectivo;Mochila Canyon Mula Weekender;Hernando Portilla;2024-12-20;Pendiente;6;0.0;19375
Walmart;890342123.0;FV 71281;Mexico;Redes Sociales;Transferencia Electronica;Kit de cocina TrailChef;Viviana Cano;2023-09-02;30000;6;6.8;5000
Tiendas Olímpica;;FV 44909;Mexico;Redes Sociales;Tarjeta de Credito;Termo de Bicicleta;Patricia Angarita;2024-09-25;61700;13;0.0;4746
Walmart;890342123.0;FV 71425;Peru;Redes Sociales;Transferencia Electronica;Kit de cocina TrailChef;Viviana Cano;2023-09-18;31550;10;0.0;3155
Cencosud;901776453.0;FV 68798;Mexico;Redes Sociales;Tarjeta de Credito;Juego TrailChef Deluxe Cook;Lidia Bueno;2023-05-09;55000;6;18.7;9167
Super 99;899087237.0;FV 65380;Honduras;Redes Sociales;Cheque;Guantes de Arquero Nike;Lidia Bueno;2023-01-07;15350;6;7.8;2558
Tiendas Olímpica;901765437.0;FV 41275;Ecuador;Redes Sociales;Tarjeta de Credito;Termo de Bicicleta;Bernardo Cifuentes;2024-03-05;61200;6;9.5;10200
Walmart;;FV 70360;Panama;Redes Sociales;Transferencia Electronica;Palo Course Pro;Hernando Portilla;2023-06-19;42900;10;0.0;4290
Walmart;890342123.0;FV 70043;Ecuador;Redes Sociales;Transferencia Electronica;Kit de cocina TrailChef;Hernando Portilla;2023-06-11;N/A;13;0.0;3950
Automercados Plaza's;891009100.0;FV 46581;Colombia;Punto de Venta;Efectivo;Set de Madera Lady Hailstorm Titanium;Guillermo Benavides;2024-12-20;137550;6;0.0;22925
Walmart;890342123.0;FV 43947;Ecuador;Punto de Venta;Tarjeta de Credito;Alivio de mordedura de insectos;Hernando Portilla;2024-07-09;75000;6;14.1;12500
Bodega Aurrerá;890457811.0;FV 67592;Peru;Redes Sociales;Tarjeta de Credito;Maletin Adidas;Bernardo Cifuentes;2023-04-08;55000;8;0.0;6875
Gessa;901324700.0;FV 69400;Guatemala;Punto de Venta;Efectivo;Set de Madera Lady Hailstorm Titanium;Armando Casas;2023-05-25;333300;10;6.7;33330
Tiendas Olímpica;901765437.0;FV 69277;Guatemala;Redes Sociales;Transferencia Electronica;Sudadera Puma;Lidia Bueno;2023-05-21;55000;2;0.0;27500
Walmart;890342123.0;FV 44759;Peru;Redes Sociales;Tarjeta de Credito;Termo de Bicicleta;Hernando Portilla;2024-09-25;71900;8;13.6;8988
Soriana;901345679.0;FV 43767;Nicaragua;Punto de Venta;Efectivo;Bloqueador solar;Hernando Portilla;2024-07-09;76800;10;0.0;7680
La Anónima;897564399.0;FV 69927;Guatemala;Punto de Venta;Efectivo;Set de Madera Lady Hailstorm Titanium;Guillermo Benavides;2023-06-08;103800;13;0.0;7985
Soriana;901345679.0;FV 72153;Mexico;Redes Sociales;Transferencia Electronica;Kit de cocina TrailChef;Bernardo Cifuentes;2023-11-11;65700;2;10.4;32850
Gessa;901324700.0;FV 67688;Panama;Punto de Venta;Efectivo;Set de Madera Lady Hailstorm Titanium;Hernando Portilla;2023-04-11;152750;6;8.4;25458
Tiendas Olímpica;;FV 44825;Ecuador;APP;Tarjeta de Credito;Arnés Extremo Husky;Patricia Angarita;2024-09-25;66100;6;0.0;11017
Supermercados Peruanos;896789012.0;FV 67998;Panama;Punto de Venta;Efectivo;Mochila Canyon Mula Weekender;Armando Casas;2023-04-19;209150;10;0.0;20915
Hipermaxi;899453679.0;FV 43068;Peru;Redes Sociales;Tarjeta de Credito;Juego TrailChef Deluxe Cook;Lidia Bueno;2024-06-04;55000;1;0.0;55000
Grupo Éxito;809765231.0;FV 71064;Peru;Redes Sociales;Transferencia Electronica;Camiseta Deportiva;Viviana Cano;2023-08-07;23250;6;0.0;3875
Automercados Plaza's;891009100.0;FV 71676;Colombia;Teléfono;Cheque;Kit de cocina TrailChef;Viviana Cano;2023-10-10;23400;1;5.7;23400
Walmart;890342123.0;FV 46091;Peru;Punto de Venta;Efectivo;Set de Madera Lady Hailstorm Titanium;Bernardo Cifuentes;2024-11-01;231100;10;0.0;23110
Hipermaxi;899453679.0;FV 46710;Guatemala;Punto de Venta;Efectivo;Mochila Canyon Mula Weekender;Patricia Angarita;2024-12-20;106300;10;0.0;10630
Hipermaxi;899453679.0;FV 72436;Honduras;Redes Sociales;Cheque;Casco de escalada de granito;Guillermo Benavides;2023-11-28;54000;3;0.0;18000
Makro;902765200.0;FV 66206;Ecuador;Redes Sociales;Cheque;Kit de cocina TrailChef;Lidia Bueno;2023-02-12;21150;23;0.0;920
Tiendas Olímpica;901765437.0;FV 46435;Ecuador;Punto de Venta;Efectivo;Mochila Canyon Mula Weekender;Patricia Angarita;2024-12-20;213350;10;0.0;21335
La Anónima;897564399.0;FV 66873;Nicaragua;Redes Sociales;Cheque;Guantes de Arquero Nike;Lidia Bueno;2023-03-12;19100;6;0.0;3183
Walmart;890342123.0;FV 45719;Guatemala;Redes Sociales;Transferencia Electronica;Balon de Microfutbol Golty;Bernardo Cifuentes;2024-10-10;55000;6;0.0;9167
Hipermaxi;899453679.0;FV 65685;Ecuador;Redes Sociales;Transferencia Electronica;Camiseta Deportiva;Viviana Cano;2023-01-19;827221.9476100861;10;0.0;2790
Supermercados Peruanos;896789012.0;FV 67631;Colombia;Redes Sociales;Transferencia Electronica;Mountain Man Extreme;Lidia Bueno;2023-04-09;51050;8;0.0;6381
Walmart;890342123.0;FV 45518;Panama;Redes Sociales;Tarjeta de Credito;Loción BugShield;Viviana Cano;2024-10-10;55000;1;0.0;55000
Tiendas Olímpica;901765437.0;FV 65674;Mexico;Redes Sociales;Tarjeta de Credito;Set de Madera Lady Hailstorm Titanium;Patricia Angarita;2023-01-19;60950;6;0.0;10158
Supermercados Peruanos;896789012.0;FV 44012;Honduras;Teléfono;Tarjeta de Credito;Termo de Bicicleta;Guillermo Benavides;2024-07-09;75000;2;0.0;37500
Tiendas Olímpica;901765437.0;FV 67858;Panama;APP;Transferencia Electronica;Termo de Bicicleta;Hernando Portilla;2023-04-15;55000;6;0.0;9167
Hipermaxi;899453679.0;FV 70961;Ecuador;Redes Sociales;Transferencia Electronica;Guayos Nike Cr-7;Viviana Cano;2023-07-26;38150;6;0.0;6358
Grupo Éxito;809765231.0;FV 44556;Ecuador;Redes Sociales;Tarjeta de Credito;Alivio de mordedura de insectos;Hernando Portilla;2024-09-25;75000;6;0.0;12500
Super Selectos;901457120.0;FV 40906;Ecuador;Teléfono;Efectivo;Mochila Canyon Mula Weekender;Guillermo Benavides;2024-01-06;80750;10;0.0;8075
Tiendas Olímpica;901765437.0;FV 40715;Panama;Punto de Venta;Efectivo;GPS glaciar;Bernardo Cifuentes;2024-01-06;121800;13;9.8;9369
Walmart;890342123.0;FV 66949;Ecuador;Redes Sociales;Transferencia Electronica;Juego TrailChef Deluxe Cook;Hernando Portilla;2023-03-15;55000;6;0.0;9167
Super 99;899087237.0;FV 46690;Ecuador;Punto de Venta;Efectivo;Arnés Extremo Husky;Patricia Angarita;2024-12-20;109550;8;0.0;13694
Hipermaxi;899453679.0;FV 66726;Guatemala;Redes Sociales;Transferencia Electronica;Balon de Futbol Adidas;Hernando Portilla;2023-03-05;34750;8;9.3;4344
Hipermaxi;899453679.0;FV 70297; Panama;Punto de Venta;Efectivo;GPS glaciar;Armando Casas;2023-06-18;200550;13;9.9;15427
Carrefour;900348761.0;FV 66207;Panama;Redes Sociales;Cheque;Bolsa de golf Course Pro;Guillermo Benavides;2023-02-12;?;2;0.0;8525
Carrefour;900348761.0;FV 40541;Guatemala;Punto de Venta;Efectivo;Set de Madera Lady Hailstorm Titanium;Bernardo Cifuentes;2024-01-06;N/A;4;0.0;72288
Super Selectos;901457120.0;FV 68200;Mexico;Teléfono;Cheque;Guantes de Arquero Nike;Bernardo Cifuentes;2023-04-24;17400;6;18.9;2900
Ara;901001382.0;FV 41190;Honduras;Redes Sociales;Tarjeta de Credito;Termo de Bicicleta;Patricia Angarita;2024-02-02;70250;10;0.0;7025
Walmart;890342123.0;FV 67676;Ecuador;Redes Sociales;Transferencia Electronica;Kit de cocina TrailChef;Viviana Cano;2023-04-10;30900;13;0.0;2377
;896789012.0;FV 70382;Guatemala;Punto de Venta;Efectivo;Mochila Canyon Mula Weekender;Patricia Angarita;2023-06-20;145650;10;0.0;14565
Soriana;901345679.0;FV 65487;Panama;Redes Sociales;Cheque;Guantes de Arquero Nike;Lidia Bueno;2023-01-12;21750;6;19.2;3625
Tiendas Olímpica;901765437.0;FV 40905;Peru;Punto de Venta;Efectivo;Termo de Bicicleta;Patricia Angarita;2024-01-06;80750;13;13.2;6212
Carrefour;900348761.0;FV 46615;Ecuador;Punto de Venta;Efectivo;GPS glaciar;Armando Casas;2024-12-20;126050;13;8.4;9696
La Anónima;897564399.0;FV 69455;Ecuador;Punto de Venta;Efectivo;Termo de Bicicleta;Guillermo Benavides;2023-05-26;93750;8;0.0;11719
Gessa;901324700.0;FV 70421;Peru;Punto de Venta;Efectivo;GPS glaciar;Bernardo Cifuentes;2023-06-21;137950;8;0.0;17244
Tiendas Olímpica;901765437.0;FV 44902;Ecuador;Redes Sociales;Tarjeta de Credito;Termo de Bicicleta;Patricia Angarita;2024-09-25;62000;8;0.0;7750
Walmart;890342123.0;FV 66700;Mexico;Redes Sociales;Transferencia Electronica;Guayos Nike Cr-7;Lidia Bueno;2023-03-04;36400;10;0.0;3640
Tiendas Olímpica;901765437.0;FV 66724;Ecuador;Redes Sociales;Transferencia Electronica;Kit de cocina TrailChef;Viviana Cano;2023-03-05;38500;13;8.3;2962
Walmart;890342123.0;FV 71105;Peru;Redes Sociales;Transferencia Electronica;Pantaloneta;Patricia Angarita;2023-08-12;34000;8;0.0;4250
Cencosud;901776453.0;FV 69700;Colombia;APP;Transferencia Electronica;Mountain Man Extreme;Patricia Angarita;2023-06-01;Pendiente;2;0.0;27500
Hipermaxi;899453679.0;FV 43545;Ecuador;Punto de Venta;Efectivo;Mochila Canyon Mula Weekender;Hernando Portilla;2024-08-15;108150;13;5.0;8319
Super 99;899087237.0;FV 44133;Guatemala;Punto de Venta;Efectivo;Mochila Canyon Mula Weekender;Guillermo Benavides;2024-09-25;104350;13;0.0;8027
Gessa;901324700.0;FV 70833;Mexico;Teléfono;Cheque;Guantes de Arquero Nike;Lidia Bueno;2023-07-13;17300;6;0.0;2883
;891009100.0;FV 69608;Honduras;Punto de Venta;Efectivo;Mochila Canyon Mula Weekender;Armando Casas;2023-05-30;328400;8;0.0;41050
Carrefour;900348761.0;FV 41011;Ecuador;APP;Efectivo;Termo de Bicicleta;Patricia Angarita;2024-02-02;76800;2;7.3;38400
Super 99;899087237.0;FV 70108;Nicaragua;Redes Sociales;Efectivo;Gorra Deportiva;Guillermo Benavides;2023-06-13;76800;2;13.0;38400
Hipermaxi;899453679.0;FV 65372;Colombia;Redes Sociales;Transferencia Electronica;Kit de cocina TrailChef;Viviana Cano;2023-01-06;36900;8;8.3;4612
Walmart;890342123.0;FV 65532;Guatemala;Redes Sociales;Transferencia Electronica;Camiseta Deportiva;Lidia Bueno;2023-01-13;28050;10;0.0;2805
Walmart;890342123.0;FV 45472;Ecuador;Redes Sociales;Tarjeta de Credito;Loción BugShield;Hernando Portilla;2024-10-10;55000;1;0.0;55000
Hipermaxi;899453679.0;FV 65506;Peru;Redes Sociales;Transferencia Electronica;Guayos Nike Cr-7;Lidia Bueno;2023-01-12;37350;10;0.0;3735
Carrefour;900348761.0;FV 67958;Ecuador;Punto de Venta;Efectivo;GPS glaciar;Patricia Angarita;2023-04-18;153350;23;0.0;6667
Walmart;890342123.0;FV 70622;Nicaragua;Redes Sociales;Transferencia Electronica;Camiseta Deportiva;Lidia Bueno;2023-06-26;27800;10;0.0;2780
Walmart;890342123.0;FV 72399;Ecuador ;Redes Sociales;Transferencia Electronica;Guayos Nike Cr-105;Hernando Portilla;2023-11-26;54000;3;0.0;18000
Supermercados Peruanos;896789012.0;FV 46707;Ecuador;Punto de Venta;Efectivo;Mochila Canyon Mula Weekender;Patricia Angarita;2024-12-20;106650;13;7.8;8204
Supermercados Peruanos;896789012.0;FV 67140;Colombia;Redes Sociales;Cheque;Lámpara EverGlow;Viviana Cano;2023-03-23;13450;10;0.0;1345
Walmart;890342123.0;FV 67059;Peru;Redes Sociales;Transferencia Electronica;Pantaloneta;Viviana Cano;2023-03-19;30050;6;0.0;5008
Super 99;899087237.0;FV 69301;Ecuador;Punto de Venta;Efectivo;Mochila Canyon Mula Weekender;Patricia Angarita;2023-05-22;113800;6;0.0;18967
Super 99;899087237.0;FV 70571;Ecuador;Redes Sociales;Tarjeta de Credito;Alivio de mordedura de insectos;Patricia Angarita;2023-06-25;75000;2;0.0;37500
La Anónima;897564399.0;FV 68175;Guatemala;Punto de Venta;Efectivo;Set de Madera Lady Hailstorm Titanium;Hernando Portilla;2023-04-23;80450;6;0.0;13408
Gessa;901324700.0;FV 41546;Ecuador;Punto de Venta;Efectivo;GPS glaciar;Patricia Angarita;2024-05-16;216450;13;7.4;16650
Tiendas Olímpica;901765437.0;FV 65350;Ecuador;Redes Sociales;Transferencia Electronica;Mountain Man Extreme;Lidia Bueno;2023-01-05;45800;6;0.0;7633
Walmart;;FV 70952;Honduras;Redes Sociales;Transferencia Electronica;Pantaloneta;Hernando Portilla;2023-07-25;32150;10;0.0;3215
Walmart;890342123.0;FV 44913;Nicaragua;Redes Sociales;Tarjeta de Credito;Termo de Bicicleta;Hernando Portilla;2024-09-25;61500;13;7.2;4731
La Anónima;897564399.0;FV 41829;Nicaragua;Punto de Venta;Efectivo;Mochila Canyon Mula Weekender;Hernando Portilla;2024-05-16;118400;10;0.0;11840
Soriana;901345679.0;FV 67665;Nicaragua;Redes Sociales;Transferencia Electronica;Termo de Bicicleta;Lidia Bueno;2023-04-10;55000;6;0.0;9167
Hipermaxi;899453679.0;FV 71854;Colombia;Redes Sociales;Transferencia Electronica;Camiseta Deportiva;Viviana Cano;2023-10-22;65700;1;18.1;65700
Walmart;890342123.0;FV 66470;Ecuador;Redes Sociales;Transferencia Electronica;Pantaloneta;Bernardo Cifuentes;2023-02-22;29850;10;0.0;2985
Walmart;890342123.0;FV 43304;Ecuador;Redes Sociales;Transferencia Electronica;Juego TrailChef Deluxe Cook;Hernando Portilla;2024-06-04;55000;6;0.0;9167
Super Selectos;901457120.0;FV 69476;Guatemala;Redes Sociales;Cheque;Bolsa de golf Course Pro;Bernardo Cifuentes;2023-05-27;18650;6;6.8;3108
La Anónima;897564399.0;FV 69830;Nicaragua;Redes Sociales;Cheque;Lámpara EverGlow;Bernardo Cifuentes;2023-06-05;12350;6;6.5;2058
Supermercados Peruanos;896789012.0;FV 68923;Panama;Redes Sociales;Cheque;Guantes de Arquero Nike;Patricia Angarita;2023-05-13;11500;2;0.0;5750
Walmart;890342123.0;FV 65310;Ecuador;Redes Sociales;Transferencia Electronica;Loción BugShield;Viviana Cano;2023-01-04;43000;10;0.0;4300
;896789012.0;FV 40822;Peru;Punto de Venta;Efectivo;Set de Madera Lady Hailstorm Titanium;Patricia Angarita;2024-01-06;95150;6;0.0;15858
Supermercados Peruanos;896789012.0;FV 67588;Panama;Redes Sociales;Tarjeta de Credito;Termo de Bicicleta;Lidia Bueno;2023-04-08;57650;8;0.0;7206
Walmart;890342123.0;FV 41882;Ecuador;Punto de Venta;Cheque;Husky Cuerda 200;Armando Casas;2024-06-03;393300;4;0.0;98325
Tiendas Olímpica;901765437.0;FV 65763;Guatemala;Redes Sociales;Cheque;Guantes de Arquero Nike;Viviana Cano;2023-01-23;14900;6;19.7;2483
Supermercados Peruanos;896789012.0;FV 68739;Peru;Redes Sociales;Cheque;Guantes de Arquero Nike;Bernardo Cifuentes;2023-05-08;20750;6;0.0;3458
Hipermaxi;899453679.0;FV 65455;Mexico;Redes Sociales;Transferencia Electronica;Loción BugShield;Hernando Portilla;2023-01-10;43000;6;17.5;7167
Hipermaxi;899453679.0;FV 70918;Panama;Redes Sociales;Transferencia Electronica;Camiseta Deportiva;Patricia Angarita;2023-07-21;25650;10;7.7;2565
Hipermaxi;899453679.0;FV 43332;Peru;Redes Sociales;Transferencia Electronica;Guantes de Arquero Nike;Lidia Bueno;2024-06-04;55000;6;0.0;9167
Carrefour;900348761.0;FV 71648;Colombia;Redes Sociales;Transferencia Electronica;Pantaloneta;Viviana Cano;2023-10-09;196929;1;0.0;196929
Tiendas Olímpica;901765437.0;FV 70242;Ecuador;Redes Sociales;Transferencia Electronica;Mountain Man Extreme;Viviana Cano;2023-06-16;45950;8;0.0;5744
Tiendas Olímpica;901765437.0;FV 70284;Guatemala;Redes Sociales;Transferencia Electronica;Guayos Nike Cr-7;Bernardo Cifuentes;2023-06-17;36650;6;9.7;6108
Hipermaxi;899453679.0;FV 65679;Ecuador;Redes Sociales;Transferencia Electronica;Mountain Man Extreme;Viviana Cano;2023-01-19;46500;8;7.6;5812
Supermercados Peruanos;896789012.0;FV 68287;Nicaragua;Redes Sociales;Tarjeta de Credito;Juego TrailChef Deluxe Cook;Viviana Cano;2023-04-26;55000;6;0.0;9167
Supermercados Peruanos;896789012.0;FV 70040;Mexico;Redes Sociales;Transferencia Electronica;Guantes de Arquero Nike;Lidia Bueno;2023-06-11;55000;6;6.4;9167
Tiendas Olímpica;901765437.0;FV 41629;Peru;Punto de Venta;Efectivo;Mochila Canyon Mula Weekender;Patricia Angarita;2024-05-16;170250;10;0.0;17025
Super 99;899087237.0;FV 67357;Ecuador;Punto de Venta;Efectivo;Husky Cuerda 200;Guillermo Benavides;2023-04-02;144300;13;8.2;11100
Walmart;890342123.0;FV 43583;Panama;Punto de Venta;Efectivo;GPS glaciar;Guillermo Benavides;2024-08-15;102000;13;0.0;7846
Tiendas Olímpica;901765437.0;FV 45147;Ecuador;Redes Sociales;Tarjeta de Credito;Juego TrailChef Deluxe Cook;Bernardo Cifuentes;2024-10-10;63750;8;7.1;7969
Walmart;890342123.0;FV 43313;guatemala;Redes Sociales;Transferencia Electronica;Juego TrailChef Deluxe Cook;Lidia Bueno;2024-06-04;55000;6;0.0;9167
Ara;901001382.0;FV 66254;Nicaragua;Redes Sociales;Cheque;Lámpara EverGlow;Bernardo Cifuentes;2023-02-14;19850;13;0.0;1527
Ara;901001382.0;FV 46468;Ecuador;Punto de Venta;Efectivo;GPS glaciar;Bernardo Cifuentes;2024-12-20;193550;8;0.0;24194
La Anónima;897564399.0;FV 68314;Guatemala;Punto de Venta;Efectivo;Mochila Canyon Mula Weekender;Patricia Angarita;2023-04-27;128800;8;0.0;16100
Tiendas Olímpica;901765437.0;FV 44829;Panama;APP;Tarjeta de Credito;Termo de Bicicleta;Armando Casas;2024-09-25;66000;8;0.0;8250
La Anónima;;FV 43661;Honduras;Punto de Venta;Efectivo;Termo de Bicicleta;Patricia Angarita;2024-08-15;89650;8;8.9;11206
Soriana;901345679.0;FV 67347;Nicaragua;Redes Sociales;Cheque;Guantes de Arquero Nike;Patricia Angarita;2023-04-02;21950;10;0.0;2195
Hipermaxi;899453679.0;FV 43087;Panama;Redes Sociales;Tarjeta de Credito;Juego TrailChef Deluxe Cook;Lidia Bueno;2024-06-04;55000;1;0.0;55000
Walmart;890342123.0;FV 42905;Ecuador;Redes Sociales;Tarjeta de Credito;Juego TrailChef Deluxe Cook;Lidia Bueno;2024-06-04;57050;8;0.0;7131
Hipermaxi;899453679.0;FV 43476;Ecuador;Punto de Venta;Efectivo;GPS glaciar;Patricia Angarita;2024-08-15;122250;8;0.0;15281
Hipermaxi;899453679.0;FV 45963;Panama;Redes Sociales;Transferencia Electronica;Mountain Man Extreme;Viviana Cano;2024-10-10;49700;8;0.0;6212
Tiendas Olímpica;901765437.0;FV 66088;Panama;Redes Sociales;Transferencia Electronica;Mountain Man Extreme;Bernardo Cifuentes;2023-02-06;51450;6;0.0;8575
Tiendas Olímpica;901765437.0;FV 45021;Ecuador;APP;Tarjeta de Credito;Termo de Bicicleta;Guillermo Benavides;2024-10-10;75000;2;6.3;37500
Hipermaxi;899453679.0;FV 65732;Ecuador;Redes Sociales;Transferencia Electronica;Kit de alivio compacto;Viviana Cano;2023-01-21;43000;6;0.0;7167
Supermercados Peruanos;896789012.0;FV 66281;Panama;Redes Sociales;Tarjeta de Credito;Juego TrailChef Deluxe Cook;Lidia Bueno;2023-02-15;55000;8;6.0;6875
Tiendas Olímpica;901765437.0;FV 41293;Mexico;Redes Sociales;Tarjeta de Credito;Termo de Bicicleta;Lidia Bueno;2024-03-05;59800;13;0.0;4600
Carrefour;900348761.0;FV 47007;Guatemala;Redes Sociales;Efectivo;Juego TrailChef Deluxe Cook;Patricia Angarita;2024-12-20;76800;2;0.0;38400
Automercados Plaza's;891009100.0;FV 69412;Ecuador;Punto de Venta;Efectivo;Termo de Bicicleta;Patricia Angarita;2023-05-25;86650;10;11.0;8665
Hipermaxi;899453679.0;FV 69463;Ecuador;Redes Sociales;Transferencia Electronica;Balon de Microfutbol Golty;Viviana Cano;2023-05-26;55000;2;0.0;27500
Walmart;890342123.0;FV 43755;Honduras;Punto de Venta;Efectivo;Juego TrailChef Deluxe Cook;Guillermo Benavides;2024-07-09;77100;8;0.0;9638
Hipermaxi;899453679.0;FV 46688;Panama;Punto de Venta;Efectivo;GPS glaciar;Guillermo Benavides;2024-12-20;109850;13;0.0;8450
Tiendas Olímpica;901765437.0;FV 71403;Nicaragua;Redes Sociales;Cheque;Guantes de Arquero Nike;Lidia Bueno;2023-09-16;12500;10;0.0;1250
La Anónima;897564399.0;FV 69492;Nicaragua;Redes Sociales;Efectivo;Bloqueador solar;Hernando Portilla;2023-05-27;76800;10;5.2;7680
Ara;901001382.0;FV 41388;Ecuador;Punto de Venta;Cheque;GPS glaciar;Bernardo Cifuentes;2024-04-16;372250;4;0.0;93062
Walmart;890342123.0;FV 66828;Peru;Redes Sociales;Transferencia Electronica;Kit de cocina TrailChef;Hernando Portilla;2023-03-09;27150;10;0.0;2715
Makro;902765200.0;FV 69264;Honduras;Redes Sociales;Cheque;Martillo de granito;Bernardo Cifuentes;2023-05-21;15300;10;0.0;1530
Carrefour;900348761.0;FV 65551;Nicaragua;Redes Sociales;Transferencia Electronica;Sudadera Puma;Viviana Cano;2023-01-14;55000;2;0.0;27500
Walmart;890342123.0;FV 45696;Guatemala;Redes Sociales;Transferencia Electronica;Guantes de Arquero Nike;Viviana Cano;2024-10-10;55000;6;0.0;9167
Tiendas Olímpica;901765437.0;FV 42965;Peru;Redes Sociales;Tarjeta de Credito;Juego TrailChef Deluxe Cook;Hernando Portilla;2024-06-04;55000;1;0.0;55000
;890342123.0;FV 42969;Guatemala;Redes Sociales;Tarjeta de Credito;Alivio de mordedura de insectos;Armando Casas;2024-06-04;55000;1;0.0;55000
La Anónima;897564399.0;FV 44162;Ecuador;Punto de Venta;Efectivo;Mochila Canyon Mula Weekender;Hernando Portilla;2024-09-25;101050;10;9.8;10105
;899453679.0;FV 69791;Panama;Redes Sociales;Transferencia Electronica;Kit de cocina TrailChef;Viviana Cano;2023-06-03;28800;10;0.0;2880
Tiendas Olímpica;901765437.0;FV 70243;Ecuador;Redes Sociales;Transferencia Electronica;Guayos Nike Cr-7;Lidia Bueno;2023-06-16;38250;10;0.0;3825
Walmart;890342123.0;FV 65569;Mexico;Teléfono;Cheque;Kit de cocina TrailChef;Hernando Portilla;2023-01-15;21800;8;0.0;2725
Hipermaxi;899453679.0;FV 43534;Ecuador;Punto de Venta;Efectivo;GPS glaciar;Patricia Angarita;2024-08-15;110150;8;6.0;13769
Tiendas Olímpica;901765437.0;FV 42948;Colombia;Redes Sociales;Tarjeta de Credito;Arnés Extremo Husky;Lidia Bueno;2024-06-04;55000;13;0.0;4231
Super 99;;FV 65430;Nicaragua;Redes Sociales;Cheque;Guantes de Arquero Nike;Viviana Cano;2023-01-09;12350;2;0.0;6175
Tiendas Olímpica;901765437.0;FV 70169;Ecuador ;Redes Sociales;Transferencia Electronica;Kit de cocina TrailChef;Hernando Portilla;2023-06-14;31300;13;8.4;2408
Tiendas Olímpica;901765437.0;FV 41841;Nicaragua;Punto de Venta;Efectivo;Mochila Canyon Mula Weekender;Patricia Angarita;2024-05-16;115650;6;0.0;19275
Bodega Aurrerá;890457811.0;FV 69160;Colombia;Redes Sociales;Tarjeta de Credito;Juego TrailChef Deluxe Cook;Viviana Cano;2023-05-18;55000;6;0.0;9167
Walmart;890342123.0;FV 43850;Colombia;Redes Sociales;Efectivo;Gorra Deportiva;Guillermo Benavides;2024-07-09;76800;2;0.0;38400
Supermercados Peruanos;896789012.0;FV 69930;Guatemala;Redes Sociales;Tarjeta de Credito;Termo de Bicicleta;Lidia Bueno;2023-06-08;60550;13;8.9;4658
Super 99;899087237.0;FV 68820;Panama;Teléfono;Tarjeta de Credito;Alivio de mordedura de insectos;Patricia Angarita;2023-05-10;75000;6;0.0;12500
Carrefour;900348761.0;FV 44676;Panama;Redes Sociales;Tarjeta de Credito;Alivio de mordedura de insectos;Bernardo Cifuentes;2024-09-25;75000;2;0.0;37500
Soriana;901345679.0;FV 71790;Ecuador;Redes Sociales;Transferencia Electronica;Camiseta Deportiva;Guillermo Benavides;2023-10-18;23400;1;0.0;23400
Supermercados Peruanos;896789012.0;FV 44419;Guatemala;Redes Sociales;Efectivo;Bloqueador solar;Guillermo Benavides;2024-09-25;Sin dato;6;0.0;12800
Walmart;890342123.0;FV 67863;Colombia;Redes Sociales;Transferencia Electronica;Kit de cocina TrailChef;Guillermo Benavides;2023-04-15;51100;10;0.0;5110
Hipermaxi;899453679.0;FV 72315;Ecuador;Teléfono;Cheque;Kit de cocina TrailChef;Hernando Portilla;2023-11-21;54000;3;0.0;18000
La Anónima;897564399.0;FV 69984;Nicaragua;Redes Sociales;Tarjeta de Credito;Alivio de mordedura de insectos;Guillermo Benavides;2023-06-10;75000;6;0.0;12500
Super 99;899087237.0;FV 71500;Peru;Redes Sociales;Transferencia Electronica;Kit de cocina TrailChef;Bernardo Cifuentes;2023-09-25;24650;6;0.0;4108
Ara;901001382.0;FV 40864;Ecuador;Teléfono;Efectivo;Mochila Canyon Mula Weekender;Patricia Angarita;2024-01-06;87200;6;8.6;14533
Hipermaxi;899453679.0;FV 66551;Peru;Redes Sociales;Tarjeta de Credito;Juego TrailChef Deluxe Cook;Lidia Bueno;2023-02-26;N/A;13;0.0;4315
Automercados Plaza's;891009100.0;FV 71786;Colombia;Redes Sociales;Cheque;Guantes de Arquero Nike;Viviana Cano;2023-10-18;23400;1;16.2;23400
Hipermaxi;899453679.0;FV 65902;Colombia;Redes Sociales;Cheque;Guantes de Arquero Nike;Lidia Bueno;2023-01-29;13700;6;0.0;2283
Ara;901001382.0;FV 41796;Ecuador;Punto de Venta;Efectivo;GPS glaciar;Patricia Angarita;2024-05-16;Sin dato;8;0.0;15819
Supermercados Peruanos;896789012.0;FV 71177;Colombia;Redes Sociales;Cheque;Guantes de Arquero Nike;Viviana Cano;2023-08-20;11800;6;7.2;1967
Gessa;901324700.0;FV 69921;Mexico;Teléfono;Cheque;Bolsa de golf Course Pro;Lidia Bueno;2023-06-08;12550;13;0.0;965
La Anónima;897564399.0;FV 67511;Ecuador;Punto de Venta;Efectivo;GPS glaciar;Armando Casas;2023-04-06;420250;13;0.0;32327
La Anónima;897564399.0;FV 44121;Guatemala;Punto de Venta;Efectivo;Mochila Canyon Mula Weekender;Guillermo Benavides;2024-09-25;105350;6;7.4;17558
Walmart;890342123.0;FV 71969;Peru;Redes Sociales;Transferencia Electronica;Camiseta Deportiva;Lidia Bueno;2023-10-29;65700;2;0.0;32850
Walmart;890342123.0;FV 46104;Peru;Punto de Venta;Efectivo;Set de Madera Lady Hailstorm Titanium;Patricia Angarita;2024-11-01;221000;6;7.2;36833
Ara;901001382.0;FV 67066;Mexico;Teléfono;Cheque;Guantes de Arquero Nike;Lidia Bueno;2023-03-20;15300;10;0.0;1530
Walmart;890342123.0;FV 66025;Panama;Redes Sociales;Transferencia Electronica;Palo Course Pro;Bernardo Cifuentes;2023-02-03;40500;6;12.4;6750
Super 99;899087237.0;FV 42249;Mexico;Punto de Venta;Efectivo;Termo de Bicicleta;Patricia Angarita;2024-06-04;100200;8;10.8;12525
Soriana;901345679.0;FV 69969;Ecuador;Redes Sociales;Transferencia Electronica;Kit de cocina TrailChef;Hernando Portilla;2023-06-09;24350;8;0.0;3044
Hipermaxi;899453679.0;FV 45552;Honduras;APP;Tarjeta de Credito;Loción BugShield;Lidia Bueno;2024-10-10;55000;6;0.0;9167
Soriana;901345679.0;FV 69811;Panama;APP;Tarjeta de Credito;Juego TrailChef Deluxe Cook;Hernando Portilla;2023-06-04;71300;6;6.4;11883
Tiendas Olímpica;;FV 66140;Ecuador;Redes Sociales;Transferencia Electronica;Kit de cocina TrailChef;Patricia Angarita;2023-02-08;30750;8;0.0;3844
Hipermaxi;899453679.0;FV 72184;Honduras;Redes Sociales;Transferencia Electronica;Casco de escalada de granito;Viviana Cano;2023-11-13;65700;3;7.2;21900
Ara;901001382.0;FV 41553;Colombia;Punto de Venta;Efectivo;Set de Madera Lady Hailstorm Titanium;Hernando Portilla;2024-05-16;212300;10;0.0;21230
Supermercados Peruanos;896789012.0;FV 44625;Guatemala;Redes Sociales;Tarjeta de Credito;Set de Madera Lady Hailstorm Titanium;Patricia Angarita;2024-09-25;75000;2;8.5;37500
Hipermaxi;899453679.0;FV 66256;Nicaragua;Redes Sociales;Cheque;Lámpara EverGlow;Bernardo Cifuentes;2023-02-14;18800;10;0.0;1880
Hipermaxi;899453679.0;FV 67640;Peru;Teléfono;Transferencia Electronica;Mountain Man Extreme;Viviana Cano;2023-04-09;29900;10;9.3;2990
Super Selectos;901457120.0;FV 40576;Ecuador;Punto de Venta;Efectivo;Set de Madera Lady Hailstorm Titanium;Bernardo Cifuentes;2024-01-06;224650;10;0.0;22465
Hipermaxi;899453679.0;FV 69215;Panama;Redes Sociales;Transferencia Electronica;Palo Course Pro;Lidia Bueno;2023-05-19;39050;13;0.0;3004
La Anónima;897564399.0;FV 70270;Peru;Punto de Venta;Efectivo;Termo de Bicicleta;Patricia Angarita;2023-06-17;79450;13;0.0;6112
Hipermaxi;899453679.0;FV 42956; Guatemala;Redes Sociales;Tarjeta de Credito;Juego TrailChef Deluxe Cook;Hernando Portilla;2024-06-04;55000;1;0.0;55000
Gessa;901324700.0;FV 70628;Ecuador;Redes Sociales;Transferencia Electronica;Guantes de Arquero Nike;Guillermo Benavides;2023-06-26;22550;6;0.0;3758
Walmart;890342123.0;FV 43601;Panama;Punto de Venta;Efectivo;Termo de Bicicleta;Patricia Angarita;2024-08-15;99300;10;0.0;9930
Hipermaxi;899453679.0;FV 43912;Colombia;Redes Sociales;Efectivo;Bloqueador solar;Patricia Angarita;2024-07-09;75000;6;0.0;12500
Walmart;890342123.0;FV 65280;Colombia;Redes Sociales;Tarjeta de Credito;Juego TrailChef Deluxe Cook;Lidia Bueno;2023-01-03;59550;6;5.9;9925
Hipermaxi;899453679.0;FV 72514;Colombia;Redes Sociales;Transferencia Electronica;Guantes de Arquero Nike;Guillermo Benavides;2023-12-03;54000;3;0.0;18000
Tiendas Olímpica;901765437.0;FV 68489;Peru;Redes Sociales;Transferencia Electronica;Loción BugShield;Lidia Bueno;2023-05-01;55000;6;7.5;9167
Ara;901001382.0;FV 41325;Ecuador;Redes Sociales;Tarjeta de Credito;Termo de Bicicleta;Patricia Angarita;2024-03-05;57650;6;0.0;9608
Bodega Aurrerá;890457811.0;FV 46464;Ecuador;Punto de Venta;Efectivo;GPS glaciar;Patricia Angarita;2024-12-20;195150;13;8.5;15012
Super 99;899087237.0;FV 44218;Ecuador;Punto de Venta;Efectivo;Termo de Bicicleta;Bernardo Cifuentes;2024-09-25;93450;8;0.0;11681
Hipermaxi;899453679.0;FV 44742;Honduras;Redes Sociales;Tarjeta de Credito;Termo de Bicicleta;Lidia Bueno;2024-09-25;Sin dato;10;19.9;7390
Super Selectos;901457120.0;FV 40897;Panama;Punto de Venta;Efectivo;Set de Madera Lady Hailstorm Titanium;Guillermo Benavides;2024-01-06;82350;6;0.0;13725
Supermercados Peruanos;896789012.0;FV 66817;Panama ;APP;Transferencia Electronica;Termo de Bicicleta;Viviana Cano;2023-03-09;55000;6;0.0;9167
Carrefour;900348761.0;FV 41864;Ecuador;Punto de Venta;Cheque;Set de Madera Lady Hailstorm Titanium;Patricia Angarita;2024-06-03;481400;4;0.0;120350
Walmart;;FV 69343;Colombia;Redes Sociales;Transferencia Electronica;Batería recargable Firefly;Hernando Portilla;2023-05-23;45550;8;9.7;5694
Ara;901001382.0;FV 40924;Nicaragua;Punto de Venta;Efectivo;Set de Madera Lady Hailstorm Titanium;Guillermo Benavides;2024-01-06;77700;6;0.0;12950
Carrefour;900348761.0;FV 69696;Colombia;Redes Sociales;Transferencia Electronica;Juego TrailChef Deluxe Cook;Hernando Portilla;2023-06-01;55000;6;7.3;9167
Soriana;901345679.0;FV 69208;Ecuador;Redes Sociales;Transferencia Electronica;Sudadera Puma;Lidia Bueno;2023-05-19;55000;2;0.0;27500
Soriana;901345679.0;FV 68491;Colombia;Redes Sociales;Transferencia Electronica;Sudadera Puma;Viviana Cano;2023-05-01;55000;2;0.0;27500
Soriana;901345679.0;FV 67702;Peru;Redes Sociales;Tarjeta de Credito;Loción BugShield;Hernando Portilla;2023-04-11;55000;8;0.0;6875
Hipermaxi;899453679.0;FV 45888;Guatemala;Redes Sociales;Transferencia Electronica;Kit de cocina TrailChef;Lidia Bueno;2024-10-10;?;8;17.1;6750
Walmart;890342123.0;FV 70551;Ecuador;Redes Sociales;Transferencia Electronica;Kit de cocina TrailChef;Bernardo Cifuentes;2023-06-24;30750;8;0.0;3844
Automercados Plaza's;891009100.0;FV 68329;Nicaragua;Redes Sociales;Tarjeta de Credito;Alivio de mordedura de insectos;Patricia Angarita;2023-04-27;75000;2;8.6;37500
Bodega Aurrerá;890457811.0;FV 46335;Mexico;Punto de Venta;Cheque;Mochila Canyon Mula Weekender;Bernardo Cifuentes;2024-12-20;333650;4;6.4;83412
Carrefour;900348761.0;FV 71455;Nicaragua;Redes Sociales;Cheque;Casco de escalada de granito;Lidia Bueno;2023-09-22;20550;10;8.9;2055
Tiendas Olímpica;901765437.0;FV 41257;Ecuador;Redes Sociales;Tarjeta de Credito;Alivio de mordedura de insectos;Hernando Portilla;2024-03-05;62150;23;7.5;2702
Ara;901001382.0;FV 41574;Ecuador;Punto de Venta;Efectivo;Husky Cuerda 200;Armando Casas;2024-05-16;195950;10;0.0;19595
Hipermaxi;899453679.0;FV 66115;Mexico;Redes Sociales;Transferencia Electronica;Mountain Man Extreme;Viviana Cano;2023-02-07;42900;10;0.0;4290
Bodega Aurrerá;890457811.0;FV 70035;Honduras;Redes Sociales;Tarjeta de Credito;Juego TrailChef Deluxe Cook;Patricia Angarita;2023-06-11;56650;8;0.0;7081
Hipermaxi;899453679.0;FV 43621;Ecuador;Punto de Venta;Efectivo;Termo de Bicicleta;Guillermo Benavides;2024-08-15;95800;13;12.7;7369
Tiendas San Francisco;897345600.0;FV 46407;Ecuador;Punto de Venta;Efectivo;Mochila Canyon Mula Weekender;Armando Casas;2024-12-20;235690;8;0.0;29461
;901345679.0;FV 65264;Mexico ;Redes Sociales;Transferencia Electronica;Balon de Microfutbol Golty;Hernando Portilla;2023-01-02;55000;2;0.0;27500
Bodega Aurrerá;890457811.0;FV 69229;Ecuador;Punto de Venta;Efectivo;GPS glaciar;Bernardo Cifuentes;2023-05-20;215750;13;0.0;16596
Hipermaxi;899453679.0;FV 43513;Ecuador;Punto de Venta;Efectivo;GPS glaciar;Patricia Angarita;2024-08-15;113050;8;5.2;14131
Soriana;901345679.0;FV 68253;Guatemala;Redes Sociales;Tarjeta de Credito;Juego TrailChef Deluxe Cook;Patricia Angarita;2023-04-25;55000;13;0.0;4231
Super 99;899087237.0;FV 69480;Ecuador;Redes Sociales;Cheque;Mountain Man Extreme;Viviana Cano;2023-05-27;13700;6;9.3;2283
Automercados Plaza's;891009100.0;FV 70104;Peru;Punto de Venta;Efectivo;Mochila Canyon Mula Weekender;Guillermo Benavides;2023-06-13;91400;8;8.2;11425
Gessa;901324700.0;FV 67929;Panama;Redes Sociales;Tarjeta de Credito;Alivio de mordedura de insectos;Hernando Portilla;2023-04-17;75000;6;0.0;12500
Supermercados Peruanos;896789012.0;FV 67971;Colombia;Redes Sociales;Tarjeta de Credito;Juego TrailChef Deluxe Cook;Viviana Cano;2023-04-18;55000;10;0.0;5500
Hipermaxi;899453679.0;FV 67014;Panama;Redes Sociales;Cheque;Guantes de Arquero Nike;Lidia Bueno;2023-03-18;18150;6;0.0;3025
Super 99;899087237.0;FV 69140;Nicaragua;Redes Sociales;Cheque;Lámpara EverGlow;Viviana Cano;2023-05-18;11700;10;0.0;1170
Supermercados Peruanos;896789012.0;FV 68052;Honduras;Redes Sociales;Transferencia Electronica;Sudadera Puma;Viviana Cano;2023-04-20;55000;6;0.0;9167
La Anónima;897564399.0;FV 46292;Nicaragua;Punto de Venta;Efectivo;Mochila Canyon Mula Weekender;Bernardo Cifuentes;2024-11-01;125800;10;0.0;12580
Super 99;899087237.0;FV 70815;Ecuador;Redes Sociales;Cheque;Martillo de granito;Hernando Portilla;2023-07-10;18100;6;0.0;3017
Tiendas Olímpica;901765437.0;FV 68102;Panama;Redes Sociales;Transferencia Electronica;Arnés Extremo Husky;Viviana Cano;2023-04-21;49100;8;8.1;6138
Super 99;899087237.0;FV 68321;Guatemala;Punto de Venta;Efectivo;Termo de Bicicleta;Guillermo Benavides;2023-04-27;91100;13;0.0;7008
Tiendas Olímpica;;FV 66597;Peru;Redes Sociales;Cheque;Guantes de Arquero Nike;Viviana Cano;2023-02-28;16350;6;0.0;2725
Tiendas Olímpica;901765437.0;FV 44073;Guatemala;Redes Sociales;Tarjeta de Credito;Arnés Extremo Husky;Lidia Bueno;2024-07-09;70550;10;7.9;7055
Walmart;890342123.0;FV 69279;Guatemala;Redes Sociales;Transferencia Electronica;Mountain Man Extreme;Lidia Bueno;2023-05-21;45950;8;0.0;5744
Tiendas Olímpica;901765437.0;FV 65872;Ecuador;Redes Sociales;Transferencia Electronica;Kit de cocina TrailChef;Viviana Cano;2023-01-27;37800;10;0.0;3780
Walmart;890342123.0;FV 71543;Guatemala;Redes Sociales;Transferencia Electronica;Guantes de Arquero Nike;Hernando Portilla;2023-10-04;58929;1;0.0;58929
Automercados Plaza's;891009100.0;FV 69868;Colombia;Punto de Venta;Efectivo;Arnés Extremo Husky;Hernando Portilla;2023-06-06;95250;8;7.3;11906
Grupo Éxito;809765231.0;FV 65389;Panama;Redes Sociales;Transferencia Electronica;Juego TrailChef Deluxe Cook;Patricia Angarita;2023-01-07;55000;6;7.3;9167
La Anónima;897564399.0;FV 46388;Ecuador;Punto de Venta;Efectivo;GPS glaciar;Armando Casas;2024-12-20;235690;4;0.0;58922
Supermercados Peruanos;896789012.0;FV 46231;Colombia;Punto de Venta;Efectivo;Set de Madera Lady Hailstorm Titanium;Patricia Angarita;2024-11-01;142800;6;0.0;23800
Hipermaxi;899453679.0;FV 44044;Colombia;Redes Sociales;Tarjeta de Credito;Termo de Bicicleta;Patricia Angarita;2024-07-09;73050;10;6.2;7305
Hipermaxi;899453679.0;FV 71679;Guatemala;Redes Sociales;Transferencia Electronica;Guayos Nike Cr-25;Hernando Portilla;2023-10-11;23400;1;0.0;23400
Hipermaxi;899453679.0;FV 46022;Ecuador;Punto de Venta;Efectivo;Mochila Canyon Mula Weekender;Hernando Portilla;2024-11-01;Sin dato;4;12.8;75525
Tiendas Olímpica;901765437.0;FV 42510;Guatemala;Redes Sociales;Efectivo;Gorra Deportiva;Guillermo Benavides;2024-06-04;76800;2;0.0;38400
Walmart;890342123.0;FV 66422;Panama;Teléfono;Transferencia Electronica;Kit de cocina TrailChef;Viviana Cano;2023-02-20;29950;10;0.0;2995
Walmart;890342123.0;FV 72431;Peru;Teléfono;Transferencia Electronica;Pantaloneta;Viviana Cano;2023-11-28;54000;3;0.0;18000
Tiendas Olímpica;901765437.0;FV 44851;Panama;Redes Sociales;Tarjeta de Credito;Juego TrailChef Deluxe Cook;Hernando Portilla;2024-09-25;65050;13;0.0;5004
Walmart;890342123.0;FV 68765;Peru;Redes Sociales;Transferencia Electronica;Pantaloneta;Viviana Cano;2023-05-08;33650;6;10.6;5608
Hipermaxi;899453679.0;FV 45873;Mexico;Redes Sociales;Transferencia Electronica;Balon de Microfutbol Golty;Viviana Cano;2024-10-10;55000;2;7.9;27500
Walmart;890342123.0;FV 44916;Colombia;Redes Sociales;Tarjeta de Credito;Termo de Bicicleta;Patricia Angarita;2024-09-25;61400;8;0.0;7675
Hipermaxi;899453679.0;FV 45333;Panama ;APP;Tarjeta de Credito;Alivio de mordedura de insectos;Patricia Angarita;2024-10-10;55000;1;9.6;55000
Gessa;901324700.0;FV 40553;Ecuador;Punto de Venta;Efectivo;Mochila Canyon Mula Weekender;Patricia Angarita;2024-01-06;244050;4;0.0;61012
Gessa;901324700.0;FV 41363;Ecuador;Punto de Venta;Cheque;Mochila Canyon Mula Weekender;Patricia Angarita;2024-04-16;461900;4;6.3;115475
Automercados Plaza's;891009100.0;FV 46771;Ecuador;Punto de Venta;Efectivo;Termo de Bicicleta;Guillermo Benavides;2024-12-20;98800;8;0.0;12350
Hipermaxi;899453679.0;FV 69824;Panama;Redes Sociales;Transferencia Electronica;Camiseta Deportiva;Viviana Cano;2023-06-04;28550;13;0.0;2196
Walmart;890342123.0;FV 46010;Ecuador;Punto de Venta;Cheque;Set de Madera Lady Hailstorm Titanium;Bernardo Cifuentes;2024-11-01;346550;4;8.3;86638
Supermercados Peruanos;896789012.0;FV 47011;Panama;Teléfono;Efectivo;Juego TrailChef Deluxe Cook;Hernando Portilla;2024-12-20;76800;2;0.0;38400
Bodega Aurrerá;890457811.0;FV 44115;Honduras;Punto de Venta;Efectivo;Arnés Extremo Husky;Patricia Angarita;2024-09-25;106350;8;0.0;13294
Hipermaxi;899453679.0;FV 43243;Peru;Redes Sociales;Transferencia Electronica;Balon de Microfutbol Golty;Viviana Cano;2024-06-04;55000;6;0.0;9167
;890342123.0;FV 67663;Panama;Redes Sociales;Transferencia Electronica;Loción BugShield;Hernando Portilla;2023-04-10;55000;6;0.0;9167
Gessa;901324700.0;FV 67721;Panama;Redes Sociales;Transferencia Electronica;Kit de cocina TrailChef;Viviana Cano;2023-04-11;23950;8;0.0;2994
Walmart;890342123.0;FV 66243;Colombia;Redes Sociales;Transferencia Electronica;Balon de Microfutbol Golty;Lidia Bueno;2023-02-13;55000;2;11.9;27500
Soriana;901345679.0;FV 70847;Ecuador;Redes Sociales;Cheque;Guantes de Arquero Nike;Hernando Portilla;2023-07-14;15300;2;10.1;7650
Super 99;;FV 44254;Mexico;Punto de Venta;Efectivo;Termo de Bicicleta;Guillermo Benavides;2024-09-25;89600;13;0.0;6892
Hipermaxi;899453679.0;FV 72216;Guatemala;Redes Sociales;Cheque;Kit de cocina TrailChef;Lidia Bueno;2023-11-15;65700;3;0.0;21900
Walmart;890342123.0;FV 69632;Peru;Redes Sociales;Transferencia Electronica;Loción BugShield;Hernando Portilla;2023-05-30;43000;10;0.0;4300
Walmart;890342123.0;FV 45282;Ecuador;Redes Sociales;Tarjeta de Credito;Juego TrailChef Deluxe Cook;Lidia Bueno;2024-10-10;55000;13;0.0;4231
;900348761.0;FV 71758;Colombia;Redes Sociales;Transferencia Electronica;Guantes de Arquero Nike;Bernardo Cifuentes;2023-10-16;23400;1;0.0;23400
Cencosud;901776453.0;FV 46985;Nicaragua;Redes Sociales;Efectivo;Juego TrailChef Deluxe Cook;Patricia Angarita;2024-12-20;76800;8;0.0;9600
La Anónima;897564399.0;FV 42122;Ecuador;Punto de Venta;Efectivo;Set de Madera Lady Hailstorm Titanium;Hernando Portilla;2024-06-03;139700;6;7.3;23283
Carrefour;900348761.0;FV 46912;Mexico;Punto de Venta;Efectivo;Termo de Bicicleta;Patricia Angarita;2024-12-20;80600;6;0.0;13433
Automercados Plaza's;891009100.0;FV 46848;Guatemala;Punto de Venta;Efectivo;Mochila Canyon Mula Weekender;Guillermo Benavides;2024-12-20;88750;8;9.5;11094
Automercados Plaza's;891009100.0;FV 70387; Honduras;Punto de Venta;Efectivo;Mochila Canyon Mula Weekender;Patricia Angarita;2023-06-20;86000;8;0.0;10750
Hipermaxi;899453679.0;FV 71894;Guatemala;Redes Sociales;Transferencia Electronica;Guantes de Arquero Nike;Bernardo Cifuentes;2023-10-24;65700;1;0.0;65700
Gessa;901324700.0;FV 43671;Ecuador;Punto de Venta;Efectivo;Termo de Bicicleta;Guillermo Benavides;2024-08-15;88300;8;0.0;11038
Soriana;901345679.0;FV 70467;Ecuador;Redes Sociales;Tarjeta de Credito;Sudadera Puma;Viviana Cano;2023-06-22;55000;6;7.7;9167
Tiendas Olímpica;901765437.0;FV 41533;Panama;Punto de Venta;Efectivo;Mochila Canyon Mula Weekender;Patricia Angarita;2024-05-16;222000;10;17.4;22200
Tiendas San Francisco;897345600.0;FV 40608;Ecuador;Punto de Venta;Efectivo;Set de Madera Lady Hailstorm Titanium;Bernardo Cifuentes;2024-01-06;183200;10;0.0;18320
Soriana;901345679.0;FV 71812;Colombia;APP;Transferencia Electronica;Guantes de Arquero Nike;Viviana Cano;2023-10-19;23400;1;0.0;23400
Bodega Aurrerá;890457811.0;FV 44973;Peru;Redes Sociales;Tarjeta de Credito;Alivio de mordedura de insectos;Guillermo Benavides;2024-10-10;?;6;0.0;12500
Super 99;899087237.0;FV 66687;Panama;Redes Sociales;Cheque;Guantes de Arquero Nike;Viviana Cano;2023-03-04;15700;8;0.0;1962
Carrefour;900348761.0;FV 72528;Colombia;Redes Sociales;Transferencia Electronica;Camiseta Deportiva;Viviana Cano;2023-12-04;54000;3;6.3;18000
Tiendas Olímpica;901765437.0;FV 41095;Colombia;Redes Sociales;Tarjeta de Credito;Alivio de mordedura de insectos;Patricia Angarita;2024-02-02;75000;6;11.8;12500
Gessa;901324700.0;FV 67114;Colombia;Redes Sociales;Cheque;Guantes de Arquero Nike;Armando Casas;2023-03-22;17000;6;6.7;2833
Hipermaxi;899453679.0;FV 42744;Peru;Redes Sociales;Tarjeta de Credito;Juego TrailChef Deluxe Cook;Lidia Bueno;2024-06-04;70400;10;0.0;7040
Super Selectos;901457120.0;FV 40767;Peru;Punto de Venta;Efectivo;Set de Madera Lady Hailstorm Titanium;Bernardo Cifuentes;2024-01-06;109600;6;13.0;18267
;901324700.0;FV 41147;Peru;Redes Sociales;Tarjeta de Credito;Termo de Bicicleta;Lidia Bueno;2024-02-02;74050;8;0.0;9256
Carrefour;900348761.0;FV 68655;Peru;APP;Cheque;Lámpara EverGlow;Hernando Portilla;2023-05-06;20350;8;6.4;2544
;890457811.0;FV 69106;Ecuador;Punto de Venta;Efectivo;Mochila Canyon Mula Weekender;Hernando Portilla;2023-05-17;434000;23;17.1;18870
Automercados Plaza's;891009100.0;FV 69567;Honduras;Punto de Venta;Efectivo;Termo de Bicicleta;Guillermo Benavides;2023-05-29;93650;13;9.3;7204
Tiendas Olímpica;901765437.0;FV 66048;Mexico;Redes Sociales;Transferencia Electronica;Palo Course Pro;Lidia Bueno;2023-02-04;40500;6;0.0;6750
Carrefour;900348761.0;FV 68624;Ecuador;Punto de Venta;Efectivo;Husky Cuerda 200;Patricia Angarita;2023-05-05;235690;23;0.0;10247
Walmart;890342123.0;FV 69388;Panama;Teléfono;Transferencia Electronica;Kit de cocina TrailChef;Hernando Portilla;2023-05-24;28750;10;6.3;2875
Bodega Aurrerá;890457811.0;FV 71142;Guatemala;Redes Sociales;Cheque;Bolsa de golf Course Pro;Lidia Bueno;2023-08-16;14550;8;0.0;1819
Gessa;901324700.0;FV 41597;Guatemala;Punto de Venta;Efectivo;Mochila Canyon Mula Weekender;Patricia Angarita;2024-05-16;185350;10;13.6;18535
Super 99;899087237.0;FV 71476;Mexico;Teléfono;Cheque;Guantes de Arquero Nike;Bernardo Cifuentes;2023-09-23;11200;6;12.0;1867
Walmart;890342123.0;FV 66027;Ecuador;Redes Sociales;Transferencia Electronica;Kit de cocina TrailChef;Bernardo Cifuentes;2023-02-03;33000;8;0.0;4125
Automercados Plaza's;891009100.0;FV 46601;Ecuador;Punto de Venta;Efectivo;Arnés Extremo Husky;Bernardo Cifuentes;2024-12-20;129750;13;7.9;9981
Cencosud;901776453.0;FV 44612;Honduras;Redes Sociales;Tarjeta de Credito;Alivio de mordedura de insectos;Patricia Angarita;2024-09-25;75000;2;6.1;37500
Carrefour;900348761.0;FV 68654;Peru;Redes Sociales;Cheque;Bolsa de golf Course Pro;Patricia Angarita;2023-05-06;21700;13;0.0;1669
Walmart;890342123.0;FV 72126;ecuador;Redes Sociales;Cheque;Kit de cocina TrailChef;Viviana Cano;2023-11-09;65700;2;7.0;32850
Automercados Plaza's;891009100.0;FV 67393;Peru;Redes Sociales;Cheque;Lámpara EverGlow;Lidia Bueno;2023-04-03;13550;10;0.0;1355
Tiendas Olímpica;901765437.0;FV 65498;Guatemala;Redes Sociales;Tarjeta de Credito;Set de Madera Lady Hailstorm Titanium;Viviana Cano;2023-01-12;55000;8;0.0;6875
Tiendas Olímpica;;FV 46589;Mexico;Punto de Venta;Efectivo;Mochila Canyon Mula Weekender;Patricia Angarita;2024-12-20;134300;10;8.6;13430
Tiendas Olímpica;901765437.0;FV 41608;Colombia;Punto de Venta;Efectivo;Set de Madera Lady Hailstorm Titanium;Guillermo Benavides;2024-05-16;180350;6;0.0;30058
Walmart;890342123.0;FV 70589;Ecuador;Redes Sociales;Transferencia Electronica;Kit de cocina TrailChef;Armando Casas;2023-06-25;32000;10;5.4;3200
Tiendas San Francisco;897345600.0;FV 70991;Nicaragua;Redes Sociales;Cheque;Guantes de Arquero Nike;Hernando Portilla;2023-07-30;16500;10;0.0;1650
Bodega Aurrerá;;FV 66669;Ecuador;Redes Sociales;Tarjeta de Credito;Termo de Bicicleta;Hernando Portilla;2023-03-03;60200;13;9.4;4631
Hipermaxi;899453679.0;FV 68075;Peru;Punto de Venta;Efectivo;GPS glaciar;Armando Casas;2023-04-21;257650;23;0.0;11202
Ara;901001382.0;FV 40804;Panama;Punto de Venta;Efectivo;Set de Madera Lady Hailstorm Titanium;Patricia Angarita;2024-01-06;99700;6;7.1;16617
Tiendas Olímpica;901765437.0;FV 45122;Panama;Redes Sociales;Tarjeta de Credito;Arnés Extremo Husky;Patricia Angarita;2024-10-10;65900;13;0.0;5069
Hipermaxi;899453679.0;FV 42761;Nicaragua;Redes Sociales;Tarjeta de Credito;Termo de Bicicleta;Hernando Portilla;2024-06-04;69000;10;0.0;6900
Bodega Aurrerá;890457811.0;FV 42497;Guatemala;Redes Sociales;Efectivo;Gorra Deportiva;Hernando Portilla;2024-06-04;76800;2;0.0;38400
Cencosud;901776453.0;FV 65344;Colombia;Redes Sociales;Transferencia Electronica;Balon de Microfutbol Golty;Viviana Cano;2023-01-05;55000;2;0.0;27500
Gessa;901324700.0;FV 41558;Peru;Punto de Venta;Efectivo;Set de Madera Lady Hailstorm Titanium;Patricia Angarita;2024-05-16;210250;10;0.0;21025
Bodega Aurrerá;890457811.0;FV 66924;Ecuador;Redes Sociales;Cheque;Martillo de granito;Lidia Bueno;2023-03-14;13750;10;7.4;1375
Tiendas Olímpica;901765437.0;FV 42774;Ecuador;Redes Sociales;Tarjeta de Credito;Arnés Extremo Husky;Lidia Bueno;2024-06-04;68300;13;0.0;5254
Bodega Aurrerá;890457811.0;FV 46301;Ecuador;Punto de Venta;Efectivo;GPS glaciar;Armando Casas;2024-11-01;123200;23;0.0;5357
Walmart;890342123.0;FV 69590;Mexico;Redes Sociales;Transferencia Electronica;Loción BugShield;Hernando Portilla;2023-05-29;43000;10;0.0;4300
;899453679.0;FV 72147;Ecuador;Teléfono;Transferencia Electronica;Guayos Nike Cr-77;Guillermo Benavides;2023-11-10;65700;2;0.0;32850
Tiendas Olímpica;901765437.0;FV 67246;Nicaragua;APP;Transferencia Electronica;Set de Madera Lady Hailstorm Titanium;Viviana Cano;2023-03-27;55000;2;5.1;27500
Gessa;901324700.0;FV 43643;Panama;Punto de Venta;Efectivo;Termo de Bicicleta;Armando Casas;2024-08-15;92900;10;0.0;9290
Walmart;890342123.0;FV 71946;Honduras;Redes Sociales;Cheque;Kit de cocina TrailChef;Viviana Cano;2023-10-27;65700;2;6.0;32850
Tiendas Olímpica;901765437.0;FV 67292;Panama;Redes Sociales;Tarjeta de Credito;Juego TrailChef Deluxe Cook;Viviana Cano;2023-03-29;55000;10;0.0;5500
Hipermaxi;899453679.0;FV 45130;Peru;Redes Sociales;Tarjeta de Credito;Termo de Bicicleta;Hernando Portilla;2024-10-10;64900;13;0.0;4992
Bodega Aurrerá;890457811.0;FV 68849;Peru;Redes Sociales;Cheque;Bolsa de golf Course Pro;Viviana Cano;2023-05-11;15150;8;7.0;1894
Ara;;FV 41580;Peru;Punto de Venta;Efectivo;GPS glaciar;Patricia Angarita;2024-05-16;192100;13;0.0;14777
Carrefour;900348761.0;FV 70401;Panama;Redes Sociales;Transferencia Electronica;Mountain Man Extreme;Lidia Bueno;2023-06-20;49850;6;0.0;8308
Walmart;890342123.0;FV 46010;Ecuador ;Punto de Venta;Cheque;Set de Madera Lady Hailstorm Titanium;Bernardo Cifuentes;2024-11-01;346550;4;8.3;86638
La Anónima;897564399.0;FV 44163;Ecuador;Punto de Venta;Efectivo;Termo de Bicicleta;Patricia Angarita;2024-09-25;100900;10;0.0;10090
Walmart;890342123.0;FV 68061;Colombia;Redes Sociales;Transferencia Electronica;Pantaloneta;Hernando Portilla;2023-04-20;30150;6;0.0;5025
Hipermaxi;899453679.0;FV 46650;Honduras;Punto de Venta;Efectivo;GPS glaciar;Hernando Portilla;2024-12-20;118500;8;8.3;14812
Walmart;890342123.0;FV 44051;Panama;Redes Sociales;Tarjeta de Credito;Termo de Bicicleta;Bernardo Cifuentes;2024-07-09;72500;13;0.0;5577
Super 99;899087237.0;FV 41939;Peru;Punto de Venta;Efectivo;GPS glaciar;Bernardo Cifuentes;2024-06-03;263650;4;0.0;65912
Walmart;890342123.0;FV 45601;Mexico;Redes Sociales;Transferencia Electronica;Guantes de Arquero Nike;Viviana Cano;2024-10-10;55000;6;0.0;9167
Walmart;890342123.0;FV 45364;Mexico;Redes Sociales;Tarjeta de Credito;Guantes de Arquero Nike;Hernando Portilla;2024-10-10;55000;1;6.6;55000
Cencosud;901776453.0;FV 44439;Honduras;Redes Sociales;Efectivo;Gorra Deportiva;Bernardo Cifuentes;2024-09-25;76800;2;0.0;38400
La Anónima;897564399.0;FV 42248;Mexico;Punto de Venta;Efectivo;Termo de Bicicleta;Bernardo Cifuentes;2024-06-04;100250;10;19.0;10025
Cencosud;901776453.0;FV 43818;Peru;Redes Sociales;Efectivo;Bloqueador solar;Guillermo Benavides;2024-07-09;76800;6;10.8;12800
Automercados Plaza's;891009100.0;FV 67808;Nicaragua;Redes Sociales;Cheque;Lámpara EverGlow;Bernardo Cifuentes;2023-04-14;12550;8;0.0;1569
Super 99;899087237.0;FV 42316;Honduras;Punto de Venta;Efectivo;Termo de Bicicleta;Guillermo Benavides;2024-06-04;90750;8;18.4;11344
La Anónima;897564399.0;FV 65379;Guatemala;Redes Sociales;Cheque;Guantes de Arquero Nike;Lidia Bueno;2023-01-07;15500;6;0.0;2583
Bodega Aurrerá;890457811.0;FV 44457;Guatemala;Redes Sociales;Efectivo;Gorra Deportiva;Patricia Angarita;2024-09-25;76800;2;0.0;38400
La Anónima;897564399.0;FV 41842;Colombia;Punto de Venta;Efectivo;Mochila Canyon Mula Weekender;Bernardo Cifuentes;2024-05-16;115650;6;0.0;19275
Gessa;901324700.0;FV 41609;Nicaragua;Punto de Venta;Efectivo;Set de Madera Lady Hailstorm Titanium;Bernardo Cifuentes;2024-05-16;178650;6;7.3;29775
La Anónima;897564399.0;FV 67766;Panama;Punto de Venta;Efectivo;Set de Madera Lady Hailstorm Titanium;Guillermo Benavides;2023-04-13;89100;6;6.7;14850
Super 99;899087237.0;FV 42228;Panama;Punto de Venta;Efectivo;Set de Madera Lady Hailstorm Titanium;Hernando Portilla;2024-06-04;105050;6;0.0;17508
Bodega Aurrerá;890457811.0;FV 67414;Ecuador;Redes Sociales;Tarjeta de Credito;Termo de Bicicleta;Lidia Bueno;2023-04-03;55900;10;0.0;5590
Walmart;890342123.0;FV 45801;Honduras;Redes Sociales;Transferencia Electronica;Sudadera Puma;Lidia Bueno;2024-10-10;55000;2;0.0;27500
Hipermaxi;899453679.0;FV 67195;Peru;Redes Sociales;Transferencia Electronica;Sudadera Puma;Armando Casas;2023-03-25;55000;2;0.0;27500
Cencosud;901776453.0;FV 68381;Mexico;Redes Sociales;Transferencia Electronica;Palo Course Pro;Bernardo Cifuentes;2023-04-28;49300;2;0.0;24650
;896789012.0;FV 65747;Ecuador;Redes Sociales;Transferencia Electronica;Juego TrailChef Deluxe Cook;Hernando Portilla;2023-01-22;55000;6;0.0;9167
Gessa;901324700.0;FV 41669;Panama;Punto de Venta;Efectivo;GPS glaciar;Patricia Angarita;2024-05-16;159200;10;15.6;15920
Grupo Éxito;809765231.0;FV 42395;Peru;Punto de Venta;Efectivo;Termo de Bicicleta;Guillermo Benavides;2024-06-04;77750;13;0.0;5981
Walmart;890342123.0;FV 66928;Guatemala;Redes Sociales;Tarjeta de Credito;Juego TrailChef Deluxe Cook;Viviana Cano;2023-03-14;55000;8;0.0;6875
Ara;901001382.0;FV 41736;Honduras;Punto de Venta;Efectivo;GPS glaciar;Guillermo Benavides;2024-05-16;142350;8;0.0;17794
Tiendas Olímpica;901765437.0;FV 67250;Colombia;Redes Sociales;Transferencia Electronica;Kit de cocina TrailChef;Lidia Bueno;2023-03-27;32650;8;19.3;4081
Hipermaxi;899453679.0;FV 43405;Guatemala;Redes Sociales;Transferencia Electronica;Guantes de Arquero Nike;Bernardo Cifuentes;2024-06-04;55000;6;0.0;9167
Supermercados Peruanos;896789012.0;FV 68942;Peru;Redes Sociales;Tarjeta de Credito;Arnés Extremo Husky;Patricia Angarita;2023-05-13;64850;8;0.0;8106
Cencosud;901776453.0;FV 44362;Ecuador;Punto de Venta;Efectivo;Mochila Canyon Mula Weekender;Patricia Angarita;2024-09-25;78600;10;7.0;7860
Tiendas Olímpica;901765437.0;FV 66246;Peru;Redes Sociales;Transferencia Electronica;Mountain Man Extreme;Viviana Cano;2023-02-13;43000;2;10.0;21500
;901776453.0;FV 42552;Ecuador;Redes Sociales;Tarjeta de Credito;Alivio de mordedura de insectos;Guillermo Benavides;2024-06-04;75000;6;0.0;12500
Hipermaxi;899453679.0;FV 43596;Honduras ;Punto de Venta;Efectivo;Termo de Bicicleta;Patricia Angarita;2024-08-15;100050;8;7.5;12506
Tiendas Olímpica;901765437.0;FV 46368;Ecuador;Punto de Venta;Efectivo;Mochila Canyon Mula Weekender;Armando Casas;2024-12-20;265350;4;0.0;66338
Gessa;901324700.0;FV 67232;Peru;Redes Sociales;Cheque;Lámpara EverGlow;Viviana Cano;2023-03-27;18650;10;6.8;1865
Automercados Plaza's;891009100.0;FV 44120;Panama;Punto de Venta;Efectivo;Set de Madera Lady Hailstorm Titanium;Hernando Portilla;2024-09-25;105550;6;0.0;17592
Hipermaxi;899453679.0;FV 72052;Colombia;Redes Sociales;Transferencia Electronica;Camiseta Deportiva;Viviana Cano;2023-11-04;65700;2;12.3;32850
Hipermaxi;899453679.0;FV 69692;Mexico;Redes Sociales;Tarjeta de Credito;Juego TrailChef Deluxe Cook;Bernardo Cifuentes;2023-06-01;55000;10;6.3;5500
Hipermaxi;899453679.0;FV 43377;Honduras;Redes Sociales;Transferencia Electronica;Sudadera Puma;Viviana Cano;2024-06-04;55000;6;0.0;9167
Soriana;901345679.0;FV 70556;Nicaragua;Redes Sociales;Cheque;Guantes de Arquero Nike;Viviana Cano;2023-06-25;15500;10;0.0;1550
Walmart;890342123.0;FV 45408;Panama;Teléfono;Tarjeta de Credito;Alivio de mordedura de insectos;Viviana Cano;2024-10-10;55000;1;6.6;55000
Grupo Éxito;809765231.0;FV 43694;Mexico;Punto de Venta;Efectivo;Termo de Bicicleta;Hernando Portilla;2024-08-15;84900;8;0.0;10612
Walmart;890342123.0;FV 70817;Guatemala;Redes Sociales;Transferencia Electronica;Camiseta Deportiva;Lidia Bueno;2023-07-10;N/A;6;7.0;4625
Bodega Aurrerá;890457811.0;FV 68899;Mexico;Redes Sociales;Transferencia Electronica;Juego TrailChef Deluxe Cook;Lidia Bueno;2023-05-12;55000;2;7.4;27500
Supermercados Peruanos;896789012.0;FV 70197;Peru;Redes Sociales;Tarjeta de Credito;Loción BugShield;Lidia Bueno;2023-06-15;55000;8;0.0;6875
;901776453.0;FV 68485;Guatemala;Redes Sociales;Tarjeta de Credito;Termo de Bicicleta;Lidia Bueno;2023-05-01;61850;13;0.0;4758
Carrefour;900348761.0;FV 68313;Honduras;Punto de Venta;Efectivo;GPS glaciar;Patricia Angarita;2023-04-27;143850;13;0.0;11065
Walmart;890342123.0;FV 67462;Mexico;Redes Sociales;Transferencia Electronica;Pantaloneta;Viviana Cano;2023-04-04;29950;10;16.8;2995
Tiendas Olímpica;901765437.0;FV 44088;Honduras;Punto de Venta;Efectivo;Mochila Canyon Mula Weekender;Guillermo Benavides;2024-09-25;111650;8;0.0;13956
Tiendas Olímpica;901765437.0;FV 66290;Mexico ;Redes Sociales;Transferencia Electronica;Kit de cocina TrailChef;Viviana Cano;2023-02-15;30600;10;0.0;3060
Super 99;899087237.0;FV 44203;Panama;APP;Efectivo;Termo de Bicicleta;Guillermo Benavides;2024-09-25;94500;10;0.0;9450
Hipermaxi;899453679.0;FV 71949;Guatemala;Redes Sociales;Transferencia Electronica;Guayos Nike Cr-55;Bernardo Cifuentes;2023-10-27;65700;2;0.0;32850
Super 99;899087237.0;FV 69395;Nicaragua;Redes Sociales;Cheque;Lámpara EverGlow;Lidia Bueno;2023-05-25;19350;10;6.7;1935
Tiendas Olímpica;901765437.0;FV 44804;Ecuador;Redes Sociales;Tarjeta de Credito;Set de Madera Lady Hailstorm Titanium;Guillermo Benavides;2024-09-25;67650;13;0.0;5204
Walmart;890342123.0;FV 42479;Panama;Teléfono;Efectivo;Juego TrailChef Deluxe Cook;Bernardo Cifuentes;2024-06-04;76800;2;0.0;38400
Supermercados Peruanos;896789012.0;FV 67268;Peru;Redes Sociales;Tarjeta de Credito;Termo de Bicicleta;Bernardo Cifuentes;2023-03-28;56650;10;0.0;5665
;901345679.0;FV 42382;Colombia;Punto de Venta;Efectivo;Set de Madera Lady Hailstorm Titanium;Patricia Angarita;2024-06-04;79950;6;0.0;13325
;890342123.0;FV 45064;Peru;Redes Sociales;Tarjeta de Credito;Juego TrailChef Deluxe Cook;Patricia Angarita;2024-10-10;71100;10;0.0;7110
Walmart;890342123.0;FV 43687;Ecuador;Punto de Venta;Efectivo;Termo de Bicicleta;Armando Casas;2024-08-15;85850;8;5.2;10731
Tiendas Olímpica;901765437.0;FV 67386;Guatemala;Redes Sociales;Transferencia Electronica;Pantaloneta;Hernando Portilla;2023-04-02;33550;8;9.9;4194
Hipermaxi;899453679.0;FV 69437;Peru;Redes Sociales;Transferencia Electronica;Camiseta Deportiva;Lidia Bueno;2023-05-25;27550;6;8.6;4592
Tiendas Olímpica;901765437.0;FV 44886;Honduras;Redes Sociales;Tarjeta de Credito;Arnés Extremo Husky;Bernardo Cifuentes;2024-09-25;63450;23;13.5;2759
Tiendas Olímpica;901765437.0;FV 70471;Guatemala;Redes Sociales;Transferencia Electronica;Kit de cocina TrailChef;Lidia Bueno;2023-06-22;31000;13;0.0;2385
Walmart;890342123.0;FV 72046;Guatemala;Redes Sociales;Cheque;Guantes de Arquero Nike;Lidia Bueno;2023-11-03;65700;2;0.0;32850
Supermercados Peruanos;896789012.0;FV 66425;Ecuador;APP;Cheque;Lámpara EverGlow;Patricia Angarita;2023-02-21;18950;10;0.0;1895
Tiendas Olímpica;901765437.0;FV 45298;Panama;Redes Sociales;Tarjeta de Credito;Juego TrailChef Deluxe Cook;Patricia Angarita;2024-10-10;55000;1;0.0;55000
La Anónima;897564399.0;FV 67474;Ecuador;Punto de Venta;Efectivo;Mochila Canyon Mula Weekender;Patricia Angarita;2023-04-05;207150;13;13.7;15935
Walmart;890342123.0;FV 43228;Mexico;Redes Sociales;Tarjeta de Credito;Juego TrailChef Deluxe Cook;Lidia Bueno;2024-06-04;55000;6;5.4;9167
Tiendas Olímpica;901765437.0;FV 44594;Panama;Redes Sociales;Tarjeta de Credito;Alivio de mordedura de insectos;Bernardo Cifuentes;2024-09-25;Pendiente;6;0.0;12500
Gessa;901324700.0;FV 42278;Colombia;Punto de Venta;Efectivo;Set de Madera Lady Hailstorm Titanium;Patricia Angarita;2024-06-04;96050;6;18.4;16008
Tiendas Olímpica;901765437.0;FV 43774;Nicaragua;Punto de Venta;Efectivo;Bloqueador solar;Patricia Angarita;2024-07-09;76800;10;0.0;7680
Carrefour;900348761.0;FV 42081;Peru;Punto de Venta;Efectivo;GPS glaciar;Armando Casas;2024-06-03;157050;13;0.0;12081
Walmart;890342123.0;FV 71192;Mexico;Redes Sociales;Transferencia Electronica;Batería recargable Firefly;Viviana Cano;2023-08-23;36450;8;0.0;4556
Supermercados Peruanos;896789012.0;FV 67616;Ecuador;Punto de Venta;Efectivo;Mochila Canyon Mula Weekender;Armando Casas;2023-04-09;272900;10;0.0;27290
Walmart;890342123.0;FV 45900;Nicaragua;Redes Sociales;Transferencia Electronica;Kit de cocina TrailChef;Lidia Bueno;2024-10-10;53000;6;6.7;8833
La Anónima;897564399.0;FV 46522;Ecuador;Punto de Venta;Efectivo;Mochila Canyon Mula Weekender;Patricia Angarita;2024-12-20;158250;13;0.0;12173
Ara;901001382.0;FV 41658;Ecuador;Punto de Venta;Efectivo;Mochila Canyon Mula Weekender;Hernando Portilla;2024-05-16;163000;6;14.6;27167
Tiendas San Francisco;897345600.0;FV 41877;Ecuador;Punto de Venta;Cheque;GPS glaciar;Armando Casas;2024-06-03;438300;4;0.0;109575
Soriana;901345679.0;FV 69209;Panama;Redes Sociales;Transferencia Electronica;Mountain Man Extreme;Patricia Angarita;2023-05-19;53450;13;0.0;4112
Walmart;890342123.0;FV 72211;GUATEMALA;Redes Sociales;Transferencia Electronica;Casco de escalada de granito;Viviana Cano;2023-11-15;65700;3;9.0;21900
Hipermaxi;899453679.0;FV 44680;Peru;Redes Sociales;Tarjeta de Credito;Alivio de mordedura de insectos;Hernando Portilla;2024-09-25;75000;2;0.0;37500
Hipermaxi;899453679.0;FV 46877;Colombia;Punto de Venta;Efectivo;Termo de Bicicleta;Guillermo Benavides;2024-12-20;83850;10;0.0;8385
Bodega Aurrerá;890457811.0;FV 44567;Colombia;Redes Sociales;Tarjeta de Credito;Juego TrailChef Deluxe Cook;Patricia Angarita;2024-09-25;75000;6;0.0;12500
Super 99;899087237.0;FV 69226;Nicaragua;Redes Sociales;Cheque;Guantes de Arquero Nike;Viviana Cano;2023-05-20;10700;8;7.6;1338
Hipermaxi;899453679.0;FV 70059;Panama;APP;Cheque;Martillo de granito;Hernando Portilla;2023-06-12;13650;8;18.6;1706
Walmart;890342123.0;FV 66747;Honduras;Redes Sociales;Transferencia Electronica;Palo Course Pro;Armando Casas;2023-03-06;45400;6;8.1;7567
;901324700.0;FV 40923;Peru;Punto de Venta;Efectivo;Mochila Canyon Mula Weekender;Patricia Angarita;2024-01-06;77700;6;0.0;12950
Super 99;899087237.0;FV 70884;Mexico;Teléfono;Cheque;Guantes de Arquero Nike;Viviana Cano;2023-07-18;10750;8;0.0;1344
Hipermaxi;899453679.0;FV 69392;Panama;Redes Sociales;Transferencia Electronica;Kit de cocina TrailChef;Lidia Bueno;2023-05-24;23400;8;0.0;2925
Gessa;901324700.0;FV 41630;Panama;Punto de Venta;Efectivo;Husky Cuerda 200;Armando Casas;2024-05-16;170000;13;8.4;13077
Gessa;901324700.0;FV 69369;Peru;Redes Sociales;Tarjeta de Credito;Juego TrailChef Deluxe Cook;Guillermo Benavides;2023-05-24;75000;2;7.8;37500
La Anónima;897564399.0;FV 69947;Ecuador;Punto de Venta;Efectivo;Mochila Canyon Mula Weekender;Armando Casas;2023-06-09;335950;13;0.0;25842
Cencosud;901776453.0;FV 69425;Panama;Redes Sociales;Tarjeta de Credito;Alivio de mordedura de insectos;Hernando Portilla;2023-05-25;55000;10;0.0;5500
Bodega Aurrerá;890457811.0;FV 70898;Ecuador;Redes Sociales;Transferencia Electronica;Bolsa de golf Course Pro;Hernando Portilla;2023-07-19;23200;2;0.0;11600
Hipermaxi;899453679.0;FV 71711;Guatemala;Redes Sociales;Transferencia Electronica;Pantaloneta;Bernardo Cifuentes;2023-10-13;23400;1;9.1;23400
Hipermaxi;899453679.0;FV 72007;Ecuador;Redes Sociales;Transferencia Electronica;Camiseta Deportiva;Viviana Cano;2023-11-01;65700;2;0.0;32850
Grupo Éxito;809765231.0;FV 44561;Guatemala;Redes Sociales;Tarjeta de Credito;Alivio de mordedura de insectos;Guillermo Benavides;2024-09-25;75000;6;0.0;12500
Walmart;890342123.0;FV 45423;Honduras;Redes Sociales;Tarjeta de Credito;Juego TrailChef Deluxe Cook;Viviana Cano;2024-10-10;55000;1;0.0;55000
Tiendas Olímpica;901765437.0;FV 69347;Nicaragua;Redes Sociales;Transferencia Electronica;Batería recargable Firefly;Hernando Portilla;2023-05-23;35500;13;7.3;2731
Hipermaxi;899453679.0;FV 45177;Honduras;Redes Sociales;Tarjeta de Credito;Juego TrailChef Deluxe Cook;Patricia Angarita;2024-10-10;61250;10;0.0;6125
Hipermaxi;899453679.0;FV 67792;Colombia;APP;Transferencia Electronica;Kit de cocina TrailChef;Guillermo Benavides;2023-04-13;612849.1670331766;10;0.0;3410
Supermercados Peruanos;896789012.0;FV 40542;Guatemala;Punto de Venta;Efectivo;Mochila Canyon Mula Weekender;Patricia Angarita;2024-01-06;282150;4;0.0;70538
Walmart;890342123.0;FV 65668;Panama;APP;Transferencia Electronica;Kit de cocina TrailChef;Viviana Cano;2023-01-18;25250;13;0.0;1942
La Anónima;897564399.0;FV 46743;Ecuador;Punto de Venta;Efectivo;GPS glaciar;Bernardo Cifuentes;2024-12-20;101750;8;0.0;12719
Gessa;901324700.0;FV 44278;Mexico;Punto de Venta;Efectivo;Termo de Bicicleta;Guillermo Benavides;2024-09-25;86950;10;0.0;8695
Automercados Plaza's;891009100.0;FV 42226;Ecuador;Punto de Venta;Efectivo;Arnés Extremo Husky;Hernando Portilla;2024-06-04;105400;10;0.0;10540
Automercados Plaza's;891009100.0;FV 43665;Guatemala;Punto de Venta;Efectivo;Mochila Canyon Mula Weekender;Guillermo Benavides;2024-08-15;89250;8;0.0;11156
Tiendas Olímpica;901765437.0;FV 65572;Nicaragua;Redes Sociales;Cheque;Lámpara EverGlow;Viviana Cano;2023-01-15;19400;8;0.0;2425
Walmart;890342123.0;FV 45445;Mexico;Redes Sociales;Tarjeta de Credito;Juego TrailChef Deluxe Cook;Lidia Bueno;2024-10-10;55000;1;18.7;55000
La Anónima;897564399.0;FV 69192;Ecuador;Punto de Venta;Efectivo;Arnés Extremo Husky;Guillermo Benavides;2023-05-19;112100;10;0.0;11210
Hipermaxi;899453679.0;FV 66029;Ecuador;Redes Sociales;Transferencia Electronica;Camiseta Deportiva;Bernardo Cifuentes;2023-02-03;27800;13;0.0;2138
Hipermaxi;899453679.0;FV 72107;Honduras;Redes Sociales;Transferencia Electronica;Pantaloneta;Viviana Cano;2023-11-08;65700;2;0.0;32850
Super Selectos;901457120.0;FV 46395;Ecuador;Punto de Venta;Efectivo;GPS glaciar;Armando Casas;2024-12-20;235690;4;0.0;58922
Supermercados Peruanos;896789012.0;FV 41961;Ecuador;Punto de Venta;Efectivo;Husky Cuerda 200;Guillermo Benavides;2024-06-03;235690;4;8.3;58922
Makro;902765200.0;FV 66833;Peru;Redes Sociales;Cheque;Guantes de Arquero Nike;Guillermo Benavides;2023-03-10;14050;10;0.0;1405
Hipermaxi;899453679.0;FV 69176;Guatemala;Redes Sociales;Transferencia Electronica;Palo Course Pro;Guillermo Benavides;2023-05-18;25600;13;0.0;1969
Automercados Plaza's;891009100.0;FV 67997;Ecuador;Punto de Venta;Efectivo;GPS glaciar;Armando Casas;2023-04-19;235690;23;0.0;10247
Tiendas Olímpica;901765437.0;FV 71403;Nicaragua;Redes Sociales;Cheque;Guantes de Arquero Nike;Lidia Bueno;2023-09-16;12500;10;0.0;1250
Supermercados Peruanos;896789012.0;FV 65546;Ecuador;Redes Sociales;Tarjeta de Credito;Termo de Bicicleta;Lidia Bueno;2023-01-14;Pendiente;10;0.0;5780
Walmart;890342123.0;FV 72067;Peru;Redes Sociales;Transferencia Electronica;Casco de escalada de granito;Viviana Cano;2023-11-05;65700;2;0.0;32850
Bodega Aurrerá;890457811.0;FV 42409;Peru;Redes Sociales;Efectivo;Bloqueador solar;Bernardo Cifuentes;2024-06-04;76800;10;0.0;7680
Unimarc;900434592.0;FV 65407;Panama;APP;Cheque;Mountain Man Extreme;Hernando Portilla;2023-01-08;18450;10;0.0;1845
Carrefour;900348761.0;FV 66787;Colombia;Redes Sociales;Cheque;Guantes de Arquero Nike;Hernando Portilla;2023-03-08;12750;6;0.0;2125
Tiendas Olímpica;901765437.0;FV 70507;Colombia;Redes Sociales;Transferencia Electronica;Loción BugShield;Viviana Cano;2023-06-23;43000;10;0.0;4300
Tiendas Olímpica;901765437.0;FV 70244;Panama;Redes Sociales;Transferencia Electronica;Kit de cocina TrailChef;Viviana Cano;2023-06-16;35300;8;0.0;4412
Tiendas Olímpica;901765437.0;FV 42901;Honduras;Redes Sociales;Tarjeta de Credito;Termo de Bicicleta;Bernardo Cifuentes;2024-06-04;57300;8;7.4;7162
Tiendas Olímpica;901765437.0;FV 66211;Guatemala;Redes Sociales;Cheque;Lámpara EverGlow;Viviana Cano;2023-02-12;10650;10;8.0;1065
Tiendas Olímpica;901765437.0;FV 44946;Ecuador;APP;Tarjeta de Credito;Alivio de mordedura de insectos;Guillermo Benavides;2024-10-10;75000;6;0.0;12500
Bodega Aurrerá;890457811.0;FV 68484;HONDURAS;Redes Sociales;Tarjeta de Credito;Juego TrailChef Deluxe Cook;Patricia Angarita;2023-05-01;63450;6;0.0;10575
Tiendas Olímpica;;FV 41335;Panama;APP;Tarjeta de Credito;Termo de Bicicleta;Lidia Bueno;2024-03-05;56900;6;0.0;9483
La Anónima;897564399.0;FV 68816;Panama;APP;Efectivo;Termo de Bicicleta;Guillermo Benavides;2023-05-10;85050;13;0.0;6542
Tiendas Olímpica;901765437.0;FV 68718;PERU;Redes Sociales;Tarjeta de Credito;Alivio de mordedura de insectos;Armando Casas;2023-05-07;55000;10;0.0;5500
Ara;901001382.0;FV 41052;Ecuador;Punto de Venta;Efectivo;Set de Madera Lady Hailstorm Titanium;Patricia Angarita;2024-02-02;75000;23;0.0;3261
Gessa;901324700.0;FV 41753;Mexico;Punto de Venta;Efectivo;Mochila Canyon Mula Weekender;Hernando Portilla;2024-05-16;136450;6;8.0;22742
La Anónima;897564399.0;FV 70291;Nicaragua;Redes Sociales;Cheque;Guantes de Arquero Nike;Viviana Cano;2023-06-18;18550;6;0.0;3092
Automercados Plaza's;891009100.0;FV 72006;Guatemala;Redes Sociales;Cheque;Camiseta Deportiva;Viviana Cano;2023-11-01;65700;2;8.3;32850
Soriana;901345679.0;FV 44305;Peru;Punto de Venta;Efectivo;Mochila Canyon Mula Weekender;Guillermo Benavides;2024-09-25;84000;6;0.0;14000
Cencosud;901776453.0;FV 68409;Ecuador;Redes Sociales;Tarjeta de Credito;Juego TrailChef Deluxe Cook;Lidia Bueno;2023-04-29;65600;13;0.0;5046
Ara;901001382.0;FV 41457;Peru;Punto de Venta;Efectivo;Set de Madera Lady Hailstorm Titanium;Armando Casas;2024-04-16;255050;4;5.6;63762
Tiendas Olímpica;901765437.0;FV 66414;Guatemala;Redes Sociales;Transferencia Electronica;Guantes de Arquero Nike;Lidia Bueno;2023-02-20;55000;6;0.0;9167
Automercados Plaza's;891009100.0;FV 67363;Peru;Redes Sociales;Efectivo;Bloqueador solar;Patricia Angarita;2023-04-02;76800;10;0.0;7680
Hipermaxi;899453679.0;FV 69433;Nicaragua;Redes Sociales;Transferencia Electronica;Guayos Nike Cr-7;Hernando Portilla;2023-05-25;38400;6;0.0;6400
Carrefour;900348761.0;FV 43709;Colombia;Punto de Venta;Efectivo;Set de Madera Lady Hailstorm Titanium;Bernardo Cifuentes;2024-08-15;82750;6;0.0;13792
Unimarc;900434592.0;FV 70633;Guatemala;Redes Sociales;Cheque;Guantes de Arquero Nike;Viviana Cano;2023-06-27;18050;6;0.0;3008
;899453679.0;FV 72293;Mexico;Redes Sociales;Transferencia Electronica;Camiseta Deportiva;Guillermo Benavides;2023-11-20;54000;3;8.9;18000
Gessa;901324700.0;FV 41285;Ecuador;Redes Sociales;Tarjeta de Credito;Juego TrailChef Deluxe Cook;Patricia Angarita;2024-03-05;60300;13;8.6;4638
Hipermaxi;899453679.0;FV 72139;Mexico;Redes Sociales;Transferencia Electronica;Casco de escalada de granito;Lidia Bueno;2023-11-10;65700;2;7.9;32850
Gessa;901324700.0;FV 46264;Ecuador;Punto de Venta;Efectivo;GPS glaciar;Patricia Angarita;2024-11-01;132250;10;0.0;13225
Grupo Éxito;809765231.0;FV 70194;Nicaragua;Redes Sociales;Tarjeta de Credito;Set de Madera Lady Hailstorm Titanium;Armando Casas;2023-06-15;55000;13;0.0;4231
Gessa;901324700.0;FV 67180;Colombia;Redes Sociales;Cheque;Bolsa de golf Course Pro;Viviana Cano;2023-03-25;18800;2;0.0;9400
Hipermaxi;899453679.0;FV 71773; Peru;Redes Sociales;Transferencia Electronica;Camiseta Deportiva;Guillermo Benavides;2023-10-17;23400;1;0.0;23400
Walmart;890342123.0;FV 70130;Honduras;Redes Sociales;Transferencia Electronica;Kit de cocina TrailChef;Viviana Cano;2023-06-13;27550;13;0.0;2119
Supermercados Peruanos;896789012.0;FV 68394;MEXICO;Teléfono;Cheque;Lámpara EverGlow;Hernando Portilla;2023-04-29;14000;10;0.0;1400
;899087237.0;FV 41843;Guatemala;Punto de Venta;Efectivo;Mochila Canyon Mula Weekender;Patricia Angarita;2024-05-16;115550;8;11.9;14444
Hipermaxi;899453679.0;FV 66291;Colombia;Redes Sociales;Transferencia Electronica;Kit de cocina TrailChef;Lidia Bueno;2023-02-15;28800;6;0.0;4800
Tiendas Olímpica;901765437.0;FV 69313;Ecuador;Redes Sociales;Transferencia Electronica;Kit de cocina TrailChef;Hernando Portilla;2023-05-22;40250;13;0.0;3096
Tiendas Olímpica;901765437.0;FV 41401;Ecuador;Punto de Venta;Cheque;GPS glaciar;Armando Casas;2024-04-16;341600;4;6.9;85400
Hipermaxi;899453679.0;FV 46042;Panama;Punto de Venta;Efectivo;GPS glaciar;Hernando Portilla;2024-11-01;276300;4;0.0;69075
Hipermaxi;899453679.0;FV 65967;Ecuador;Redes Sociales;Transferencia Electronica;Mountain Man Extreme;Hernando Portilla;2023-01-31;29700;6;0.0;4950
Hipermaxi;899453679.0;FV 66726;Guatemala;Redes Sociales;Transferencia Electronica;Balon de Futbol Adidas;Hernando Portilla;2023-03-05;34750;8;9.3;4344
Carrefour;900348761.0;FV 46926;Guatemala;Punto de Venta;Efectivo;Arnés Extremo Husky;Guillermo Benavides;2024-12-20;79500;10;0.0;7950
Tiendas Olímpica;901765437.0;FV 69076;Nicaragua;Redes Sociales;Transferencia Electronica;Kit de cocina TrailChef;Lidia Bueno;2023-05-16;54200;8;0.0;6775
Walmart;890342123.0;FV 43433;Honduras;APP;Transferencia Electronica;Termo de Bicicleta;Viviana Cano;2024-06-04;55000;6;0.0;9167
Supermercados Peruanos;896789012.0;FV 41856;Honduras;Punto de Venta;Efectivo;Arnés Extremo Husky;Patricia Angarita;2024-05-16;111900;13;7.9;8608
Tiendas Olímpica;901765437.0;FV 45141;Nicaragua;Redes Sociales;Tarjeta de Credito;Termo de Bicicleta;Lidia Bueno;2024-10-10;64050;13;0.0;4927
La Anónima;897564399.0;FV 67885;Mexico;Punto de Venta;Efectivo;Set de Madera Lady Hailstorm Titanium;Patricia Angarita;2023-04-16;97800;6;0.0;16300
Tiendas Olímpica;901765437.0;FV 41266;Peru;Redes Sociales;Tarjeta de Credito;Termo de Bicicleta;Patricia Angarita;2024-03-05;61850;13;0.0;4758
Tiendas Olímpica;901765437.0;FV 67865;Guatemala;Redes Sociales;Transferencia Electronica;Mountain Man Extreme;Viviana Cano;2023-04-15;45000;10;0.0;4500
Supermercados Peruanos;896789012.0;FV 42149;Mexico;Punto de Venta;Efectivo;GPS glaciar;Hernando Portilla;2024-06-04;121200;13;19.4;9323
Tiendas Olímpica;901765437.0;FV 41785;Mexico;Punto de Venta;Efectivo;Mochila Canyon Mula Weekender;Hernando Portilla;2024-05-16;129750;10;5.0;12975
Hipermaxi;899453679.0;FV 71844;Colombia;Redes Sociales;Transferencia Electronica;Camiseta Deportiva;Viviana Cano;2023-10-21;23400;1;5.1;23400
Hipermaxi;899453679.0;FV 70545;Panama;APP;Transferencia Electronica;Mountain Man Extreme;Viviana Cano;2023-06-24;46400;6;0.0;7733
Soriana;901345679.0;FV 44363;Peru;Punto de Venta;Efectivo;Termo de Bicicleta;Patricia Angarita;2024-09-25;78600;8;0.0;9825
Grupo Éxito;809765231.0;FV 66811;Ecuador;Redes Sociales;Tarjeta de Credito;Juego TrailChef Deluxe Cook;Lidia Bueno;2023-03-09;55000;10;6.8;5500
Super 99;899087237.0;FV 70379;Panama;Punto de Venta;Efectivo;Mochila Canyon Mula Weekender;Patricia Angarita;2023-06-20;235690;8;5.6;29461
Automercados Plaza's;891009100.0;FV 65949;Colombia;Redes Sociales;Cheque;Lámpara EverGlow;Lidia Bueno;2023-01-31;13100;10;8.4;1310
Soriana;901345679.0;FV 42426;Nicaragua;Redes Sociales;Efectivo;Bloqueador solar;Guillermo Benavides;2024-06-04;76800;10;5.2;7680
Tiendas San Francisco;897345600.0;FV 40708;Ecuador;Punto de Venta;Efectivo;Mochila Canyon Mula Weekender;Guillermo Benavides;2024-01-06;126100;8;0.0;15762
Walmart;890342123.0;FV 43493;Peru;Punto de Venta;Efectivo;Mochila Canyon Mula Weekender;Hernando Portilla;2024-08-15;118000;8;6.4;14750
Soriana;901345679.0;FV 47079;Peru;Redes Sociales;Efectivo;Bloqueador solar;Bernardo Cifuentes;2024-12-20;75000;10;0.0;7500
Hipermaxi;899453679.0;FV 46643;Mexico;Punto de Venta;Efectivo;Arnés Extremo Husky;Patricia Angarita;2024-12-20;119200;10;18.4;11920
Hipermaxi;899453679.0;FV 45484;Guatemala;Redes Sociales;Tarjeta de Credito;Loción BugShield;Viviana Cano;2024-10-10;55000;1;6.4;55000
Walmart;890342123.0;FV 71368;Ecuador;Redes Sociales;Transferencia Electronica;Pantaloneta;Viviana Cano;2023-09-12;31850;10;0.0;3185
Gessa;901324700.0;FV 41072;Honduras;APP;Tarjeta de Credito;Alivio de mordedura de insectos;Patricia Angarita;2024-02-02;75000;6;0.0;12500
Carrefour;900348761.0;FV 46199;Honduras;Punto de Venta;Efectivo;Mochila Canyon Mula Weekender;Patricia Angarita;2024-11-01;153000;8;0.0;19125
Walmart;;FV 67535;Guatemala;Redes Sociales;Transferencia Electronica;Kit de cocina TrailChef;Hernando Portilla;2023-04-06;22200;8;0.0;2775
Walmart;890342123.0;FV 43274;Guatemala;Redes Sociales;Transferencia Electronica;Balon de Microfutbol Golty;Hernando Portilla;2024-06-04;55000;6;0.0;9167
Cencosud;901776453.0;FV 70691;Panama;APP;Transferencia Electronica;Juego TrailChef Deluxe Cook;Hernando Portilla;2023-06-28;55000;6;0.0;9167
Carrefour;900348761.0;FV 65945;Ecuador;Redes Sociales;Transferencia Electronica;Camiseta Deportiva;Viviana Cano;2023-01-30;24000;10;17.7;2400
Hipermaxi;899453679.0;FV 45208;Ecuador;Redes Sociales;Tarjeta de Credito;Arnés Extremo Husky;Bernardo Cifuentes;2024-10-10;58900;8;0.0;7362
Bodega Aurrerá;;FV 44298;Colombia;Punto de Venta;Efectivo;Mochila Canyon Mula Weekender;Hernando Portilla;2024-09-25;84650;6;0.0;14108
Walmart;890342123.0;FV 66778;Ecuador;Redes Sociales;Transferencia Electronica;Camiseta Deportiva;Bernardo Cifuentes;2023-03-07;29100;10;0.0;2910
Tiendas Olímpica;901765437.0;FV 46269;Ecuador;Punto de Venta;Efectivo;Arnés Extremo Husky;Patricia Angarita;2024-11-01;131050;13;0.0;10081
Grupo Éxito;809765231.0;FV 47026;Guatemala;Redes Sociales;Efectivo;Gorra Deportiva;Hernando Portilla;2024-12-20;76800;2;5.9;38400
Bodega Aurrerá;;FV 44618;Panama;Redes Sociales;Tarjeta de Credito;Alivio de mordedura de insectos;Patricia Angarita;2024-09-25;75000;2;5.3;37500
Soriana;901345679.0;FV 69287;Guatemala;Redes Sociales;Cheque;Kit de cocina TrailChef;Lidia Bueno;2023-05-22;20900;10;0.0;2090
Tiendas Olímpica;901765437.0;FV 44738;Peru;Redes Sociales;Tarjeta de Credito;Set de Madera Lady Hailstorm Titanium;Lidia Bueno;2024-09-25;74300;6;0.0;12383
Hipermaxi;899453679.0;FV 67296;Panama;Redes Sociales;Transferencia Electronica;Mountain Man Extreme;Viviana Cano;2023-03-29;53600;10;0.0;5360
Carrefour;900348761.0;FV 69735;Honduras;Redes Sociales;Transferencia Electronica;Balon de Microfutbol Golty;Viviana Cano;2023-06-02;55000;6;15.0;9167
Hipermaxi;899453679.0;FV 66392; Panama;Redes Sociales;Transferencia Electronica;Mountain Man Extreme;Viviana Cano;2023-02-19;46250;8;0.0;5781
Hipermaxi;899453679.0;FV 45422;Nicaragua;Redes Sociales;Tarjeta de Credito;Juego TrailChef Deluxe Cook;Lidia Bueno;2024-10-10;55000;1;0.0;55000
Tiendas Olímpica;901765437.0;FV 67275;Panama;Redes Sociales;Transferencia Electronica;Sudadera Puma;Guillermo Benavides;2023-03-28;55000;2;0.0;27500
Supermercados Peruanos;896789012.0;FV 66017;Nicaragua;Redes Sociales;Tarjeta de Credito;Balon de Microfutbol Golty;Guillermo Benavides;2023-02-03;55000;10;0.0;5500
Unimarc;900434592.0;FV 68881;Colombia;Redes Sociales;Cheque;Guantes de Arquero Nike;Viviana Cano;2023-05-12;16700;6;0.0;2783
Supermercados Peruanos;896789012.0;FV 42111;Ecuador;Punto de Venta;Efectivo;GPS glaciar;Patricia Angarita;2024-06-03;143450;10;8.5;14345
Walmart;890342123.0;FV 66310;Ecuador;Redes Sociales;Transferencia Electronica;Kit de cocina TrailChef;Lidia Bueno;2023-02-16;41800;8;10.7;5225
Hipermaxi;899453679.0;FV 72316;Colombia;Redes Sociales;Cheque;Guantes de Arquero Nike;Lidia Bueno;2023-11-21;?;3;0.0;18000
;891009100.0;FV 67395;Guatemala;Redes Sociales;Cheque;Guantes de Arquero Nike;Viviana Cano;2023-04-03;11500;6;6.9;1917
Carrefour;900348761.0;FV 40681;Ecuador;Punto de Venta;Efectivo;GPS glaciar;Guillermo Benavides;2024-01-06;136750;10;0.0;13675
Gessa;901324700.0;FV 41297;Panama;Teléfono;Tarjeta de Credito;Juego TrailChef Deluxe Cook;Lidia Bueno;2024-03-05;59750;8;0.0;7469
Supermercados Peruanos;896789012.0;FV 66960;Mexico;Redes Sociales;Transferencia Electronica;Camiseta Deportiva;Viviana Cano;2023-03-15;23700;8;0.0;2962
Walmart;890342123.0;FV 44336;Panama;Teléfono;Efectivo;Mochila Canyon Mula Weekender;Hernando Portilla;2024-09-25;81300;6;8.6;13550
Walmart;890342123.0;FV 67499;Nicaragua;Redes Sociales;Cheque;Guantes de Arquero Nike;Lidia Bueno;2023-04-06;18750;6;10.6;3125
Hipermaxi;899453679.0;FV 43093;Guatemala;Redes Sociales;Tarjeta de Credito;Arnés Extremo Husky;Lidia Bueno;2024-06-04;55000;1;8.2;55000
Gessa;901324700.0;FV 65741;Panama;APP;Cheque;Mountain Man Extreme;Viviana Cano;2023-01-22;20500;6;5.1;3417
Walmart;890342123.0;FV 45460;Panama;Redes Sociales;Tarjeta de Credito;Alivio de mordedura de insectos;Hernando Portilla;2024-10-10;55000;1;9.4;55000
Hipermaxi;899453679.0;FV 45391;Peru;Redes Sociales;Tarjeta de Credito;Juego TrailChef Deluxe Cook;Viviana Cano;2024-10-10;1285556.3447643332;1;9.9;55000
Carrefour;900348761.0;FV 43722;Ecuador;Punto de Venta;Efectivo;Termo de Bicicleta;Hernando Portilla;2024-08-15;80750;8;7.7;10094
Soriana;901345679.0;FV 68099;Colombia;Redes Sociales;Transferencia Electronica;Balon de Microfutbol Golty;Lidia Bueno;2023-04-21;55000;6;9.1;9167
Ara;901001382.0;FV 40914;Guatemala;Punto de Venta;Efectivo;Mochila Canyon Mula Weekender;Guillermo Benavides;2024-01-06;79550;6;15.0;13258
Walmart;890342123.0;FV 67824;Ecuador;Redes Sociales;Transferencia Electronica;Mountain Man Extreme;Viviana Cano;2023-04-14;44200;10;0.0;4420
Hipermaxi;899453679.0;FV 67107;Peru;Redes Sociales;Transferencia Electronica;Pantaloneta;Lidia Bueno;2023-03-21;31150;10;7.4;3115
Walmart;890342123.0;FV 66335;Nicaragua;Redes Sociales;Transferencia Electronica;Kit de cocina TrailChef;Bernardo Cifuentes;2023-02-17;23300;13;0.0;1792
Walmart;890342123.0;FV 42983;Mexico;Redes Sociales;Tarjeta de Credito;Alivio de mordedura de insectos;Lidia Bueno;2024-06-04;55000;1;9.2;55000
La Anónima;897564399.0;FV 68211;Ecuador;Punto de Venta;Efectivo;Termo de Bicicleta;Armando Casas;2023-04-24;84850;10;0.0;8485
Walmart;890342123.0;FV 45641;Guatemala;Redes Sociales;Transferencia Electronica;Sudadera Puma;Patricia Angarita;2024-10-10;Sin dato;6;0.0;9167
Walmart;890342123.0;FV 43427;Guatemala;Redes Sociales;Transferencia Electronica;Sudadera Puma;Guillermo Benavides;2024-06-04;55000;6;0.0;9167
Hipermaxi;899453679.0;FV 43360;Panama;Redes Sociales;Transferencia Electronica;Loción BugShield;Bernardo Cifuentes;2024-06-04;55000;6;5.7;9167
Tiendas Olímpica;901765437.0;FV 45137;Honduras;Redes Sociales;Tarjeta de Credito;Juego TrailChef Deluxe Cook;Lidia Bueno;2024-10-10;64350;6;6.6;10725
Hipermaxi;;FV 72051;Honduras;Redes Sociales;Transferencia Electronica;Camiseta Deportiva;Bernardo Cifuentes;2023-11-04;65700;2;0.0;32850
Walmart;890342123.0;FV 71037;Colombia;Redes Sociales;Transferencia Electronica;Kit de cocina TrailChef;Hernando Portilla;2023-08-04;28400;6;8.4;4733
Tiendas Olímpica;901765437.0;FV 68059;Guatemala;Redes Sociales;Transferencia Electronica;Mountain Man Extreme;Viviana Cano;2023-04-20;40750;10;0.0;4075
Gessa;901324700.0;FV 41132;Colombia;Redes Sociales;Tarjeta de Credito;Silvato Arbitro;Guillermo Benavides;2024-02-02;75000;2;9.8;37500
Soriana;901345679.0;FV 70081;Panama;Redes Sociales;Transferencia Electronica;Guantes de Arquero Nike;Lidia Bueno;2023-06-12;55000;6;0.0;9167
Hipermaxi;899453679.0;FV 43144;Guatemala;Redes Sociales;Tarjeta de Credito;Loción BugShield;Viviana Cano;2024-06-04;55000;1;0.0;55000
Gessa;901324700.0;FV 41354;Guatemala;Redes Sociales;Tarjeta de Credito;Alivio de mordedura de insectos;Patricia Angarita;2024-01-06;55700;23;0.0;2422
Tiendas Olímpica;901765437.0;FV 41422;Panama;Punto de Venta;Efectivo;Mochila Canyon Mula Weekender;Patricia Angarita;2024-04-16;294800;4;5.8;73700
Gessa;901324700.0;FV 41081;Ecuador;Teléfono;Tarjeta de Credito;Alivio de mordedura de insectos;Guillermo Benavides;2024-02-02;75000;6;0.0;12500
Soriana;901345679.0;FV 42613;Honduras;Redes Sociales;Tarjeta de Credito;Alivio de mordedura de insectos;Patricia Angarita;2024-06-04;75000;6;0.0;12500
Hipermaxi;899453679.0;FV 65343;Peru;Redes Sociales;Transferencia Electronica;Balon de Microfutbol Golty;Lidia Bueno;2023-01-05;55000;6;0.0;9167
Automercados Plaza's;891009100.0;FV 69804;GUATEMALA;Punto de Venta;Efectivo;Set de Madera Lady Hailstorm Titanium;Guillermo Benavides;2023-06-04;96150;6;0.0;16025
Carrefour;900348761.0;FV 66077;Mexico;Redes Sociales;Transferencia Electronica;Palo Course Pro;Lidia Bueno;2023-02-05;23700;10;7.6;2370
Cencosud;901776453.0;FV 43830;COLOMBIA;Redes Sociales;Efectivo;Gorra Deportiva;Patricia Angarita;2024-07-09;76800;6;0.0;12800
Supermercados Peruanos;896789012.0;FV 44369;Peru;Punto de Venta;Efectivo;Mochila Canyon Mula Weekender;Guillermo Benavides;2024-09-25;78400;10;8.4;7840
Makro;902765200.0;FV 70516;Colombia;Redes Sociales;Cheque;Casco de escalada de granito;Patricia Angarita;2023-06-24;19850;10;0.0;1985
Bodega Aurrerá;890457811.0;FV 66768;Ecuador;Redes Sociales;Transferencia Electronica;Juego TrailChef Deluxe Cook;Bernardo Cifuentes;2023-03-07;55000;6;0.0;9167
Supermercados Peruanos;896789012.0;FV 42077;Honduras;Punto de Venta;Efectivo;Mochila Canyon Mula Weekender;Bernardo Cifuentes;2024-06-03;157800;10;0.0;15780
Tiendas Olímpica;901765437.0;FV 45300;Guatemala;Redes Sociales;Tarjeta de Credito;Alivio de mordedura de insectos;Lidia Bueno;2024-10-10;55000;1;14.3;55000
Hipermaxi;899453679.0;FV 71558; Guatemala;Redes Sociales;Transferencia Electronica;Pantaloneta;Bernardo Cifuentes;2023-10-05;78643;1;0.0;78643
Hipermaxi;899453679.0;FV 67530;Honduras;Redes Sociales;Transferencia Electronica;Pantaloneta;Viviana Cano;2023-04-06;31650;6;0.0;5275
La Anónima;897564399.0;FV 69411;Honduras;APP;Efectivo;Set de Madera Lady Hailstorm Titanium;Guillermo Benavides;2023-05-25;87850;6;8.1;14642
Tiendas Olímpica;901765437.0;FV 45133;Ecuador;Redes Sociales;Tarjeta de Credito;Termo de Bicicleta;Bernardo Cifuentes;2024-10-10;64650;10;0.0;6465
Bodega Aurrerá;890457811.0;FV 67467;Panama;APP;Cheque;Kit de cocina TrailChef;Viviana Cano;2023-04-05;20850;10;0.0;2085
Hipermaxi;899453679.0;FV 44110;Ecuador;Punto de Venta;Efectivo;Mochila Canyon Mula Weekender;Bernardo Cifuentes;2024-09-25;107300;10;5.4;10730
Walmart;890342123.0;FV 66497;Panama;Redes Sociales;Transferencia Electronica;Pantaloneta;Lidia Bueno;2023-02-23;30800;10;5.9;3080
Walmart;890342123.0;FV 46166;Panama;Punto de Venta;Efectivo;GPS glaciar;Patricia Angarita;2024-11-01;173200;8;11.5;21650
Supermercados Peruanos;896789012.0;FV 46627;Panama;Punto de Venta;Efectivo;Set de Madera Lady Hailstorm Titanium;Patricia Angarita;2024-12-20;123000;6;5.7;20500
Soriana;901345679.0;FV 42426;Nicaragua;Redes Sociales;Efectivo;Bloqueador solar;Guillermo Benavides;2024-06-04;76800;10;5.2;7680
Automercados Plaza's;891009100.0;FV 72050;Colombia;Redes Sociales;Transferencia Electronica;Camiseta Deportiva;Viviana Cano;2023-11-04;65700;2;0.0;32850
La Anónima;897564399.0;FV 70224;Nicaragua;Punto de Venta;Efectivo;GPS glaciar;Patricia Angarita;2023-06-16;136700;13;0.0;10515
Walmart;890342123.0;FV 43514;Panama;Punto de Venta;Efectivo;GPS glaciar;Hernando Portilla;2024-08-15;112950;8;0.0;14119
Hipermaxi;899453679.0;FV 72315;Ecuador;Teléfono;Cheque;Kit de cocina TrailChef;Hernando Portilla;2023-11-21;54000;3;0.0;18000
Tiendas Olímpica;901765437.0;FV 69004;Colombia;Redes Sociales;Transferencia Electronica;Guayos Nike Cr-7;Viviana Cano;2023-05-14;39300;10;0.0;3930
Walmart;890342123.0;FV 66022;Ecuador;Redes Sociales;Transferencia Electronica;Mountain Man Extreme;Viviana Cano;2023-02-03;44000;8;0.0;5500
Hipermaxi;899453679.0;FV 72400;Colombia;Redes Sociales;Transferencia Electronica;Casco de escalada de granito;Hernando Portilla;2023-11-26;54000;3;7.1;18000
Hipermaxi;899453679.0;FV 45562;Panama;Teléfono;Tarjeta de Credito;Loción BugShield;Viviana Cano;2024-10-10;55000;6;5.5;9167
Walmart;890342123.0;FV 44070;Peru;Redes Sociales;Tarjeta de Credito;Termo de Bicicleta;Lidia Bueno;2024-07-09;70650;10;0.0;7065
Hipermaxi;899453679.0;FV 45247;Guatemala;Redes Sociales;Tarjeta de Credito;Arnés Extremo Husky;Lidia Bueno;2024-10-10;56900;13;9.5;4377
Tiendas Olímpica;901765437.0;FV 41254;Peru;Redes Sociales;Tarjeta de Credito;Set de Madera Lady Hailstorm Titanium;Bernardo Cifuentes;2024-03-05;62850;6;0.0;10475
Walmart;890342123.0;FV 45785;Panama;APP;Transferencia Electronica;Termo de Bicicleta;Viviana Cano;2024-10-10;55000;6;0.0;9167
Gessa;901324700.0;FV 41108;Nicaragua;Redes Sociales;Tarjeta de Credito;Alivio de mordedura de insectos;Guillermo Benavides;2024-02-02;75000;6;9.3;12500
Hipermaxi;899453679.0;FV 71546;Colombia;Redes Sociales;Cheque;Camiseta Deportiva;Viviana Cano;2023-10-04;62871;1;14.5;62871
Walmart;890342123.0;FV 44912;Mexico;Redes Sociales;Tarjeta de Credito;Arnés Extremo Husky;Lidia Bueno;2024-09-25;61600;8;5.3;7700
Hipermaxi;899453679.0;FV 65484;Peru;Redes Sociales;Transferencia Electronica;Kit de cocina TrailChef;Viviana Cano;2023-01-11;28550;6;0.0;4758
Carrefour;900348761.0;FV 68778;Ecuador;Punto de Venta;Efectivo;GPS glaciar;Patricia Angarita;2023-05-09;138700;23;0.0;6030
Soriana;901345679.0;FV 72186;Guatemala;Redes Sociales;Cheque;Camiseta Deportiva;Viviana Cano;2023-11-13;65700;3;8.0;21900
Carrefour;900348761.0;FV 40781;Panama;Teléfono;Efectivo;Set de Madera Lady Hailstorm Titanium;Guillermo Benavides;2024-01-06;106100;6;0.0;17683
Walmart;890342123.0;FV 45779;Colombia;Redes Sociales;Transferencia Electronica;Balon de Microfutbol Golty;Hernando Portilla;2024-10-10;55000;6;0.0;9167
Supermercados Peruanos;896789012.0;FV 65929;Colombia;Redes Sociales;Cheque;Lámpara EverGlow;Hernando Portilla;2023-01-30;Pendiente;8;8.4;1694
La Anónima;897564399.0;FV 71449;Peru;Redes Sociales;Cheque;Guantes de Arquero Nike;Lidia Bueno;2023-09-21;12600;2;18.2;6300
Super 99;899087237.0;FV 42064;Honduras;Punto de Venta;Efectivo;GPS glaciar;Hernando Portilla;2024-06-03;165700;13;13.5;12746
Walmart;890342123.0;FV 45151;Peru;Redes Sociales;Tarjeta de Credito;Termo de Bicicleta;Armando Casas;2024-10-10;63450;8;8.9;7931
Jumbo;901345871.0;FV 66782;Honduras;Redes Sociales;Cheque;Lámpara EverGlow;Hernando Portilla;2023-03-08;15400;8;0.0;1925
;891009100.0;FV 69773;Mexico;Teléfono;Tarjeta de Credito;Alivio de mordedura de insectos;Patricia Angarita;2023-06-03;75000;6;0.0;12500
Walmart;890342123.0;FV 71169;Peru;Redes Sociales;Transferencia Electronica;Mountain Man Extreme;Bernardo Cifuentes;2023-08-19;25800;6;0.0;4300
La Anónima;897564399.0;FV 46281;Honduras;Punto de Venta;Efectivo;Arnés Extremo Husky;Guillermo Benavides;2024-11-01;127900;13;0.0;9838
Carrefour;900348761.0;FV 67026;Peru;Redes Sociales;Transferencia Electronica;Balon de Microfutbol Golty;Lidia Bueno;2023-03-18;55000;6;6.2;9167
Soriana;901345679.0;FV 72505;Guatemala;Redes Sociales;Cheque;Guantes de Arquero Nike;Lidia Bueno;2023-12-03;54000;3;0.0;18000
Gessa;901324700.0;FV 69235;Honduras;Punto de Venta;Efectivo;GPS glaciar;Hernando Portilla;2023-05-20;119450;13;7.4;9188
Hipermaxi;899453679.0;FV 46182;Ecuador;Punto de Venta;Efectivo;Set de Madera Lady Hailstorm Titanium;Patricia Angarita;2024-11-01;162200;13;18.2;12477
Grupo Éxito;809765231.0;FV 68383;Nicaragua;Redes Sociales;Transferencia Electronica;Mountain Man Extreme;Lidia Bueno;2023-04-28;47700;10;0.0;4770
Hipermaxi;899453679.0;FV 70859;Ecuador;Redes Sociales;Transferencia Electronica;Kit de cocina TrailChef;Viviana Cano;2023-07-15;31850;13;0.0;2450
Hipermaxi;899453679.0;FV 72268;Honduras;Redes Sociales;Transferencia Electronica;Camiseta Deportiva;Bernardo Cifuentes;2023-11-18;54000;3;0.0;18000
Hipermaxi;899453679.0;FV 42528;Guatemala;Punto de Venta;Efectivo;Arnés Extremo Husky;Guillermo Benavides;2024-06-04;75600;8;0.0;9450
Soriana;901345679.0;FV 43888;Ecuador;Punto de Venta;Efectivo;Juego TrailChef Deluxe Cook;Guillermo Benavides;2024-07-09;75500;13;0.0;5808
Gessa;901324700.0;FV 41531;Ecuador;Punto de Venta;Efectivo;Mochila Canyon Mula Weekender;Armando Casas;2024-05-16;224500;13;0.0;17269
Unimarc;900434592.0;FV 66591;Peru;Redes Sociales;Cheque;Guantes de Arquero Nike;Hernando Portilla;2023-02-28;21150;10;0.0;2115
La Anónima;897564399.0;FV 68275;Panama;Punto de Venta;Efectivo;GPS glaciar;Guillermo Benavides;2023-04-26;116600;13;13.6;8969
Carrefour;900348761.0;FV 66738;Honduras ;Redes Sociales;Cheque;Guantes de Arquero Nike;Patricia Angarita;2023-03-06;10550;2;0.0;5275
Tiendas Olímpica;901765437.0;FV 67311;Nicaragua;Redes Sociales;Transferencia Electronica;Kit de cocina TrailChef;Lidia Bueno;2023-03-29;23850;8;0.0;2981
Hipermaxi;899453679.0;FV 44994;Ecuador;APP;Tarjeta de Credito;Alivio de mordedura de insectos;Armando Casas;2024-10-10;75000;2;0.0;37500
Super Selectos;901457120.0;FV 40657;Ecuador;Punto de Venta;Efectivo;Husky Cuerda 200;Hernando Portilla;2024-01-06;148050;13;0.0;11388
Automercados Plaza's;891009100.0;FV 43657;Panama;Punto de Venta;Efectivo;Termo de Bicicleta;Guillermo Benavides;2024-08-15;90900;8;0.0;11362
Super 99;899087237.0;FV 42256;Colombia;Punto de Venta;Efectivo;Mochila Canyon Mula Weekender;Guillermo Benavides;2024-06-04;99000;6;10.0;16500
Supermercados Peruanos;896789012.0;FV 44354;Nicaragua;Punto de Venta;Efectivo;Termo de Bicicleta;Bernardo Cifuentes;2024-09-25;79450;13;0.0;6112
Ara;901001382.0;FV 41352;Ecuador;Redes Sociales;Tarjeta de Credito;Arnés Extremo Husky;Lidia Bueno;2024-01-06;55800;23;16.8;2426
Gessa;901324700.0;FV 67520;Peru;Redes Sociales;Efectivo;Bloqueador solar;Hernando Portilla;2023-04-06;76800;6;0.0;12800
Super 99;899087237.0;FV 70599;Peru;Punto de Venta;Efectivo;Set de Madera Lady Hailstorm Titanium;Armando Casas;2023-06-26;282950;10;0.0;28295
Super 99;899087237.0;FV 68120;Peru;Punto de Venta;Efectivo;GPS glaciar;Armando Casas;2023-04-22;256350;13;0.0;19719
Tiendas Olímpica;901765437.0;FV 44565;Colombia;Redes Sociales;Tarjeta de Credito;Alivio de mordedura de insectos;Guillermo Benavides;2024-09-25;75000;6;0.0;12500
Hipermaxi;899453679.0;FV 46122;Ecuador;Punto de Venta;Efectivo;Husky Cuerda 200;Bernardo Cifuentes;2024-11-01;200750;13;0.0;15442
Tiendas Olímpica;901765437.0;FV 41134;Peru;Redes Sociales;Tarjeta de Credito;Juego TrailChef Deluxe Cook;Guillermo Benavides;2024-02-02;74950;8;0.0;9369
Tiendas Olímpica;901765437.0;FV 44845;Peru;Redes Sociales;Tarjeta de Credito;Termo de Bicicleta;Hernando Portilla;2024-09-25;65200;8;0.0;8150
La Anónima;897564399.0;FV 42136;Ecuador;Punto de Venta;Efectivo;GPS glaciar;Patricia Angarita;2024-06-03;136400;13;0.0;10492
Tiendas San Francisco;897345600.0;FV 71509;Mexico;Teléfono;Cheque;Kit de cocina TrailChef;Hernando Portilla;2023-09-27;21500;8;0.0;2688
;896789012.0;FV 40942;Colombia;Punto de Venta;Efectivo;Termo de Bicicleta;Guillermo Benavides;2024-02-02;76800;10;7.6;7680
Hipermaxi;899453679.0;FV 71872;Colombia;Redes Sociales;Transferencia Electronica;Camiseta Deportiva;Hernando Portilla;2023-10-23;65700;1;13.9;65700
Gessa;901324700.0;FV 41090;Mexico;Teléfono;Tarjeta de Credito;Alivio de mordedura de insectos;Bernardo Cifuentes;2024-02-02;75000;6;0.0;12500
Supermercados Peruanos;896789012.0;FV 46605;Peru;Punto de Venta;Efectivo;GPS glaciar;Guillermo Benavides;2024-12-20;128650;13;6.2;9896
Automercados Plaza's;891009100.0;FV 66548;Ecuador;Redes Sociales;Cheque;Bolsa de golf Course Pro;Viviana Cano;2023-02-26;11200;2;0.0;5600
Tiendas Olímpica;901765437.0;FV 68649;Ecuador;Redes Sociales;Transferencia Electronica;Mountain Man Extreme;Hernando Portilla;2023-05-05;30400;10;0.0;3040
Gessa;901324700.0;FV 69145;Ecuador;Punto de Venta;Efectivo;Set de Madera Lady Hailstorm Titanium;Hernando Portilla;2023-05-18;235690;8;0.0;29461
Hipermaxi;899453679.0;FV 46133;Guatemala;Punto de Venta;Efectivo;Set de Madera Lady Hailstorm Titanium;Patricia Angarita;2024-11-01;192300;6;8.7;32050
La Anónima;897564399.0;FV 70856;Honduras;Redes Sociales;Cheque;Lámpara EverGlow;Lidia Bueno;2023-07-15;11500;10;7.7;1150
Hipermaxi;899453679.0;FV 42387;Colombia;Punto de Venta;Efectivo;Mochila Canyon Mula Weekender;Hernando Portilla;2024-06-04;78700;8;0.0;9838
Tiendas Olímpica;901765437.0;FV 46417;Ecuador;Punto de Venta;Efectivo;Mochila Canyon Mula Weekender;Hernando Portilla;2024-12-20;231550;13;9.7;17812
Walmart;890342123.0;FV 67342;Peru;Redes Sociales;Transferencia Electronica;Termo de Bicicleta;Viviana Cano;2023-03-31;55000;2;10.6;27500
Bodega Aurrerá;890457811.0;FV 69448;Panama;Punto de Venta;Efectivo;GPS glaciar;Hernando Portilla;2023-05-26;205400;13;0.0;15800
Supermercados Peruanos;896789012.0;FV 70871;Mexico;Teléfono;Cheque;Guantes de Arquero Nike;Patricia Angarita;2023-07-17;19800;6;0.0;3300
Super 99;899087237.0;FV 44182;Guatemala ;Punto de Venta;Efectivo;Mochila Canyon Mula Weekender;Guillermo Benavides;2024-09-25;98300;10;7.7;9830
Super Selectos;901457120.0;FV 46488;Peru;Punto de Venta;Efectivo;GPS glaciar;Patricia Angarita;2024-12-20;182000;8;14.7;22750
Hipermaxi;899453679.0;FV 42919;Panama;APP;Tarjeta de Credito;Juego TrailChef Deluxe Cook;Lidia Bueno;2024-06-04;56000;6;0.0;9333
Walmart;890342123.0;FV 69591;Panama;Redes Sociales;Transferencia Electronica;Kit de cocina TrailChef;Viviana Cano;2023-05-29;41550;13;0.0;3196
Automercados Plaza's;891009100.0;FV 69925;Honduras;Punto de Venta;Efectivo;GPS glaciar;Armando Casas;2023-06-08;115550;10;8.9;11555
La Anónima;897564399.0;FV 42153;Nicaragua;Punto de Venta;Efectivo;GPS glaciar;Patricia Angarita;2024-06-04;120450;13;0.0;9265
Walmart;890342123.0;FV 43160;Ecuador;Redes Sociales;Tarjeta de Credito;Loción BugShield;Viviana Cano;2024-06-04;55000;1;7.0;55000
Hipermaxi;899453679.0;FV 66954;Panama;Teléfono;Transferencia Electronica;Kit de alivio compacto;Lidia Bueno;2023-03-15;43000;2;10.4;21500
Walmart;890342123.0;FV 71992;Guatemala;Redes Sociales;Transferencia Electronica;Guantes de Arquero Nike;Hernando Portilla;2023-10-31;65700;2;0.0;32850
Tiendas Olímpica;901765437.0;FV 42394;Honduras;Punto de Venta;Efectivo;Mochila Canyon Mula Weekender;Guillermo Benavides;2024-06-04;77850;6;5.5;12975
Walmart;890342123.0;FV 66338;Nicaragua;Redes Sociales;Cheque;Guantes de Arquero Nike;Hernando Portilla;2023-02-18;14800;6;7.5;2467
Tiendas Olímpica;901765437.0;FV 41755;Ecuador;Punto de Venta;Efectivo;Mochila Canyon Mula Weekender;Patricia Angarita;2024-05-16;136150;8;0.0;17019
Automercados Plaza's;891009100.0;FV 70026;Honduras;Redes Sociales;Efectivo;Bloqueador solar;Hernando Portilla;2023-06-11;76800;10;0.0;7680
Walmart;890342123.0;FV 66471;Panama;Redes Sociales;Transferencia Electronica;Camiseta Deportiva;Patricia Angarita;2023-02-22;27250;8;5.8;3406
Carrefour;900348761.0;FV 71747;Mexico;Redes Sociales;Transferencia Electronica;Pantaloneta;Hernando Portilla;2023-10-15;23400;1;0.0;23400
Cencosud;;FV 44449;Colombia;Redes Sociales;Efectivo;Gorra Deportiva;Patricia Angarita;2024-09-25;76800;2;0.0;38400
Grupo Éxito;809765231.0;FV 67128;Panama;Redes Sociales;Transferencia Electronica;Mountain Man Extreme;Guillermo Benavides;2023-03-22;53500;10;0.0;5350
Walmart;890342123.0;FV 71816;Colombia;Redes Sociales;Cheque;Camiseta Deportiva;Lidia Bueno;2023-10-19;23400;1;0.0;23400
Tiendas Olímpica;901765437.0;FV 69430;Peru;Redes Sociales;Transferencia Electronica;Kit de cocina TrailChef;Lidia Bueno;2023-05-25;43100;13;0.0;3315
Hipermaxi;899453679.0;FV 43506;Mexico;Punto de Venta;Efectivo;Mochila Canyon Mula Weekender;Patricia Angarita;2024-08-15;115650;6;13.0;19275
La Anónima;897564399.0;FV 41901;Ecuador;Punto de Venta;Cheque;Set de Madera Lady Hailstorm Titanium;Patricia Angarita;2024-06-03;331900;4;0.0;82975
Hipermaxi;899453679.0;FV 43461;Peru;Punto de Venta;Efectivo;Mochila Canyon Mula Weekender;Guillermo Benavides;2024-08-15;127500;8;0.0;15938
Walmart;890342123.0;FV 45178;Panama;Redes Sociales;Tarjeta de Credito;Juego TrailChef Deluxe Cook;Bernardo Cifuentes;2024-10-10;61200;8;0.0;7650
Hipermaxi;899453679.0;FV 45978;Ecuador;Punto de Venta;Cheque;GPS glaciar;Armando Casas;2024-11-01;514550;4;0.0;128638
Walmart;890342123.0;FV 42952;Panama;APP;Tarjeta de Credito;Arnés Extremo Husky;Patricia Angarita;2024-06-04;55000;13;8.8;4231
Automercados Plaza's;891009100.0;FV 68520;Peru;Punto de Venta;Efectivo;Set de Madera Lady Hailstorm Titanium;Patricia Angarita;2023-05-02;134200;6;19.6;22367
Carrefour;900348761.0;FV 43838;Honduras;Redes Sociales;Efectivo;Gorra Deportiva;Hernando Portilla;2024-07-09;76800;2;0.0;38400
Grupo Éxito;809765231.0;FV 66384;Panama;Redes Sociales;Transferencia Electronica;Balon de Microfutbol Golty;Guillermo Benavides;2023-02-19;55000;6;0.0;9167
Walmart;890342123.0;FV 44944;Colombia;Redes Sociales;Tarjeta de Credito;Alivio de mordedura de insectos;Bernardo Cifuentes;2024-10-10;75000;6;0.0;12500
Grupo Éxito;809765231.0;FV 67659;Mexico;Redes Sociales;Tarjeta de Credito;Set de Madera Lady Hailstorm Titanium;Hernando Portilla;2023-04-10;66300;6;0.0;11050
Automercados Plaza's;891009100.0;FV 71929;Mexico;Redes Sociales;Transferencia Electronica;Guantes de Arquero Nike;Viviana Cano;2023-10-26;65700;2;0.0;32850
Super 99;899087237.0;FV 42247;Peru;Punto de Venta;Efectivo;Termo de Bicicleta;Patricia Angarita;2024-06-04;100250;13;0.0;7712
Supermercados Peruanos;896789012.0;FV 65335;Guatemala;Redes Sociales;Tarjeta de Credito;Termo de Bicicleta;Guillermo Benavides;2023-01-05;56150;13;0.0;4319
;901776453.0;FV 68716;Panama;Redes Sociales;Tarjeta de Credito;Termo de Bicicleta;Lidia Bueno;2023-05-07;63050;8;9.3;7881
Bodega Aurrerá;890457811.0;FV 46256;Panama;APP;Efectivo;Mochila Canyon Mula Weekender;Guillermo Benavides;2024-11-01;135000;10;7.4;13500
Tiendas Olímpica;901765437.0;FV 66844;Nicaragua;Redes Sociales;Transferencia Electronica;Kit de cocina TrailChef;Lidia Bueno;2023-03-10;41550;10;0.0;4155
Walmart;890342123.0;FV 71341;Peru;Redes Sociales;Transferencia Electronica;Kit de cocina TrailChef;Viviana Cano;2023-09-09;34500;8;9.3;4312
Tiendas Olímpica;901765437.0;FV 42224;Peru;Punto de Venta;Efectivo;Mochila Canyon Mula Weekender;Patricia Angarita;2024-06-04;105800;10;0.0;10580
Hipermaxi;899453679.0;FV 68807;Panama;APP;Transferencia Electronica;Batería recargable Firefly;Viviana Cano;2023-05-09;33900;10;0.0;3390
Grupo Éxito;809765231.0;FV 69198;Panama;Redes Sociales;Tarjeta de Credito;Juego TrailChef Deluxe Cook;Hernando Portilla;2023-05-19;55400;8;0.0;6925
Automercados Plaza's;891009100.0;FV 42243;Honduras;Punto de Venta;Efectivo;GPS glaciar;Hernando Portilla;2024-06-04;101200;13;5.8;7785
Super 99;899087237.0;FV 44250;Colombia;Punto de Venta;Efectivo;Arnés Extremo Husky;Hernando Portilla;2024-09-25;90100;8;6.1;11262
Cencosud;901776453.0;FV 66968;Colombia;Redes Sociales;Tarjeta de Credito;Juego TrailChef Deluxe Cook;Hernando Portilla;2023-03-16;55400;6;0.0;9233
Supermercados Peruanos;896789012.0;FV 43744;Panama;Punto de Venta;Efectivo;Termo de Bicicleta;Hernando Portilla;2024-08-15;77700;13;8.0;5977
Soriana;901345679.0;FV 72274;Colombia;Redes Sociales;Transferencia Electronica;Casco de escalada de granito;Hernando Portilla;2023-11-19;1609915.9003325126;3;7.2;18000
Soriana;901345679.0;FV 43856;Colombia;Redes Sociales;Efectivo;Gorra Deportiva;Guillermo Benavides;2024-07-09;76800;2;8.6;38400
Automercados Plaza's;891009100.0;FV 42061;Guatemala;Punto de Venta;Efectivo;Set de Madera Lady Hailstorm Titanium;Guillermo Benavides;2024-06-03;167900;6;7.4;27983
Super 99;899087237.0;FV 42108;Ecuador;Punto de Venta;Efectivo;GPS glaciar;Guillermo Benavides;2024-06-03;145100;23;0.0;6309
Carrefour;900348761.0;FV 69694;Honduras;Redes Sociales;Transferencia Electronica;Juego TrailChef Deluxe Cook;Hernando Portilla;2023-06-01;55000;6;7.1;9167
Tiendas San Francisco;897345600.0;FV 40878;Peru;Punto de Venta;Efectivo;Termo de Bicicleta;Hernando Portilla;2024-01-06;84300;13;0.0;6485
Walmart;890342123.0;FV 71891;Nicaragua;Redes Sociales;Transferencia Electronica;Pantaloneta;Lidia Bueno;2023-10-24;65700;1;9.1;65700
Tiendas Olímpica;901765437.0;FV 42667;Ecuador;APP;Tarjeta de Credito;Alivio de mordedura de insectos;Guillermo Benavides;2024-06-04;75000;2;0.0;37500
Ara;901001382.0;FV 66172;Mexico;Teléfono;Cheque;Guantes de Arquero Nike;Bernardo Cifuentes;2023-02-10;15700;6;0.0;2617
Walmart;890342123.0;FV 45594;Mexico;Redes Sociales;Transferencia Electronica;Juego TrailChef Deluxe Cook;Bernardo Cifuentes;2024-10-10;55000;6;0.0;9167
Grupo Éxito;809765231.0;FV 67969;Panama;Redes Sociales;Tarjeta de Credito;Termo de Bicicleta;Patricia Angarita;2023-04-18;60150;6;9.0;10025
Cencosud;901776453.0;FV 66443;Panama;Redes Sociales;Transferencia Electronica;Mountain Man Extreme;Lidia Bueno;2023-02-21;48750;10;0.0;4875
Super 99;899087237.0;FV 46449;Ecuador;Punto de Venta;Efectivo;Set de Madera Lady Hailstorm Titanium;Hernando Portilla;2024-12-20;201600;10;5.8;20160
Super 99;899087237.0;FV 71357;Honduras;Redes Sociales;Transferencia Electronica;Guantes de Arquero Nike;Viviana Cano;2023-09-10;22600;10;5.1;2260
Gessa;901324700.0;FV 41591;Panama;Punto de Venta;Efectivo;Mochila Canyon Mula Weekender;Patricia Angarita;2024-05-16;5048768.432621999;10;6.8;18875
Tiendas Olímpica;901765437.0;FV 66495;Colombia;Redes Sociales;Transferencia Electronica;Mountain Man Extreme;Lidia Bueno;2023-02-23;41700;8;0.0;5212
Super 99;899087237.0;FV 68707;Panama;Punto de Venta;Efectivo;Termo de Bicicleta;Patricia Angarita;2023-05-07;89950;8;0.0;11244
Tiendas Olímpica;901765437.0;FV 66702;Guatemala;Redes Sociales;Transferencia Electronica;Pantaloneta;Viviana Cano;2023-03-04;32150;8;12.7;4019
Supermercados Peruanos;896789012.0;FV 47008;Honduras;Redes Sociales;Efectivo;Juego TrailChef Deluxe Cook;Patricia Angarita;2024-12-20;76800;2;8.2;38400
Tiendas Olímpica;901765437.0;FV 67386;Guatemala;Redes Sociales;Transferencia Electronica;Pantaloneta;Hernando Portilla;2023-04-02;33550;8;9.9;4194
Unimarc;900434592.0;FV 46493;Mexico;Punto de Venta;Efectivo;Mochila Canyon Mula Weekender;Hernando Portilla;2024-12-20;177850;8;0.0;22231
Super 99;899087237.0;FV 46678;Guatemala;Punto de Venta;Efectivo;GPS glaciar;Guillermo Benavides;2024-12-20;112350;8;8.3;14044
Hipermaxi;899453679.0;FV 67276;Peru;Redes Sociales;Transferencia Electronica;Mountain Man Extreme;Lidia Bueno;2023-03-28;47750;8;9.3;5969
Walmart;890342123.0;FV 72244;Guatemala;Redes Sociales;Transferencia Electronica;Guantes de Arquero Nike;Viviana Cano;2023-11-17;54000;3;0.0;18000
Hipermaxi;899453679.0;FV 42582; Peru;Redes Sociales;Tarjeta de Credito;Alivio de mordedura de insectos;Guillermo Benavides;2024-06-04;Sin dato;6;0.0;12500
Hipermaxi;899453679.0;FV 45422;Nicaragua;Redes Sociales;Tarjeta de Credito;Juego TrailChef Deluxe Cook;Lidia Bueno;2024-10-10;55000;1;0.0;55000
Hipermaxi;899453679.0;FV 70498;Honduras;Redes Sociales;Tarjeta de Credito;Juego TrailChef Deluxe Cook;Viviana Cano;2023-06-23;55000;8;0.0;6875
;899453679.0;FV 46013;Ecuador;Punto de Venta;Cheque;Mochila Canyon Mula Weekender;Hernando Portilla;2024-11-01;338350;4;0.0;84588
La Anónima;897564399.0;FV 41958;Ecuador;Punto de Venta;Efectivo;GPS glaciar;Patricia Angarita;2024-06-03;235690;4;0.0;58922
La Anónima;897564399.0;FV 68206;Ecuador;Punto de Venta;Efectivo;GPS glaciar;Patricia Angarita;2023-04-24;204850;13;0.0;15758
Walmart;890342123.0;FV 65757;Ecuador;Redes Sociales;Transferencia Electronica;Loción BugShield;Lidia Bueno;2023-01-22;43000;10;0.0;4300
Supermercados Peruanos;896789012.0;FV 68417;Guatemala;Redes Sociales;Transferencia Electronica;Arnés Extremo Husky;Hernando Portilla;2023-04-29;51900;8;0.0;6488
Cencosud;901776453.0;FV 43984;Peru;Redes Sociales;Tarjeta de Credito;Alivio de mordedura de insectos;Guillermo Benavides;2024-07-09;75000;2;0.0;37500
Tiendas San Francisco;897345600.0;FV 70894;Colombia;Redes Sociales;Cheque;Bolsa de golf Course Pro;Lidia Bueno;2023-07-19;13950;6;9.0;2325
Cencosud;901776453.0;FV 66126;Nicaragua;Redes Sociales;Tarjeta de Credito;Termo de Bicicleta;Hernando Portilla;2023-02-08;56450;13;8.3;4342
Gessa;901324700.0;FV 41333;Ecuador;Redes Sociales;Tarjeta de Credito;Juego TrailChef Deluxe Cook;Patricia Angarita;2024-03-05;57100;13;9.3;4392
Cencosud;901776453.0;FV 65346;Ecuador;Redes Sociales;Transferencia Electronica;Kit de cocina TrailChef;Hernando Portilla;2023-01-05;53700;10;9.3;5370
Ara;901001382.0;FV 69883;Peru;Redes Sociales;Cheque;Guantes de Arquero Nike;Lidia Bueno;2023-06-07;21850;10;0.0;2185
Carrefour;;FV 44544;Nicaragua;Redes Sociales;Tarjeta de Credito;Alivio de mordedura de insectos;Guillermo Benavides;2024-09-25;75000;6;0.0;12500
Walmart;890342123.0;FV 42933;Nicaragua;Redes Sociales;Tarjeta de Credito;Set de Madera Lady Hailstorm Titanium;Patricia Angarita;2024-06-04;55400;8;0.0;6925
La Anónima;897564399.0;FV 67517;Peru;Punto de Venta;Efectivo;Termo de Bicicleta;Patricia Angarita;2023-04-06;91050;8;0.0;11381
Cencosud;901776453.0;FV 67481;Guatemala;Redes Sociales;Tarjeta de Credito;Juego TrailChef Deluxe Cook;Patricia Angarita;2023-04-05;68800;8;19.7;8600
Carrefour;900348761.0;FV 69862;Mexico;Punto de Venta;Efectivo;GPS glaciar;Hernando Portilla;2023-06-06;253750;8;0.0;31719
Automercados Plaza's;891009100.0;FV 44166;Panama;Punto de Venta;Efectivo;Set de Madera Lady Hailstorm Titanium;Hernando Portilla;2024-09-25;100550;6;7.3;16758
Tiendas Olímpica;901765437.0;FV 44472;Ecuador;Redes Sociales;Efectivo;Bloqueador solar;Patricia Angarita;2024-09-25;75000;10;14.0;7500
Walmart;890342123.0;FV 68831;Honduras;Redes Sociales;Transferencia Electronica;Mountain Man Extreme;Guillermo Benavides;2023-05-10;46650;10;10.4;4665
Walmart;890342123.0;FV 45116;Peru;Redes Sociales;Tarjeta de Credito;Termo de Bicicleta;Hernando Portilla;2024-10-10;66300;8;0.0;8288
Unimarc;900434592.0;FV 66276;Panama;Redes Sociales;Cheque;Guantes de Arquero Nike;Hernando Portilla;2023-02-15;19000;6;0.0;3167
Hipermaxi;899453679.0;FV 71396;Honduras;Redes Sociales;Transferencia Electronica;Camiseta Deportiva;Patricia Angarita;2023-09-15;26300;10;0.0;2630
Hipermaxi;899453679.0;FV 45833;Mexico;Redes Sociales;Transferencia Electronica;Sudadera Puma;Viviana Cano;2024-10-10;55000;2;5.9;27500
Walmart;890342123.0;FV 71935;Guatemala;Redes Sociales;Cheque;Camiseta Deportiva;Lidia Bueno;2023-10-26;65700;2;5.7;32850
Soriana;901345679.0;FV 70395;Honduras;Redes Sociales;Tarjeta de Credito;Termo de Bicicleta;Hernando Portilla;2023-06-20;59200;8;0.0;7400
Automercados Plaza's;891009100.0;FV 70848;Colombia;Redes Sociales;Cheque;Guantes de Arquero Nike;Lidia Bueno;2023-07-14;13950;8;7.6;1744
Bodega Aurrerá;890457811.0;FV 68156;Panama;Redes Sociales;Transferencia Electronica;Camiseta Deportiva;Hernando Portilla;2023-04-22;23650;13;16.7;1819
;901324700.0;FV 42322;Panama;Punto de Venta;Efectivo;Arnés Extremo Husky;Guillermo Benavides;2024-06-04;90100;8;8.8;11262
Cencosud;901776453.0;FV 67024;Nicaragua;Redes Sociales;Tarjeta de Credito;Termo de Bicicleta;Lidia Bueno;2023-03-18;55000;8;0.0;6875
Tiendas Olímpica;901765437.0;FV 67456;Panama;Teléfono;Transferencia Electronica;Batería recargable Firefly;Viviana Cano;2023-04-04;37000;10;0.0;3700
Automercados Plaza's;891009100.0;FV 68981;Ecuador;Punto de Venta;Efectivo;Termo de Bicicleta;Guillermo Benavides;2023-05-14;87350;13;0.0;6719
Carrefour;900348761.0;FV 41899;Ecuador;Punto de Venta;Cheque;GPS glaciar;Patricia Angarita;2024-06-03;334100;4;0.0;83525
Supermercados Peruanos;896789012.0;FV 65760;Guatemala;Redes Sociales;Transferencia Electronica;Camiseta Deportiva;Lidia Bueno;2023-01-22;24450;10;6.7;2445
Walmart;890342123.0;FV 46059;Nicaragua;Punto de Venta;Efectivo;Mochila Canyon Mula Weekender;Patricia Angarita;2024-11-01;247450;4;10.0;61862
Walmart;890342123.0;FV 43839;Panama;APP;Efectivo;Juego TrailChef Deluxe Cook;Guillermo Benavides;2024-07-09;76800;2;0.0;38400
Gessa;901324700.0;FV 40663;Ecuador;Teléfono;Efectivo;Mochila Canyon Mula Weekender;Guillermo Benavides;2024-01-06;143150;6;6.9;23858
Hipermaxi;899453679.0;FV 71386;Colombia;Redes Sociales;Transferencia Electronica;Casco de escalada de granito;Bernardo Cifuentes;2023-09-14;25200;10;0.0;2520
Automercados Plaza's;891009100.0;FV 70147;Guatemala;Punto de Venta;Efectivo;Mochila Canyon Mula Weekender;Guillermo Benavides;2023-06-14;92450;6;8.3;15408
Hipermaxi;899453679.0;FV 67252;Honduras;Redes Sociales;Transferencia Electronica;Kit de cocina TrailChef;Hernando Portilla;2023-03-27;29750;8;0.0;3719
Walmart;890342123.0;FV 66933;Guatemala;Redes Sociales;Transferencia Electronica;Mountain Man Extreme;Hernando Portilla;2023-03-14;44900;6;0.0;7483
Bodega Aurrerá;890457811.0;FV 67241;Ecuador;Redes Sociales;Tarjeta de Credito;Alivio de mordedura de insectos;Hernando Portilla;2023-03-27;55000;10;7.6;5500
La Anónima;897564399.0;FV 67918;Peru;Punto de Venta;Efectivo;Mochila Canyon Mula Weekender;Hernando Portilla;2023-04-17;479100;8;19.5;59888
Super Selectos;901457120.0;FV 40816;Ecuador;APP;Efectivo;Mochila Canyon Mula Weekender;Guillermo Benavides;2024-01-06;96050;6;6.6;16008
Soriana;901345679.0;FV 71361;Peru;Redes Sociales;Cheque;Kit de cocina TrailChef;Hernando Portilla;2023-09-12;21600;8;0.0;2700
Walmart;890342123.0;FV 41882;Ecuador;Punto de Venta;Cheque;Husky Cuerda 200;Armando Casas;2024-06-03;393300;4;0.0;98325
Grupo Éxito;809765231.0;FV 42566;Peru;Redes Sociales;Tarjeta de Credito;Alivio de mordedura de insectos;Patricia Angarita;2024-06-04;75000;6;14.1;12500
Tiendas Olímpica;901765437.0;FV 41161;Ecuador;Redes Sociales;Tarjeta de Credito;Juego TrailChef Deluxe Cook;Patricia Angarita;2024-02-02;72400;13;5.0;5569
Ara;901001382.0;FV 70373;Panama;Teléfono;Cheque;Lámpara EverGlow;Viviana Cano;2023-06-20;16900;10;0.0;1690
Gessa;901324700.0;FV 44246;Peru;Punto de Venta;Efectivo;Mochila Canyon Mula Weekender;Patricia Angarita;2024-09-25;90350;8;0.0;11294
Gessa;901324700.0;FV 67257;Mexico;Redes Sociales;Transferencia Electronica;Kit de cocina TrailChef;Armando Casas;2023-03-27;22800;6;0.0;3800
Carrefour;900348761.0;FV 72440;Guatemala;Redes Sociales;Transferencia Electronica;Pantaloneta;Hernando Portilla;2023-11-29;54000;3;0.0;18000
Walmart;890342123.0;FV 45689;Colombia;Redes Sociales;Transferencia Electronica;Maletin Adidas;Bernardo Cifuentes;2024-10-10;55000;6;0.0;9167
Grupo Éxito;809765231.0;FV 66336;Colombia;Redes Sociales;Cheque;Lámpara EverGlow;Hernando Portilla;2023-02-18;20050;6;0.0;3342
Walmart;890342123.0;FV 66559;Ecuador;Redes Sociales;Transferencia Electronica;Mountain Man Extreme;Lidia Bueno;2023-02-26;44450;10;0.0;4445
Grupo Éxito;809765231.0;FV 42420;Mexico;Teléfono;Efectivo;Bloqueador solar;Patricia Angarita;2024-06-04;76800;10;6.5;7680
;899453679.0;FV 43131;Panama ;Redes Sociales;Tarjeta de Credito;Alivio de mordedura de insectos;Viviana Cano;2024-06-04;55000;1;0.0;55000
Soriana;901345679.0;FV 66173;Panama;Redes Sociales;Tarjeta de Credito;Termo de Bicicleta;Bernardo Cifuentes;2023-02-10;60300;8;0.0;7538
Walmart;890342123.0;FV 72552;Guatemala;Redes Sociales;Transferencia Electronica;Guayos Nike Cr-122;Hernando Portilla;2023-12-06;54000;3;0.0;18000
Bodega Aurrerá;890457811.0;FV 43757;Colombia;Punto de Venta;Efectivo;Set de Madera Lady Hailstorm Titanium;Bernardo Cifuentes;2024-07-09;77000;6;8.0;12833
Walmart;890342123.0;FV 43017;Mexico;Redes Sociales;Tarjeta de Credito;Balon de Microfutbol Golty;Hernando Portilla;2024-06-04;55000;1;6.4;55000
Automercados Plaza's;891009100.0;FV 69111;Mexico;Punto de Venta;Efectivo;Mochila Canyon Mula Weekender;Patricia Angarita;2023-05-17;90700;6;7.6;15117
Hipermaxi;899453679.0;FV 45177;Honduras;Redes Sociales;Tarjeta de Credito;Juego TrailChef Deluxe Cook;Patricia Angarita;2024-10-10;61250;10;0.0;6125
Grupo Éxito;809765231.0;FV 67118;Panama;Redes Sociales;Tarjeta de Credito;Termo de Bicicleta;Lidia Bueno;2023-03-22;56850;8;0.0;7106
Hipermaxi;899453679.0;FV 46058;Guatemala;Punto de Venta;Efectivo;Set de Madera Lady Hailstorm Titanium;Hernando Portilla;2024-11-01;248750;4;0.0;62188
Super 99;899087237.0;FV 44252;Panama;Punto de Venta;Efectivo;Termo de Bicicleta;Guillermo Benavides;2024-09-25;89650;13;5.9;6896
Carrefour;900348761.0;FV 66929;Ecuador;Redes Sociales;Transferencia Electronica;Termo de Bicicleta;Hernando Portilla;2023-03-14;55000;6;0.0;9167
Tiendas Olímpica;901765437.0;FV 46543;Honduras;Punto de Venta;Efectivo;GPS glaciar;Patricia Angarita;2024-12-20;149150;10;0.0;14915
Super Selectos;901457120.0;FV 40647;Ecuador;Punto de Venta;Efectivo;GPS glaciar;Armando Casas;2024-01-06;154700;8;16.4;19338
Hipermaxi;899453679.0;FV 71498;Nicaragua;Redes Sociales;Transferencia Electronica;Pantaloneta;Hernando Portilla;2023-09-25;29400;6;5.5;4900
Tiendas Olímpica;901765437.0;FV 41266;Peru;Redes Sociales;Tarjeta de Credito;Termo de Bicicleta;Patricia Angarita;2024-03-05;61850;13;0.0;4758
Grupo Éxito;809765231.0;FV 43877;Colombia;Redes Sociales;Efectivo;Gorra Deportiva;Bernardo Cifuentes;2024-07-09;76800;2;0.0;38400
Walmart;890342123.0;FV 42462;Ecuador;Teléfono;Efectivo;Bloqueador solar;Patricia Angarita;2024-06-04;76800;6;0.0;12800
Supermercados Peruanos;896789012.0;FV 66215;Panama;Redes Sociales;Tarjeta de Credito;Loción BugShield;Hernando Portilla;2023-02-12;55000;6;0.0;9167
Tiendas Olímpica;901765437.0;FV 43973;Peru;Redes Sociales;Tarjeta de Credito;Alivio de mordedura de insectos;Guillermo Benavides;2024-07-09;75000;6;6.5;12500
Hipermaxi;899453679.0;FV 45637;Peru;Redes Sociales;Transferencia Electronica;Sudadera Puma;Viviana Cano;2024-10-10;55000;6;0.0;9167
Super 99;899087237.0;FV 69290;Ecuador;Redes Sociales;Cheque;Lámpara EverGlow;Lidia Bueno;2023-05-22;20150;8;0.0;2519
Walmart;890342123.0;FV 46051;Ecuador;Punto de Venta;Efectivo;GPS glaciar;Bernardo Cifuentes;2024-11-01;261800;4;9.5;65450
La Anónima;897564399.0;FV 65485;Peru;Redes Sociales;Transferencia Electronica;Casco de escalada de granito;Lidia Bueno;2023-01-11;24650;10;0.0;2465
Super Selectos;901457120.0;FV 40806;Honduras;Punto de Venta;Efectivo;Mochila Canyon Mula Weekender;Patricia Angarita;2024-01-06;99100;6;0.0;16517
Tiendas Olímpica;901765437.0;FV 40545;Peru;Punto de Venta;Efectivo;GPS glaciar;Patricia Angarita;2024-01-06;275900;4;8.7;68975
Tiendas Olímpica;901765437.0;FV 70930; Honduras;Redes Sociales;Transferencia Electronica;Camiseta Deportiva;Hernando Portilla;2023-07-23;?;6;16.5;4117
Makro;902765200.0;FV 67313;Nicaragua;Redes Sociales;Cheque;Guantes de Arquero Nike;Hernando Portilla;2023-03-30;21600;10;7.7;2160
Walmart;890342123.0;FV 65921;Guatemala;Redes Sociales;Transferencia Electronica;Kit de cocina TrailChef;Lidia Bueno;2023-01-29;27200;8;0.0;3400
Walmart;890342123.0;FV 46875;Nicaragua;Punto de Venta;Efectivo;Set de Madera Lady Hailstorm Titanium;Patricia Angarita;2024-12-20;84200;13;0.0;6477
Ara;901001382.0;FV 67607;Mexico;Teléfono;Cheque;Kit de cocina TrailChef;Viviana Cano;2023-04-09;20650;8;0.0;2581
Bodega Aurrerá;890457811.0;FV 66806;Honduras;Redes Sociales;Cheque;Guantes de Arquero Nike;Hernando Portilla;2023-03-09;10700;6;7.8;1783
;899453679.0;FV 70220;Peru;Punto de Venta;Efectivo;Mochila Canyon Mula Weekender;Patricia Angarita;2023-06-16;147750;6;18.8;24625
Hipermaxi;899453679.0;FV 69743;Panama;APP;Transferencia Electronica;Mountain Man Extreme;Lidia Bueno;2023-06-02;28800;6;17.2;4800
Super 99;899087237.0;FV 44211;Ecuador;APP;Efectivo;Arnés Extremo Husky;Guillermo Benavides;2024-09-25;93850;10;0.0;9385
Walmart;890342123.0;FV 45035;Nicaragua;Redes Sociales;Tarjeta de Credito;Juego TrailChef Deluxe Cook;Lidia Bueno;2024-10-10;73800;8;0.0;9225
Automercados Plaza's;;FV 69651;Colombia;Punto de Venta;Efectivo;Arnés Extremo Husky;Guillermo Benavides;2023-05-31;114100;13;0.0;8777
Bodega Aurrerá;890457811.0;FV 69120;Mexico;Redes Sociales;Tarjeta de Credito;Juego TrailChef Deluxe Cook;Patricia Angarita;2023-05-17;55000;10;0.0;5500
Walmart;890342123.0;FV 68690;Honduras;Redes Sociales;Transferencia Electronica;Kit de cocina TrailChef;Hernando Portilla;2023-05-06;34050;6;0.0;5675
Hipermaxi;899453679.0;FV 70932;Nicaragua;Redes Sociales;Cheque;Lámpara EverGlow;Hernando Portilla;2023-07-24;19950;8;0.0;2494
Walmart;890342123.0;FV 46913;Ecuador;Punto de Venta;Efectivo;Mochila Canyon Mula Weekender;Patricia Angarita;2024-12-20;80450;13;0.0;6188
Bodega Aurrerá;890457811.0;FV 44678;Peru;Redes Sociales;Tarjeta de Credito;Alivio de mordedura de insectos;Hernando Portilla;2024-09-25;75000;2;0.0;37500
Bodega Aurrerá;890457811.0;FV 42435;Panama;Teléfono;Efectivo;Bloqueador solar;Hernando Portilla;2024-06-04;76800;10;0.0;7680
Soriana;901345679.0;FV 65519;Peru;Redes Sociales;Transferencia Electronica;Termo de Bicicleta;Patricia Angarita;2023-01-13;55000;6;0.0;9167
Hipermaxi;899453679.0;FV 66397;Mexico;Redes Sociales;Transferencia Electronica;Mountain Man Extreme;Viviana Cano;2023-02-19;40300;6;7.1;6717
Walmart;890342123.0;FV 44764;Panama;Redes Sociales;Tarjeta de Credito;Juego TrailChef Deluxe Cook;Hernando Portilla;2024-09-25;71100;8;6.6;8888
Tiendas San Francisco;897345600.0;FV 40628;Panama;Punto de Venta;Efectivo;GPS glaciar;Armando Casas;2024-01-06;167100;8;0.0;20888
Grupo Éxito;809765231.0;FV 41954;Guatemala;Punto de Venta;Efectivo;Set de Madera Lady Hailstorm Titanium;Bernardo Cifuentes;2024-06-03;237600;4;0.0;59400
;890342123.0;FV 67492;Panama;Redes Sociales;Transferencia Electronica;Balon de Futbol Adidas;Viviana Cano;2023-04-05;36250;6;0.0;6042
Hipermaxi;899453679.0;FV 45429;Peru;Redes Sociales;Tarjeta de Credito;Juego TrailChef Deluxe Cook;Bernardo Cifuentes;2024-10-10;55000;1;0.0;55000
La Anónima;897564399.0;FV 44128;Guatemala;Punto de Venta;Efectivo;Set de Madera Lady Hailstorm Titanium;Patricia Angarita;2024-09-25;104650;6;0.0;17442
Hipermaxi;899453679.0;FV 43447;Honduras;Punto de Venta;Efectivo;Set de Madera Lady Hailstorm Titanium;Hernando Portilla;2024-08-15;131600;6;0.0;21933
Super Selectos;901457120.0;FV 46502;Panama;Punto de Venta;Efectivo;GPS glaciar;Armando Casas;2024-12-20;170150;13;8.6;13088
Cencosud;901776453.0;FV 42567;Peru;Redes Sociales;Tarjeta de Credito;Alivio de mordedura de insectos;Patricia Angarita;2024-06-04;75000;6;0.0;12500
Cencosud;901776453.0;FV 70921;Ecuador;Redes Sociales;Cheque;Guantes de Arquero Nike;Viviana Cano;2023-07-22;17450;10;0.0;1745
Hipermaxi;899453679.0;FV 43587;Colombia;Punto de Venta;Efectivo;Arnés Extremo Husky;Patricia Angarita;2024-08-15;101450;10;0.0;10145
Tiendas Olímpica;901765437.0;FV 44720;Nicaragua;APP;Tarjeta de Credito;Alivio de mordedura de insectos;Bernardo Cifuentes;2024-09-25;75000;2;5.1;37500
Walmart;890342123.0;FV 45619;panama;Teléfono;Transferencia Electronica;Juego TrailChef Deluxe Cook;Viviana Cano;2024-10-10;55000;6;7.2;9167
La Anónima;897564399.0;FV 70569;Nicaragua;Redes Sociales;Efectivo;Bloqueador solar;Guillermo Benavides;2023-06-25;75000;10;0.0;7500
Walmart;890342123.0;FV 72456;Colombia;Redes Sociales;Cheque;Camiseta Deportiva;Viviana Cano;2023-11-30;54000;3;0.0;18000
Hipermaxi;899453679.0;FV 45267;Peru;Redes Sociales;Tarjeta de Credito;Termo de Bicicleta;Bernardo Cifuentes;2024-10-10;55550;8;0.0;6944
Jumbo;901345871.0;FV 41989;Peru;Punto de Venta;Efectivo;Set de Madera Lady Hailstorm Titanium;Patricia Angarita;2024-06-03;219600;6;8.7;36600
Super 99;899087237.0;FV 71440;Nicaragua;Redes Sociales;Cheque;Guantes de Arquero Nike;Hernando Portilla;2023-09-20;14850;10;0.0;1485
Hipermaxi;899453679.0;FV 43582;Peru;Punto de Venta;Efectivo;Set de Madera Lady Hailstorm Titanium;Hernando Portilla;2024-08-15;102050;6;19.6;17008
Super 99;899087237.0;FV 67954;Guatemala;Punto de Venta;Efectivo;Husky Cuerda 200;Hernando Portilla;2023-04-18;230650;13;0.0;17742
Walmart;890342123.0;FV 46434;Ecuador;Punto de Venta;Efectivo;Mochila Canyon Mula Weekender;Bernardo Cifuentes;2024-12-20;214650;13;0.0;16512
Hipermaxi;899453679.0;FV 68413;Honduras;Redes Sociales;Transferencia Electronica;Juego TrailChef Deluxe Cook;Viviana Cano;2023-04-29;55000;6;0.0;9167
Hipermaxi;899453679.0;FV 71261;Colombia;Redes Sociales;Cheque;Martillo de granito;Lidia Bueno;2023-08-31;14100;10;0.0;1410
Tiendas Olímpica;901765437.0;FV 44381;Peru;Redes Sociales;Efectivo;Bloqueador solar;Patricia Angarita;2024-09-25;76800;10;0.0;7680
Tiendas Olímpica;901765437.0;FV 45304;Colombia;Redes Sociales;Tarjeta de Credito;Juego TrailChef Deluxe Cook;Hernando Portilla;2024-10-10;55000;1;5.1;55000
Bodega Aurrerá;890457811.0;FV 67213;Panama;Redes Sociales;Tarjeta de Credito;Termo de Bicicleta;Bernardo Cifuentes;2023-03-26;59300;10;0.0;5930
Walmart;890342123.0;FV 43736;Colombia;Punto de Venta;Efectivo;Arnés Extremo Husky;Guillermo Benavides;2024-08-15;78700;8;0.0;9838
Super 99;899087237.0;FV 69065;Guatemala;Punto de Venta;Efectivo;Mochila Canyon Mula Weekender;Patricia Angarita;2023-05-16;88800;8;0.0;11100
Tiendas Olímpica;901765437.0;FV 42709;Guatemala;Redes Sociales;Tarjeta de Credito;Termo de Bicicleta;Lidia Bueno;2024-06-04;73750;8;0.0;9219
Carrefour;900348761.0;FV 67487;Ecuador;Redes Sociales;Transferencia Electronica;Kit de cocina TrailChef;Viviana Cano;2023-04-05;48950;13;0.0;3765
La Anónima;897564399.0;FV 71186;Panama;Redes Sociales;Cheque;Guantes de Arquero Nike;Viviana Cano;2023-08-22;12750;6;8.8;2125
Tiendas Olímpica;901765437.0;FV 42404;Ecuador;Teléfono;Efectivo;Bloqueador solar;Patricia Angarita;2024-06-04;76800;10;7.3;7680
Hipermaxi;899453679.0;FV 43293;Peru;Redes Sociales;Transferencia Electronica;Balon de Microfutbol Golty;Viviana Cano;2024-06-04;55000;6;0.0;9167
Hipermaxi;899453679.0;FV 44058;Colombia;Redes Sociales;Tarjeta de Credito;Termo de Bicicleta;Lidia Bueno;2024-07-09;71850;8;0.0;8981
Gessa;901324700.0;FV 41075;Panama;Redes Sociales;Tarjeta de Credito;Alivio de mordedura de insectos;Guillermo Benavides;2024-02-02;75000;6;12.8;12500
Hipermaxi;899453679.0;FV 44846;Honduras;Redes Sociales;Tarjeta de Credito;Termo de Bicicleta;Patricia Angarita;2024-09-25;65200;8;0.0;8150
Walmart;890342123.0;FV 45439;Panama;Redes Sociales;Tarjeta de Credito;Juego TrailChef Deluxe Cook;Lidia Bueno;2024-10-10;55000;1;6.7;55000
La Anónima;897564399.0;FV 70780;Nicaragua;Redes Sociales;Cheque;Guantes de Arquero Nike;Hernando Portilla;2023-07-06;18250;10;17.7;1825
Hipermaxi;899453679.0;FV 67787;Peru;APP;Transferencia Electronica;Batería recargable Firefly;Lidia Bueno;2023-04-13;42800;10;0.0;4280
Automercados Plaza's;891009100.0;FV 68705;Peru;Punto de Venta;Efectivo;GPS glaciar;Patricia Angarita;2023-05-07;101500;8;0.0;12688
Walmart;890342123.0;FV 45038;Mexico;Redes Sociales;Tarjeta de Credito;Termo de Bicicleta;Lidia Bueno;2024-10-10;73500;8;0.0;9188
Walmart;890342123.0;FV 65404;Guatemala;Redes Sociales;Transferencia Electronica;Camiseta Deportiva;Viviana Cano;2023-01-07;24950;8;0.0;3119
Makro;902765200.0;FV 69519;Nicaragua;Redes Sociales;Cheque;Lámpara EverGlow;Viviana Cano;2023-05-28;14800;10;0.0;1480
Cencosud;901776453.0;FV 70972;Honduras;Redes Sociales;Transferencia Electronica;Camiseta Deportiva;Viviana Cano;2023-07-27;24500;6;0.0;4083
Tiendas Olímpica;901765437.0;FV 66273;Panama;Redes Sociales;Transferencia Electronica;Pantaloneta;Lidia Bueno;2023-02-14;?;6;0.0;5208
Super 99;899087237.0;FV 70774;Mexico;Teléfono;Cheque;Guantes de Arquero Nike;Viviana Cano;2023-07-05;16200;6;0.0;2700
;900348761.0;FV 40581;ECUADOR;Punto de Venta;Efectivo;Mochila Canyon Mula Weekender;Bernardo Cifuentes;2024-01-06;217850;13;0.0;16758
Tiendas Olímpica;901765437.0;FV 66087;Panama;Redes Sociales;Transferencia Electronica;Juego TrailChef Deluxe Cook;Hernando Portilla;2023-02-06;55000;6;0.0;9167
Hipermaxi;899453679.0;FV 71701;Honduras;Redes Sociales;Transferencia Electronica;Camiseta Deportiva;Viviana Cano;2023-10-12;23400;1;0.0;23400
Carrefour;900348761.0;FV 67412;Panama;APP;Tarjeta de Credito;Arnés Extremo Husky;Armando Casas;2023-04-03;72250;23;0.0;3141
Supermercados Peruanos;896789012.0;FV 70616;Panama;Redes Sociales;Transferencia Electronica;Mountain Man Extreme;Hernando Portilla;2023-06-26;53800;10;0.0;5380
Super 99;899087237.0;FV 67142;Peru;Redes Sociales;Cheque;Guantes de Arquero Nike;Lidia Bueno;2023-03-23;11950;10;0.0;1195
Tiendas Olímpica;901765437.0;FV 42539;Honduras;Redes Sociales;Efectivo;Bloqueador solar;Hernando Portilla;2024-06-04;75000;6;10.2;12500
Supermercados Peruanos;896789012.0;FV 69867;Panama;Punto de Venta;Efectivo;GPS glaciar;Patricia Angarita;2023-06-06;127750;13;5.6;9827
Hipermaxi;899453679.0;FV 66796;Panama;Redes Sociales;Transferencia Electronica;Gorra Deportiva;Viviana Cano;2023-03-08;43000;2;0.0;21500
Bodega Aurrerá;890457811.0;FV 69297;Ecuador;Punto de Venta;Efectivo;GPS glaciar;Patricia Angarita;2023-05-22;Sin dato;8;0.0;28381
Automercados Plaza's;891009100.0;FV 40531;Ecuador;Punto de Venta;Efectivo;GPS glaciar;Armando Casas;2024-01-06;320900;4;0.0;80225
Hipermaxi;899453679.0;FV 70748;Peru;Redes Sociales;Transferencia Electronica;Kit de cocina TrailChef;Guillermo Benavides;2023-07-02;36350;10;0.0;3635
Tiendas Olímpica;901765437.0;FV 43716;Honduras;Punto de Venta;Efectivo;Termo de Bicicleta;Hernando Portilla;2024-08-15;82250;8;0.0;10281
Walmart;890342123.0;FV 42691;Panama;APP;Tarjeta de Credito;Juego TrailChef Deluxe Cook;Patricia Angarita;2024-06-04;74950;6;0.0;12492
Tiendas Olímpica;901765437.0;FV 67870;Nicaragua;Redes Sociales;Transferencia Electronica;Pantaloneta;Bernardo Cifuentes;2023-04-15;33750;8;0.0;4219
Carrefour;900348761.0;FV 71582;Honduras;Redes Sociales;Transferencia Electronica;Camiseta Deportiva;Viviana Cano;2023-10-06;110186;1;18.8;110186
La Anónima;897564399.0;FV 65743;Panama;Redes Sociales;Cheque;Lámpara EverGlow;Lidia Bueno;2023-01-22;11200;8;0.0;1400
Walmart;890342123.0;FV 45464;PERU;Redes Sociales;Tarjeta de Credito;Alivio de mordedura de insectos;Viviana Cano;2024-10-10;55000;1;9.4;55000
Cencosud;901776453.0;FV 43802;Ecuador;Redes Sociales;Efectivo;Bloqueador solar;Patricia Angarita;2024-07-09;76800;10;0.0;7680
Gessa;901324700.0;FV 40793;Peru;Punto de Venta;Efectivo;Mochila Canyon Mula Weekender;Guillermo Benavides;2024-01-06;102200;6;0.0;17033
Hipermaxi;899453679.0;FV 68353;Colombia;Redes Sociales;Transferencia Electronica;Camiseta Deportiva;Guillermo Benavides;2023-04-27;26100;6;0.0;4350
Walmart;890342123.0;FV 44569;Nicaragua;Redes Sociales;Tarjeta de Credito;Alivio de mordedura de insectos;Guillermo Benavides;2024-09-25;75000;6;8.9;12500
Super 99;899087237.0;FV 69316;Honduras;Redes Sociales;Transferencia Electronica;Kit de cocina TrailChef;Viviana Cano;2023-05-22;22750;13;6.6;1750
Walmart;890342123.0;FV 69995;Honduras;Redes Sociales;Transferencia Electronica;Batería recargable Firefly;Viviana Cano;2023-06-10;45250;23;0.0;1967
Walmart;890342123.0;FV 45451;Honduras;Redes Sociales;Tarjeta de Credito;Juego TrailChef Deluxe Cook;Bernardo Cifuentes;2024-10-10;55000;1;0.0;55000
Walmart;890342123.0;FV 66071;Honduras;Redes Sociales;Transferencia Electronica;Kit de cocina TrailChef;Lidia Bueno;2023-02-05;35400;23;6.8;1539
Gessa;901324700.0;FV 69616;Ecuador;Punto de Venta;Efectivo;Termo de Bicicleta;Guillermo Benavides;2023-05-30;100450;8;11.0;12556
Carrefour;900348761.0;FV 72264;Colombia;Redes Sociales;Transferencia Electronica;Guayos Nike Cr-90;Hernando Portilla;2023-11-18;54000;3;13.5;18000
Tiendas San Francisco;897345600.0;FV 65322;Colombia;Redes Sociales;Cheque;Guantes de Arquero Nike;Lidia Bueno;2023-01-05;17350;10;0.0;1735
Super 99;899087237.0;FV 69758;Panama;Punto de Venta;Efectivo;Mochila Canyon Mula Weekender;Hernando Portilla;2023-06-03;166150;6;0.0;27692
Walmart;;FV 69345;Panama;Redes Sociales;Transferencia Electronica;Kit de cocina TrailChef;Viviana Cano;2023-05-23;42550;23;0.0;1850
Tiendas Olímpica;901765437.0;FV 42830;Ecuador;Redes Sociales;Tarjeta de Credito;Set de Madera Lady Hailstorm Titanium;Lidia Bueno;2024-06-04;63050;23;0.0;2741
Hipermaxi;899453679.0;FV 44719;Nicaragua;Redes Sociales;Tarjeta de Credito;Silvato Arbitro;Bernardo Cifuentes;2024-09-25;75000;2;0.0;37500
Grupo Éxito;809765231.0;FV 47061;Nicaragua;Punto de Venta;Efectivo;Termo de Bicicleta;Guillermo Benavides;2024-12-20;75750;8;0.0;9469
;901345679.0;FV 67851;Honduras;Redes Sociales;Tarjeta de Credito;Termo de Bicicleta;Patricia Angarita;2023-04-15;72400;6;0.0;12067
Tiendas Olímpica;901765437.0;FV 41485;Ecuador;Punto de Venta;Efectivo;GPS glaciar;Patricia Angarita;2024-04-16;235690;4;0.0;58922
Hipermaxi;899453679.0;FV 45359;Nicaragua;Redes Sociales;Tarjeta de Credito;Balon de Microfutbol Golty;Viviana Cano;2024-10-10;55000;1;0.0;55000
Hipermaxi;899453679.0;FV 44027;Peru;Redes Sociales;Tarjeta de Credito;Termo de Bicicleta;Hernando Portilla;2024-07-09;74400;13;6.7;5723
Hipermaxi;899453679.0;FV 71976;Guatemala;Redes Sociales;Cheque;Guayos Nike Cr-58;Lidia Bueno;2023-10-29;65700;2;0.0;32850
Walmart;890342123.0;FV 70319;Panama;Redes Sociales;Transferencia Electronica;Kit de cocina TrailChef;Lidia Bueno;2023-06-18;34150;2;10.0;17075
Automercados Plaza's;891009100.0;FV 71841;Honduras;Redes Sociales;Transferencia Electronica;Guayos Nike Cr-43;Guillermo Benavides;2023-10-21;23400;1;0.0;23400
Ara;901001382.0;FV 41613;Panama;Punto de Venta;Efectivo;Mochila Canyon Mula Weekender;Armando Casas;2024-05-16;176550;8;0.0;22069
Tiendas Olímpica;901765437.0;FV 41047;Colombia;Punto de Venta;Efectivo;Juego TrailChef Deluxe Cook;Patricia Angarita;2024-02-02;75600;8;8.3;9450
Walmart;;FV 43076;Colombia;Redes Sociales;Tarjeta de Credito;Arnés Extremo Husky;Viviana Cano;2024-06-04;55000;1;0.0;55000
Walmart;;FV 45538;Nicaragua;Redes Sociales;Tarjeta de Credito;Set de Madera Lady Hailstorm Titanium;Hernando Portilla;2024-10-10;55000;1;0.0;55000
La Anónima;897564399.0;FV 68706;Honduras ;APP;Efectivo;Mochila Canyon Mula Weekender;Bernardo Cifuentes;2023-05-07;97250;10;0.0;9725
Super 99;899087237.0;FV 71173;Honduras;Redes Sociales;Cheque;Guantes de Arquero Nike;Viviana Cano;2023-08-20;13850;6;18.0;2308
Ara;901001382.0;FV 41703;Honduras;Punto de Venta;Efectivo;Mochila Canyon Mula Weekender;Patricia Angarita;2024-05-16;148200;10;0.0;14820
Tiendas Olímpica;901765437.0;FV 42843;Guatemala;Redes Sociales;Tarjeta de Credito;Arnés Extremo Husky;Lidia Bueno;2024-06-04;61700;6;0.0;10283
Walmart;890342123.0;FV 71816;Colombia;Redes Sociales;Cheque;Camiseta Deportiva;Lidia Bueno;2023-10-19;23400;1;0.0;23400
Tiendas Olímpica;901765437.0;FV 65778;Colombia;Redes Sociales;Transferencia Electronica;Gorra Deportiva;Bernardo Cifuentes;2023-01-23;43000;2;5.4;21500
Tiendas Olímpica;901765437.0;FV 68309;Mexico;Teléfono;Cheque;Lámpara EverGlow;Armando Casas;2023-04-27;12700;10;0.0;1270
Gessa;901324700.0;FV 41435;Panama;Punto de Venta;Efectivo;Husky Cuerda 200;Bernardo Cifuentes;2024-04-16;276400;4;8.3;69100
Carrefour;900348761.0;FV 72022;Colombia;Redes Sociales;Transferencia Electronica;Casco de escalada de granito;Viviana Cano;2023-11-02;65700;2;0.0;32850
Tiendas Olímpica;901765437.0;FV 71250;Guatemala;Redes Sociales;Transferencia Electronica;Camiseta Deportiva;Bernardo Cifuentes;2023-08-29;24300;10;0.0;2430
Carrefour;900348761.0;FV 67256;Honduras;Redes Sociales;Transferencia Electronica;Kit de cocina TrailChef;Lidia Bueno;2023-03-27;22950;8;0.0;2869
Super 99;899087237.0;FV 46813;Ecuador;Punto de Venta;Efectivo;Termo de Bicicleta;Hernando Portilla;2024-12-20;94000;8;0.0;11750
Unimarc;900434592.0;FV 69475;Ecuador;Redes Sociales;Cheque;Mountain Man Extreme;Viviana Cano;2023-05-27;18750;6;9.4;3125
Tiendas Olímpica;901765437.0;FV 42799;Honduras;Redes Sociales;Tarjeta de Credito;Termo de Bicicleta;Lidia Bueno;2024-06-04;65600;10;0.0;6560
Tiendas Olímpica;901765437.0;FV 42782;Nicaragua;Redes Sociales;Tarjeta de Credito;Termo de Bicicleta;Hernando Portilla;2024-06-04;66900;13;0.0;5146
Walmart;890342123.0;FV 66564;Panama;Redes Sociales;Transferencia Electronica;Camiseta Deportiva;Hernando Portilla;2023-02-26;28350;10;0.0;2835
Tiendas San Francisco;897345600.0;FV 40888;Peru;Punto de Venta;Efectivo;Mochila Canyon Mula Weekender;Patricia Angarita;2024-01-06;83250;10;0.0;8325
Cencosud;901776453.0;FV 69783;Ecuador;Redes Sociales;Transferencia Electronica;Mountain Man Extreme;Hernando Portilla;2023-06-03;51600;8;0.0;6450
La Anónima;897564399.0;FV 42348;Guatemala;Punto de Venta;Efectivo;Set de Madera Lady Hailstorm Titanium;Patricia Angarita;2024-06-04;86550;6;0.0;14425
Walmart;890342123.0;FV 43328;Peru;Redes Sociales;Transferencia Electronica;Sudadera Puma;Lidia Bueno;2024-06-04;55000;6;0.0;9167
Hipermaxi;899453679.0;FV 65564;Honduras;Redes Sociales;Transferencia Electronica;Camiseta Deportiva;Lidia Bueno;2023-01-14;26000;10;8.4;2600
Cencosud;901776453.0;FV 68114;Mexico;Teléfono;Cheque;Guantes de Arquero Nike;Lidia Bueno;2023-04-22;15500;10;0.0;1550
Hipermaxi;899453679.0;FV 45276;Colombia;Redes Sociales;Tarjeta de Credito;Arnés Extremo Husky;Lidia Bueno;2024-10-10;55250;8;5.3;6906
Hipermaxi;899453679.0;FV 69537;Peru;Redes Sociales;Tarjeta de Credito;Juego TrailChef Deluxe Cook;Hernando Portilla;2023-05-28;55000;13;8.5;4231
Walmart;890342123.0;FV 42750;Guatemala;Redes Sociales;Tarjeta de Credito;Juego TrailChef Deluxe Cook;Lidia Bueno;2024-06-04;70000;6;0.0;11667
Hipermaxi;899453679.0;FV 71239;Honduras;Redes Sociales;Cheque;Guantes de Arquero Nike;Lidia Bueno;2023-08-28;13800;10;5.0;1380
Walmart;890342123.0;FV 66280;Mexico;Redes Sociales;Tarjeta de Credito;Juego TrailChef Deluxe Cook;Lidia Bueno;2023-02-15;59050;10;5.9;5905
Automercados Plaza's;891009100.0;FV 70264;Guatemala;Punto de Venta;Efectivo;Arnés Extremo Husky;Guillermo Benavides;2023-06-17;93100;8;19.1;11638
Tiendas San Francisco;897345600.0;FV 46382;Ecuador;Punto de Venta;Efectivo;Mochila Canyon Mula Weekender;Guillermo Benavides;2024-12-20;249050;4;11.7;62262
Automercados Plaza's;891009100.0;FV 46701;Peru;Punto de Venta;Efectivo;GPS glaciar;Guillermo Benavides;2024-12-20;107400;13;0.0;8262
Super 99;899087237.0;FV 68819;Peru;Punto de Venta;Efectivo;Termo de Bicicleta;Patricia Angarita;2023-05-10;75400;8;5.8;9425
Tiendas Olímpica;901765437.0;FV 67179;Panama;Redes Sociales;Transferencia Electronica;Pantaloneta;Hernando Portilla;2023-03-24;32500;10;7.1;3250
Walmart;890342123.0;FV 68020;Nicaragua;Redes Sociales;Transferencia Electronica;Guayos Nike Cr-7;Hernando Portilla;2023-04-19;39950;6;6.4;6658
La Anónima;897564399.0;FV 42075;Panama;Punto de Venta;Efectivo;GPS glaciar;Hernando Portilla;2024-06-03;158900;13;0.0;12223
Carrefour;900348761.0;FV 72077;Ecuador;Redes Sociales;Transferencia Electronica;Camiseta Deportiva;Hernando Portilla;2023-11-06;65700;2;0.0;32850
Walmart;890342123.0;FV 68803;Colombia;Redes Sociales;Transferencia Electronica;Gorra Deportiva;Lidia Bueno;2023-05-09;43000;2;0.0;21500
Automercados Plaza's;891009100.0;FV 46857;Guatemala;Punto de Venta;Efectivo;Termo de Bicicleta;Patricia Angarita;2024-12-20;86750;10;0.0;8675
Supermercados Peruanos;896789012.0;FV 67509;Ecuador;Punto de Venta;Efectivo;GPS glaciar;Patricia Angarita;2023-04-06;489700;23;0.0;21291
Grupo Éxito;809765231.0;FV 70118;Ecuador;Redes Sociales;Tarjeta de Credito;Termo de Bicicleta;Lidia Bueno;2023-06-13;56550;10;0.0;5655
Bodega Aurrerá;890457811.0;FV 46876;Panama;Punto de Venta;Efectivo;Termo de Bicicleta;Guillermo Benavides;2024-12-20;83900;8;7.9;10488
Hipermaxi;899453679.0;FV 42443;Guatemala;Redes Sociales;Efectivo;Bloqueador solar;Patricia Angarita;2024-06-04;76800;10;0.0;7680
Gessa;901324700.0;FV 67464;Honduras;Redes Sociales;Transferencia Electronica;Camiseta Deportiva;Hernando Portilla;2023-04-04;24400;10;0.0;2440
Hipermaxi;899453679.0;FV 71447;Honduras;Redes Sociales;Cheque;Guantes de Arquero Nike;Lidia Bueno;2023-09-21;16050;10;0.0;1605
Bodega Aurrerá;890457811.0;FV 43938;Peru;Redes Sociales;Tarjeta de Credito;Alivio de mordedura de insectos;Guillermo Benavides;2024-07-09;75000;6;6.2;12500
Supermercados Peruanos;896789012.0;FV 66316;Honduras;Redes Sociales;Cheque;Guantes de Arquero Nike;Lidia Bueno;2023-02-17;16100;6;16.7;2683
Hipermaxi;899453679.0;FV 65433;Mexico;Redes Sociales;Transferencia Electronica;Sudadera Puma;Lidia Bueno;2023-01-09;55000;6;0.0;9167
Walmart;890342123.0;FV 43592;Colombia;Punto de Venta;Efectivo;Termo de Bicicleta;Patricia Angarita;2024-08-15;100950;8;0.0;12619
Hipermaxi;899453679.0;FV 72493;Nicaragua;Redes Sociales;Transferencia Electronica;Camiseta Deportiva;Bernardo Cifuentes;2023-12-02;54000;3;0.0;18000
Tiendas Olímpica;901765437.0;FV 71210;Ecuador;Redes Sociales;Transferencia Electronica;Guayos Nike Cr-7;Lidia Bueno;2023-08-24;37100;10;0.0;3710
Supermercados Peruanos;896789012.0;FV 70526;Ecuador;Punto de Venta;Efectivo;Husky Cuerda 200;Patricia Angarita;2023-06-24;253450;10;15.7;25345
Tiendas Olímpica;901765437.0;FV 42935;Nicaragua;Redes Sociales;Tarjeta de Credito;Termo de Bicicleta;Patricia Angarita;2024-06-04;55200;8;0.0;6900
Hipermaxi;899453679.0;FV 45155;Mexico;Redes Sociales;Tarjeta de Credito;Juego TrailChef Deluxe Cook;Patricia Angarita;2024-10-10;62900;6;0.0;10483
La Anónima;897564399.0;FV 46284;Mexico;Punto de Venta;Efectivo;GPS glaciar;Patricia Angarita;2024-11-01;127700;23;0.0;5552
Hipermaxi;899453679.0;FV 69472;Mexico;Redes Sociales;Transferencia Electronica;Palo Course Pro;Viviana Cano;2023-05-26;26450;10;17.3;2645
Bodega Aurrerá;890457811.0;FV 67093;Guatemala;Redes Sociales;Cheque;Guantes de Arquero Nike;Viviana Cano;2023-03-21;15700;10;0.0;1570
Tiendas Olímpica;901765437.0;FV 65402;Panama ;Redes Sociales;Transferencia Electronica;Kit de cocina TrailChef;Viviana Cano;2023-01-07;33400;10;6.8;3340
Ara;901001382.0;FV 41283;Mexico;Redes Sociales;Tarjeta de Credito;Termo de Bicicleta;Patricia Angarita;2024-03-05;60450;10;14.3;6045
Hipermaxi;899453679.0;FV 72173;Guatemala;Redes Sociales;Transferencia Electronica;Guantes de Arquero Nike;Lidia Bueno;2023-11-13;65700;2;0.0;32850
;890342123.0;FV 43209;Nicaragua;APP;Tarjeta de Credito;Set de Madera Lady Hailstorm Titanium;Hernando Portilla;2024-06-04;55000;8;0.0;6875
Makro;902765200.0;FV 66987;Mexico;Teléfono;Cheque;Guantes de Arquero Nike;Lidia Bueno;2023-03-17;14200;10;0.0;1420
Gessa;901324700.0;FV 66708;Guatemala;Redes Sociales;Cheque;Lámpara EverGlow;Hernando Portilla;2023-03-05;18500;13;0.0;1423
Hipermaxi;899453679.0;FV 69315;Mexico;Redes Sociales;Transferencia Electronica;Pantaloneta;Bernardo Cifuentes;2023-05-22;30750;8;0.0;3844
Grupo Éxito;809765231.0;FV 67547;Guatemala;Redes Sociales;Tarjeta de Credito;Juego TrailChef Deluxe Cook;Hernando Portilla;2023-04-07;68900;8;0.0;8612
Walmart;890342123.0;FV 43808;Nicaragua;Punto de Venta;Efectivo;Juego TrailChef Deluxe Cook;Hernando Portilla;2024-07-09;76800;8;0.0;9600
Super 99;899087237.0;FV 71453;Mexico;Teléfono;Cheque;Guantes de Arquero Nike;Lidia Bueno;2023-09-22;21700;6;6.5;3617
Hipermaxi;899453679.0;FV 43515;Colombia;Punto de Venta;Efectivo;Mochila Canyon Mula Weekender;Hernando Portilla;2024-08-15;112600;10;0.0;11260
Hipermaxi;899453679.0;FV 42384;Ecuador;Punto de Venta;Efectivo;Termo de Bicicleta;Patricia Angarita;2024-06-04;79800;8;17.2;9975
Carrefour;900348761.0;FV 42465;Colombia;Redes Sociales;Efectivo;Bloqueador solar;Patricia Angarita;2024-06-04;76800;6;18.7;12800
Hipermaxi;899453679.0;FV 66714;Colombia;Redes Sociales;Transferencia Electronica;Sudadera Puma;Hernando Portilla;2023-03-05;55000;6;0.0;9167
Automercados Plaza's;891009100.0;FV 68395;Nicaragua;Redes Sociales;Cheque;Guantes de Arquero Nike;Armando Casas;2023-04-29;12250;8;0.0;1531
Hipermaxi;899453679.0;FV 45663;Ecuador;APP;Transferencia Electronica;Juego TrailChef Deluxe Cook;Hernando Portilla;2024-10-10;55000;6;0.0;9167
Gessa;901324700.0;FV 41699;Panama;Punto de Venta;Efectivo;GPS glaciar;Bernardo Cifuentes;2024-05-16;149400;8;10.7;18675
Gessa;901324700.0;FV 42259;Panama;Punto de Venta;Efectivo;Arnés Extremo Husky;Hernando Portilla;2024-06-04;98200;10;7.2;9820
Gessa;901324700.0;FV 41492;Ecuador;Punto de Venta;Efectivo;Husky Cuerda 200;Bernardo Cifuentes;2024-04-16;235690;4;6.7;58922
Walmart;890342123.0;FV 67669;Peru;Redes Sociales;Transferencia Electronica;Loción BugShield;Lidia Bueno;2023-04-10;43000;10;8.5;4300
Jumbo;901345871.0;FV 70176;Nicaragua;Redes Sociales;Cheque;Lámpara EverGlow;Hernando Portilla;2023-06-15;?;10;0.0;1405
Walmart;890342123.0;FV 45789;Peru;Redes Sociales;Transferencia Electronica;Balon de Microfutbol Golty;Armando Casas;2024-10-10;55000;2;0.0;27500
Carrefour;900348761.0;FV 65704;Ecuador;Redes Sociales;Transferencia Electronica;Mountain Man Extreme;Viviana Cano;2023-01-20;48700;8;9.7;6088
Walmart;890342123.0;FV 45381;Ecuador;Redes Sociales;Tarjeta de Credito;Alivio de mordedura de insectos;Hernando Portilla;2024-10-10;55000;1;0.0;55000
Supermercados Peruanos;896789012.0;FV 44564;Nicaragua;Redes Sociales;Tarjeta de Credito;Alivio de mordedura de insectos;Hernando Portilla;2024-09-25;75000;6;0.0;12500
Supermercados Peruanos;;FV 46965;Mexico;Teléfono;Efectivo;Bloqueador solar;Hernando Portilla;2024-12-20;76800;10;0.0;7680
Carrefour;900348761.0;FV 69227;Panama;Punto de Venta;Efectivo;Mochila Canyon Mula Weekender;Patricia Angarita;2023-05-20;349750;8;0.0;43719
Tiendas Olímpica;901765437.0;FV 41173;Peru;Redes Sociales;Tarjeta de Credito;Set de Madera Lady Hailstorm Titanium;Lidia Bueno;2024-02-02;71600;13;0.0;5508
Walmart;890342123.0;FV 67642;Peru;Redes Sociales;Transferencia Electronica;Bolsa de golf Course Pro;Lidia Bueno;2023-04-09;22950;13;0.0;1765
Super 99;899087237.0;FV 68555;Colombia;Punto de Venta;Efectivo;GPS glaciar;Hernando Portilla;2023-05-03;104850;13;0.0;8065
Hipermaxi;899453679.0;FV 71535;Peru;Redes Sociales;Cheque;Guayos Nike Cr-9;Guillermo Benavides;2023-10-04;48414;1;10.4;48414
Gessa;901324700.0;FV 41348;Guatemala;Redes Sociales;Tarjeta de Credito;Juego TrailChef Deluxe Cook;Hernando Portilla;2024-01-06;56150;10;7.2;5615
Supermercados Peruanos;896789012.0;FV 66993;Colombia;Redes Sociales;Tarjeta de Credito;Juego TrailChef Deluxe Cook;Lidia Bueno;2023-03-17;55000;10;6.5;5500
Ara;901001382.0;FV 66426;Panama;APP;Cheque;Mountain Man Extreme;Lidia Bueno;2023-02-21;14350;10;17.3;1435
Hipermaxi;899453679.0;FV 70785;Honduras;Redes Sociales;Transferencia Electronica;Kit de cocina TrailChef;Viviana Cano;2023-07-06;23150;10;0.0;2315
Soriana;901345679.0;FV 69053;Peru;Redes Sociales;Cheque;Guantes de Arquero Nike;Viviana Cano;2023-05-16;20600;6;8.6;3433
Super 99;899087237.0;FV 46626;Ecuador;Punto de Venta;Efectivo;GPS glaciar;Hernando Portilla;2024-12-20;123000;13;0.0;9462
Super 99;899087237.0;FV 68513;Ecuador;Punto de Venta;Efectivo;GPS glaciar;Armando Casas;2023-05-02;418150;23;0.0;18180
Hipermaxi;;FV 45712;Colombia;Redes Sociales;Transferencia Electronica;Juego TrailChef Deluxe Cook;Lidia Bueno;2024-10-10;55000;6;5.3;9167
Walmart;890342123.0;FV 46146;Honduras;Punto de Venta;Efectivo;Mochila Canyon Mula Weekender;Patricia Angarita;2024-11-01;182850;10;0.0;18285
Tiendas Olímpica;901765437.0;FV 41710;Mexico;Punto de Venta;Efectivo;GPS glaciar;Guillermo Benavides;2024-05-16;147000;13;0.0;11308
Walmart;890342123.0;FV 43334;Panama;Redes Sociales;Transferencia Electronica;Loción BugShield;Viviana Cano;2024-06-04;55000;6;9.7;9167
Hipermaxi;899453679.0;FV 43477;Nicaragua;Punto de Venta;Efectivo;Set de Madera Lady Hailstorm Titanium;Hernando Portilla;2024-08-15;121750;6;15.5;20292
Walmart;890342123.0;FV 68809;Guatemala;Redes Sociales;Transferencia Electronica;Camiseta Deportiva;Hernando Portilla;2023-05-09;791450.0852839437;6;0.0;4600
Bodega Aurrerá;890457811.0;FV 46249;Ecuador;Punto de Venta;Efectivo;GPS glaciar;Guillermo Benavides;2024-11-01;136550;13;12.5;10504
Grupo Éxito;809765231.0;FV 44954;Mexico;Teléfono;Tarjeta de Credito;Alivio de mordedura de insectos;Hernando Portilla;2024-10-10;75000;6;7.7;12500
Walmart;890342123.0;FV 68690;Honduras;Redes Sociales;Transferencia Electronica;Kit de cocina TrailChef;Hernando Portilla;2023-05-06;34050;6;0.0;5675
Walmart;890342123.0;FV 45381;Ecuador;Redes Sociales;Tarjeta de Credito;Alivio de mordedura de insectos;Hernando Portilla;2024-10-10;55000;1;0.0;55000
Hipermaxi;899453679.0;FV 44517;Mexico;Teléfono;Tarjeta de Credito;Alivio de mordedura de insectos;Guillermo Benavides;2024-09-25;75000;6;0.0;12500
Carrefour;900348761.0;FV 71420;Peru;Redes Sociales;Cheque;Guantes de Arquero Nike;Viviana Cano;2023-09-18;11200;2;0.0;5600
Tiendas Olímpica;901765437.0;FV 41056;Ecuador;Teléfono;Efectivo;Termo de Bicicleta;Hernando Portilla;2024-02-02;75000;10;0.0;7500
Tiendas Olímpica;901765437.0;FV 70509;Honduras;Redes Sociales;Transferencia Electronica;Pantaloneta;Bernardo Cifuentes;2023-06-23;33300;6;0.0;5550
Hipermaxi;899453679.0;FV 45928;Panama;Redes Sociales;Transferencia Electronica;Set de Madera Lady Hailstorm Titanium;Lidia Bueno;2024-10-10;51500;6;0.0;8583
Hipermaxi;899453679.0;FV 67205;Panama;Teléfono;Transferencia Electronica;Casco de escalada de granito;Patricia Angarita;2023-03-25;29250;10;0.0;2925
Automercados Plaza's;891009100.0;FV 69530;Peru;APP;Efectivo;Juego TrailChef Deluxe Cook;Armando Casas;2023-05-28;76800;2;0.0;38400
Grupo Éxito;809765231.0;FV 67973;Guatemala;Redes Sociales;Transferencia Electronica;Balon de Microfutbol Golty;Viviana Cano;2023-04-18;55000;2;0.0;27500
Soriana;901345679.0;FV 67199;Mexico;Redes Sociales;Transferencia Electronica;Mountain Man Extreme;Lidia Bueno;2023-03-25;51450;13;0.0;3958
Tiendas Olímpica;901765437.0;FV 44661;Nicaragua;Redes Sociales;Tarjeta de Credito;Alivio de mordedura de insectos;Bernardo Cifuentes;2024-09-25;75000;2;0.0;37500
Walmart;890342123.0;FV 67048;Guatemala;Redes Sociales;Transferencia Electronica;Sudadera Puma;Lidia Bueno;2023-03-19;55000;6;0.0;9167
Gessa;901324700.0;FV 41246;Mexico;Redes Sociales;Tarjeta de Credito;Juego TrailChef Deluxe Cook;Patricia Angarita;2024-03-05;63500;8;5.5;7938
Super Selectos;901457120.0;FV 46310;Ecuador;Punto de Venta;Cheque;GPS glaciar;Guillermo Benavides;2024-12-20;494300;4;7.8;123575
Hipermaxi;899453679.0;FV 45632;Nicaragua;Redes Sociales;Transferencia Electronica;Juego TrailChef Deluxe Cook;Viviana Cano;2024-10-10;55000;6;5.7;9167
La Anónima;897564399.0;FV 69457;Colombia;Redes Sociales;Tarjeta de Credito;Alivio de mordedura de insectos;Bernardo Cifuentes;2023-05-26;75000;2;0.0;37500
Tiendas Olímpica;901765437.0;FV 42764;Honduras;Teléfono;Tarjeta de Credito;Arnés Extremo Husky;Patricia Angarita;2024-06-04;68950;8;0.0;8619
;901765437.0;FV 71004;Mexico;Redes Sociales;Transferencia Electronica;Pantaloneta;Lidia Bueno;2023-07-31;31900;6;0.0;5317
Automercados Plaza's;891009100.0;FV 70068;Panama;Punto de Venta;Efectivo;Termo de Bicicleta;Patricia Angarita;2023-06-12;81450;10;0.0;8145
Ara;901001382.0;FV 41439;Panama;Punto de Venta;Efectivo;Mochila Canyon Mula Weekender;Armando Casas;2024-04-16;272400;4;7.4;68100
Walmart;890342123.0;FV 45796;Colombia;Redes Sociales;Transferencia Electronica;Sudadera Puma;Bernardo Cifuentes;2024-10-10;55000;2;0.0;27500
Walmart;890342123.0;FV 69817;Mexico;Redes Sociales;Transferencia Electronica;Balon de Microfutbol Golty;Bernardo Cifuentes;2023-06-04;55000;6;0.0;9167
Cencosud;901776453.0;FV 68878;Guatemala;Redes Sociales;Cheque;Guantes de Arquero Nike;Viviana Cano;2023-05-12;19150;6;0.0;3192
La Anónima;897564399.0;FV 71247;Panama;Redes Sociales;Cheque;Guantes de Arquero Nike;Viviana Cano;2023-08-29;12050;10;14.1;1205
Super 99;899087237.0;FV 65715;Ecuador;Redes Sociales;Cheque;Bolsa de golf Course Pro;Viviana Cano;2023-01-21;14250;8;0.0;1781
Super 99;899087237.0;FV 68117;Guatemala;Redes Sociales;Cheque;Lámpara EverGlow;Lidia Bueno;2023-04-22;11300;10;0.0;1130
Automercados Plaza's;891009100.0;FV 40670; Ecuador;Punto de Venta;Efectivo;Mochila Canyon Mula Weekender;Armando Casas;2024-01-06;141300;10;0.0;14130
Hipermaxi;899453679.0;FV 44380;Honduras;Redes Sociales;Efectivo;Bloqueador solar;Guillermo Benavides;2024-09-25;76800;10;0.0;7680
Hipermaxi;899453679.0;FV 66857;Mexico;Redes Sociales;Tarjeta de Credito;Termo de Bicicleta;Patricia Angarita;2023-03-11;61150;6;0.0;10192
Hipermaxi;899453679.0;FV 43048;Ecuador;APP;Tarjeta de Credito;Juego TrailChef Deluxe Cook;Bernardo Cifuentes;2024-06-04;55000;1;0.0;55000
Soriana;901345679.0;FV 65554;Panama;Redes Sociales;Transferencia Electronica;Mountain Man Extreme;Hernando Portilla;2023-01-14;52900;13;0.0;4069
La Anónima;897564399.0;FV 67544;Honduras;Punto de Venta;Efectivo;Mochila Canyon Mula Weekender;Hernando Portilla;2023-04-07;92350;10;0.0;9235
Super Selectos;901457120.0;FV 40777;Peru;Punto de Venta;Efectivo;GPS glaciar;Bernardo Cifuentes;2024-01-06;106750;8;0.0;13344
Unimarc;900434592.0;FV 41029;Nicaragua;Redes Sociales;Efectivo;Gorra Deportiva;Patricia Angarita;2024-02-02;76800;2;6.7;38400
Carrefour;900348761.0;FV 67542;Nicaragua;Redes Sociales;Cheque;Guantes de Arquero Nike;Patricia Angarita;2023-04-07;11450;6;0.0;1908
Hipermaxi;899453679.0;FV 45617;Ecuador;APP;Transferencia Electronica;Termo de Bicicleta;Hernando Portilla;2024-10-10;55000;6;7.3;9167
Walmart;890342123.0;FV 46890;Ecuador;Punto de Venta;Efectivo;Termo de Bicicleta;Guillermo Benavides;2024-12-20;82850;8;7.6;10356
Ara;901001382.0;FV 41196;Ecuador;Teléfono;Tarjeta de Credito;Juego TrailChef Deluxe Cook;Lidia Bueno;2024-02-02;68850;6;8.3;11475
Supermercados Peruanos;896789012.0;FV 68926;Ecuador;Punto de Venta;Efectivo;Set de Madera Lady Hailstorm Titanium;Patricia Angarita;2023-05-13;293600;13;0.0;22585
Hipermaxi;899453679.0;FV 45405; Ecuador;Redes Sociales;Tarjeta de Credito;Alivio de mordedura de insectos;Viviana Cano;2024-10-10;55000;1;0.0;55000
Walmart;890342123.0;FV 45415;Peru;Redes Sociales;Tarjeta de Credito;Juego TrailChef Deluxe Cook;Hernando Portilla;2024-10-10;55000;1;0.0;55000
Hipermaxi;899453679.0;FV 44737;Peru;Redes Sociales;Tarjeta de Credito;Arnés Extremo Husky;Lidia Bueno;2024-09-25;74350;10;17.5;7435
Tiendas Olímpica;901765437.0;FV 41290;Honduras;Redes Sociales;Tarjeta de Credito;Juego TrailChef Deluxe Cook;Guillermo Benavides;2024-03-05;59950;6;0.0;9992
Walmart;890342123.0;FV 42683;Colombia;Redes Sociales;Tarjeta de Credito;Silvato Arbitro;Armando Casas;2024-06-04;75000;2;16.9;37500
Automercados Plaza's;891009100.0;FV 69182;nicaragua;Redes Sociales;Cheque;Guantes de Arquero Nike;Lidia Bueno;2023-05-19;12350;10;0.0;1235
Tiendas Olímpica;901765437.0;FV 44050;Panama;APP;Tarjeta de Credito;Juego TrailChef Deluxe Cook;Patricia Angarita;2024-07-09;72550;10;0.0;7255
Hipermaxi;899453679.0;FV 41880;Ecuador;Punto de Venta;Cheque;GPS glaciar;Patricia Angarita;2024-06-03;404700;4;0.0;101175
Carrefour;900348761.0;FV 42371;Panama;Punto de Venta;Efectivo;Mochila Canyon Mula Weekender;Patricia Angarita;2024-06-04;81700;8;9.7;10212
Walmart;890342123.0;FV 71049;Peru ;Redes Sociales;Cheque;Lámpara EverGlow;Lidia Bueno;2023-08-06;16850;10;8.8;1685
Super 99;899087237.0;FV 70999;Mexico;Teléfono;Cheque;Guantes de Arquero Nike;Viviana Cano;2023-07-31;20450;10;0.0;2045
Jumbo;901345871.0;FV 70632;Colombia;Redes Sociales;Cheque;Guantes de Arquero Nike;Bernardo Cifuentes;2023-06-27;19700;8;0.0;2462
Hipermaxi;899453679.0;FV 44312;Mexico;Punto de Venta;Efectivo;Mochila Canyon Mula Weekender;Guillermo Benavides;2024-09-25;83200;8;0.0;10400
Hipermaxi;899453679.0;FV 69045;Panama;Redes Sociales;Transferencia Electronica;Kit de cocina TrailChef;Patricia Angarita;2023-05-15;35750;10;0.0;3575
Cencosud;901776453.0;FV 46329;Panama;Teléfono;Cheque;Mochila Canyon Mula Weekender;Patricia Angarita;2024-12-20;374500;4;7.9;93625
Gessa;901324700.0;FV 40783;Mexico;Punto de Venta;Efectivo;Mochila Canyon Mula Weekender;Guillermo Benavides;2024-01-06;104350;6;0.0;17392
Tiendas Olímpica;901765437.0;FV 70620;Colombia;Redes Sociales;Transferencia Electronica;Mountain Man Extreme;Viviana Cano;2023-06-26;41800;8;0.0;5225
Walmart;890342123.0;FV 45614;Nicaragua;Redes Sociales;Transferencia Electronica;Balon de Microfutbol Golty;Lidia Bueno;2024-10-10;55000;6;0.0;9167
Walmart;890342123.0;FV 45704;Colombia;Redes Sociales;Transferencia Electronica;Guantes de Arquero Nike;Viviana Cano;2024-10-10;55000;6;0.0;9167
La Anónima;897564399.0;FV 70707;Ecuador;Punto de Venta;Efectivo;Husky Cuerda 200;Armando Casas;2023-06-29;224700;13;5.1;17285
Hipermaxi;899453679.0;FV 43504;Nicaragua;Punto de Venta;Efectivo;Set de Madera Lady Hailstorm Titanium;Hernando Portilla;2024-08-15;115950;6;0.0;19325
Gessa;901324700.0;FV 70766;Guatemala;Redes Sociales;Cheque;Guantes de Arquero Nike;Viviana Cano;2023-07-04;12850;6;0.0;2142
Super 99;899087237.0;FV 67622;Colombia;Redes Sociales;Efectivo;Gorra Deportiva;Patricia Angarita;2023-04-09;76800;2;0.0;38400
Hipermaxi;899453679.0;FV 66225;Ecuador;Redes Sociales;Transferencia Electronica;Mountain Man Extreme;Patricia Angarita;2023-02-12;40100;6;0.0;6683
Soriana;901345679.0;FV 44346;Peru;Punto de Venta;Efectivo;Arnés Extremo Husky;Hernando Portilla;2024-09-25;80400;10;0.0;8040
Tiendas Olímpica;901765437.0;FV 67182;Guatemala;Redes Sociales;Cheque;Guantes de Arquero Nike;Patricia Angarita;2023-03-25;16200;6;0.0;2700
Walmart;890342123.0;FV 43775;Colombia;Redes Sociales;Efectivo;Bloqueador solar;Guillermo Benavides;2024-07-09;76800;10;7.5;7680
Walmart;890342123.0;FV 71882;Colombia;Teléfono;Transferencia Electronica;Pantaloneta;Viviana Cano;2023-10-23;65700;1;6.4;65700
Hipermaxi;899453679.0;FV 43611;panama;Punto de Venta;Efectivo;Termo de Bicicleta;Hernando Portilla;2024-08-15;97250;8;5.3;12156
Tiendas San Francisco;897345600.0;FV 71009;Honduras;Redes Sociales;Cheque;Guantes de Arquero Nike;Lidia Bueno;2023-08-01;14950;10;0.0;1495
Supermercados Peruanos;896789012.0;FV 46617;Peru;Punto de Venta;Efectivo;Mochila Canyon Mula Weekender;Hernando Portilla;2024-12-20;125550;10;0.0;12555
Hipermaxi;899453679.0;FV 43518;Peru;Punto de Venta;Efectivo;Arnés Extremo Husky;Patricia Angarita;2024-08-15;112350;8;7.1;14044
Hipermaxi;899453679.0;FV 71211;Panama;Redes Sociales;Transferencia Electronica;Pantaloneta;Lidia Bueno;2023-08-24;33500;10;7.7;3350
Walmart;890342123.0;FV 68652;Honduras;Redes Sociales;Transferencia Electronica;Camiseta Deportiva;Lidia Bueno;2023-05-05;26150;6;0.0;4358
Grupo Éxito;809765231.0;FV 69513;Panama;Teléfono;Transferencia Electronica;Casco de escalada de granito;Hernando Portilla;2023-05-27;24000;10;0.0;2400
Hipermaxi;899453679.0;FV 67162;Panama;Redes Sociales;Cheque;Guantes de Arquero Nike;Bernardo Cifuentes;2023-03-24;11650;6;0.0;1942
Walmart;890342123.0;FV 43574;Panama;Punto de Venta;Efectivo;Mochila Canyon Mula Weekender;Patricia Angarita;2024-08-15;103100;13;0.0;7931
Automercados Plaza's;891009100.0;FV 71083;Panama;Redes Sociales;Cheque;Martillo de granito;Viviana Cano;2023-08-10;18400;8;0.0;2300
Hipermaxi;899453679.0;FV 70979;Panama;Redes Sociales;Transferencia Electronica;Camiseta Deportiva;Viviana Cano;2023-07-28;29100;8;9.0;3638
Tiendas Olímpica;901765437.0;FV 67391;Mexico;Teléfono;Cheque;Lámpara EverGlow;Lidia Bueno;2023-04-03;13800;10;0.0;1380
Hipermaxi;899453679.0;FV 43339;Ecuador;APP;Transferencia Electronica;Juego TrailChef Deluxe Cook;Viviana Cano;2024-06-04;55000;6;16.5;9167
Gessa;901324700.0;FV 69950;Nicaragua;Punto de Venta;Efectivo;GPS glaciar;Hernando Portilla;2023-06-09;123200;10;14.7;12320
Walmart;890342123.0;FV 45314;Mexico;Redes Sociales;Tarjeta de Credito;Alivio de mordedura de insectos;Armando Casas;2024-10-10;55000;1;0.0;55000
Walmart;890342123.0;FV 45585;Mexico;Redes Sociales;Transferencia Electronica;Juego TrailChef Deluxe Cook;Hernando Portilla;2024-10-10;55000;6;0.0;9167
Supermercados Peruanos;896789012.0;FV 69449;Panama;APP;Efectivo;Mochila Canyon Mula Weekender;Patricia Angarita;2023-05-26;183850;8;0.0;22981
Tiendas Olímpica;901765437.0;FV 42020;Panama;Punto de Venta;Efectivo;Set de Madera Lady Hailstorm Titanium;Patricia Angarita;2024-06-03;195050;10;0.0;19505
Walmart;890342123.0;FV 65308;NICARAGUA;APP;Transferencia Electronica;Palo Course Pro;Hernando Portilla;2023-01-04;46500;6;0.0;7750
Walmart;890342123.0;FV 45695;Mexico;Redes Sociales;Transferencia Electronica;Balon de Microfutbol Golty;Lidia Bueno;2024-10-10;55000;6;0.0;9167
Supermercados Peruanos;896789012.0;FV 68394;Mexico;Teléfono;Cheque;Lámpara EverGlow;Hernando Portilla;2023-04-29;14000;10;0.0;1400
Gessa;901324700.0;FV 41039;Ecuador;Punto de Venta;Efectivo;Juego TrailChef Deluxe Cook;Patricia Angarita;2024-02-02;76450;10;0.0;7645
Hipermaxi;899453679.0;FV 71416;Honduras;Redes Sociales;Transferencia Electronica;Palo Course Pro;Patricia Angarita;2023-09-17;29800;6;0.0;4967
Walmart;890342123.0;FV 45183;Peru;Redes Sociales;Tarjeta de Credito;Termo de Bicicleta;Lidia Bueno;2024-10-10;61000;10;0.0;6100
Tiendas Olímpica;901765437.0;FV 44886;Honduras;Redes Sociales;Tarjeta de Credito;Arnés Extremo Husky;Bernardo Cifuentes;2024-09-25;63450;23;13.5;2759
Tiendas Olímpica;901765437.0;FV 41497;Ecuador;Punto de Venta;Efectivo;Mochila Canyon Mula Weekender;Armando Casas;2024-04-16;235690;4;0.0;58922
Hipermaxi;899453679.0;FV 42671;Mexico;Teléfono;Tarjeta de Credito;Gorra Deportiva;Guillermo Benavides;2024-06-04;75000;2;10.1;37500
Supermercados Peruanos;896789012.0;FV 42100;Ecuador;Punto de Venta;Efectivo;GPS glaciar;Patricia Angarita;2024-06-03;N/A;8;0.0;18762
Hipermaxi;899453679.0;FV 44869;Peru;Redes Sociales;Tarjeta de Credito;Termo de Bicicleta;Lidia Bueno;2024-09-25;64150;8;0.0;8019
Walmart;890342123.0;FV 71518;Colombia;Redes Sociales;Transferencia Electronica;Casco de escalada de granito;Guillermo Benavides;2023-09-28;29450;10;0.0;2945
Carrefour;900348761.0;FV 68723;Ecuador;APP;Transferencia Electronica;Juego TrailChef Deluxe Cook;Hernando Portilla;2023-05-07;55000;2;0.0;27500
Super 99;899087237.0;FV 42252;Nicaragua;Punto de Venta;Efectivo;Termo de Bicicleta;Guillermo Benavides;2024-06-04;99550;13;0.0;7658
Bodega Aurrerá;890457811.0;FV 67510;Ecuador;Punto de Venta;Efectivo;Set de Madera Lady Hailstorm Titanium;Armando Casas;2023-04-06;488250;10;0.0;48825
Supermercados Peruanos;896789012.0;FV 67049;Ecuador ;Redes Sociales;Transferencia Electronica;Maletin Adidas;Viviana Cano;2023-03-19;55000;6;0.0;9167
Walmart;890342123.0;FV 71761;Mexico;Redes Sociales;Transferencia Electronica;Casco de escalada de granito;Viviana Cano;2023-10-16;23400;1;0.0;23400
Automercados Plaza's;891009100.0;FV 42299;Peru;Punto de Venta;Efectivo;Mochila Canyon Mula Weekender;Patricia Angarita;2024-06-04;93150;8;18.6;11644
Hipermaxi;899453679.0;FV 66849;Ecuador;Redes Sociales;Cheque;Bolsa de golf Course Pro;Bernardo Cifuentes;2023-03-11;20650;10;0.0;2065
Gessa;901324700.0;FV 41456;Ecuador;Punto de Venta;Efectivo;Set de Madera Lady Hailstorm Titanium;Bernardo Cifuentes;2024-04-16;257000;4;0.0;64250
Soriana;901345679.0;FV 70123;Peru;Redes Sociales;Transferencia Electronica;Sudadera Puma;Armando Casas;2023-06-13;55000;2;0.0;27500
Hipermaxi;899453679.0;FV 71284;Nicaragua;Redes Sociales;Transferencia Electronica;Casco de escalada de granito;Hernando Portilla;2023-09-02;28450;10;16.4;2845
Bodega Aurrerá;890457811.0;FV 42448;Honduras;Redes Sociales;Efectivo;Bloqueador solar;Patricia Angarita;2024-06-04;76800;10;0.0;7680
Automercados Plaza's;891009100.0;FV 46226;Ecuador;Punto de Venta;Efectivo;GPS glaciar;Patricia Angarita;2024-11-01;143500;13;0.0;11038
Tiendas Olímpica;901765437.0;FV 41719;Ecuador;Punto de Venta;Efectivo;Set de Madera Lady Hailstorm Titanium;Bernardo Cifuentes;2024-05-16;145350;6;0.0;24225
Supermercados Peruanos;896789012.0;FV 40732;Panama;Punto de Venta;Efectivo;GPS glaciar;Guillermo Benavides;2024-01-06;117250;13;0.0;9019
Tiendas Olímpica;;FV 42705;Peru;Redes Sociales;Tarjeta de Credito;Termo de Bicicleta;Patricia Angarita;2024-06-04;74150;6;14.5;12358
Unimarc;900434592.0;FV 40719;Peru;Punto de Venta;Efectivo;Mochila Canyon Mula Weekender;Guillermo Benavides;2024-01-06;119900;6;0.0;19983
Soriana;901345679.0;FV 68676;Nicaragua;Redes Sociales;Tarjeta de Credito;Termo de Bicicleta;Patricia Angarita;2023-05-06;65600;10;0.0;6560
Tiendas Olímpica;901765437.0;FV 44472;Ecuador;Redes Sociales;Efectivo;Bloqueador solar;Patricia Angarita;2024-09-25;75000;10;14.0;7500
Hipermaxi;899453679.0;FV 65624;Nicaragua;Redes Sociales;Tarjeta de Credito;Juego TrailChef Deluxe Cook;Hernando Portilla;2023-01-17;55000;6;0.0;9167
Hipermaxi;899453679.0;FV 42540;Peru;Redes Sociales;Efectivo;Bloqueador solar;Armando Casas;2024-06-04;75000;6;18.9;12500
Carrefour;900348761.0;FV 68518;Guatemala;Punto de Venta;Efectivo;Set de Madera Lady Hailstorm Titanium;Patricia Angarita;2023-05-02;192400;10;0.0;19240
Hipermaxi;899453679.0;FV 65419;Peru;Redes Sociales;Transferencia Electronica;Kit de cocina TrailChef;Lidia Bueno;2023-01-08;N/A;6;8.7;7658
La Anónima;897564399.0;FV 66642;Nicaragua;Redes Sociales;Cheque;Guantes de Arquero Nike;Viviana Cano;2023-03-02;11650;6;0.0;1942
;901765437.0;FV 42177;Panama;Punto de Venta;Efectivo;GPS glaciar;Patricia Angarita;2024-06-04;117000;13;8.3;9000
Ara;901001382.0;FV 41014;Nicaragua;Redes Sociales;Efectivo;Gorra Deportiva;Patricia Angarita;2024-02-02;76800;2;9.9;38400
Tiendas Olímpica;901765437.0;FV 69789;Honduras;Redes Sociales;Transferencia Electronica;Kit de alivio compacto;Viviana Cano;2023-06-03;43000;6;0.0;7167
Walmart;890342123.0;FV 69995;Honduras;Redes Sociales;Transferencia Electronica;Batería recargable Firefly;Viviana Cano;2023-06-10;45250;23;0.0;1967
La Anónima;897564399.0;FV 68929;Peru;Punto de Venta;Efectivo;GPS glaciar;Hernando Portilla;2023-05-13;157900;13;18.9;12146
Gessa;901324700.0;FV 41186;Ecuador;Redes Sociales;Tarjeta de Credito;Juego TrailChef Deluxe Cook;Patricia Angarita;2024-02-02;70750;23;0.0;3076
Automercados Plaza's;891009100.0;FV 44237;Panama;Punto de Venta;Efectivo;Mochila Canyon Mula Weekender;Guillermo Benavides;2024-09-25;91100;13;0.0;7008
Hipermaxi;899453679.0;FV 67945;Honduras;Redes Sociales;Transferencia Electronica;Kit de cocina TrailChef;Bernardo Cifuentes;2023-04-17;25650;13;0.0;1973
Soriana;901345679.0;FV 66148;Nicaragua;Redes Sociales;Cheque;Guantes de Arquero Nike;Viviana Cano;2023-02-09;17050;6;6.3;2842
Walmart;890342123.0;FV 72386;Colombia;Redes Sociales;Cheque;Pantaloneta;Lidia Bueno;2023-11-25;54000;3;0.0;18000
La Anónima;897564399.0;FV 41951;Ecuador;Teléfono;Efectivo;Mochila Canyon Mula Weekender;Armando Casas;2024-06-03;245100;4;0.0;61275
Soriana;901345679.0;FV 68943;Peru;Redes Sociales;Tarjeta de Credito;Termo de Bicicleta;Patricia Angarita;2023-05-13;64200;6;0.0;10700
Super 99;899087237.0;FV 68070;Panama;Redes Sociales;Cheque;Guantes de Arquero Nike;Lidia Bueno;2023-04-21;11300;6;5.3;1883
La Anónima;897564399.0;FV 43635;Mexico;Punto de Venta;Efectivo;Mochila Canyon Mula Weekender;Bernardo Cifuentes;2024-08-15;94050;6;7.8;15675
Tiendas Olímpica;901765437.0;FV 45126;Honduras;Redes Sociales;Tarjeta de Credito;Set de Madera Lady Hailstorm Titanium;Hernando Portilla;2024-10-10;65200;10;0.0;6520
Automercados Plaza's;891009100.0;FV 70028;Honduras;Redes Sociales;Efectivo;Juego TrailChef Deluxe Cook;Patricia Angarita;2023-06-11;75000;10;0.0;7500
Hipermaxi;899453679.0;FV 66752;Colombia;Redes Sociales;Transferencia Electronica;Kit de cocina TrailChef;Bernardo Cifuentes;2023-03-06;29000;10;0.0;2900
La Anónima;897564399.0;FV 69688;Colombia;Redes Sociales;Efectivo;Gorra Deportiva;Patricia Angarita;2023-06-01;76800;6;8.8;12800
Walmart;890342123.0;FV 42599;Ecuador;Redes Sociales;Tarjeta de Credito;Alivio de mordedura de insectos;Hernando Portilla;2024-06-04;75000;6;8.9;12500
Bodega Aurrerá;890457811.0;FV 43741;Guatemala;Punto de Venta;Efectivo;Set de Madera Lady Hailstorm Titanium;Guillermo Benavides;2024-08-15;77900;6;0.0;12983
Walmart;890342123.0;FV 70964;Honduras;Redes Sociales;Transferencia Electronica;Kit de cocina TrailChef;Lidia Bueno;2023-07-26;25050;8;19.2;3131
Tiendas Olímpica;901765437.0;FV 71195;Ecuador;Redes Sociales;Transferencia Electronica;Casco de escalada de granito;Viviana Cano;2023-08-23;30450;13;0.0;2342
Soriana;901345679.0;FV 71900;Colombia;Redes Sociales;Transferencia Electronica;Pantaloneta;Hernando Portilla;2023-10-24;65700;1;0.0;65700
Walmart;890342123.0;FV 43619;Panama;Punto de Venta;Efectivo;Set de Madera Lady Hailstorm Titanium;Patricia Angarita;2024-08-15;96150;6;18.7;16025
Automercados Plaza's;891009100.0;FV 43645;Peru;Punto de Venta;Efectivo;Set de Madera Lady Hailstorm Titanium;Patricia Angarita;2024-08-15;92300;8;9.2;11538
Tiendas Olímpica;901765437.0;FV 69506;Colombia;APP;Transferencia Electronica;Mountain Man Extreme;Bernardo Cifuentes;2023-05-27;40600;13;0.0;3123
Tiendas Olímpica;901765437.0;FV 41521;Peru;Punto de Venta;Efectivo;Set de Madera Lady Hailstorm Titanium;Armando Casas;2024-05-16;231300;10;5.2;23130
Supermercados Peruanos;896789012.0;FV 68639;Mexico;Redes Sociales;Tarjeta de Credito;Arnés Extremo Husky;Lidia Bueno;2023-05-05;63500;8;0.0;7938
Hipermaxi;899453679.0;FV 65286;Peru;Redes Sociales;Transferencia Electronica;Batería recargable Firefly;Lidia Bueno;2023-01-03;42400;10;12.3;4240
Jumbo;901345871.0;FV 41881;Ecuador;Punto de Venta;Cheque;GPS glaciar;Armando Casas;2024-06-03;396900;4;0.0;99225
Hipermaxi;899453679.0;FV 45698;Peru;Redes Sociales;Transferencia Electronica;Sudadera Puma;Viviana Cano;2024-10-10;55000;6;0.0;9167
La Anónima;897564399.0;FV 43648;Honduras;Punto de Venta;Efectivo;Set de Madera Lady Hailstorm Titanium;Hernando Portilla;2024-08-15;91950;6;0.0;15325
Bodega Aurrerá;890457811.0;FV 71077;Panama;Redes Sociales;Cheque;Guantes de Arquero Nike;Bernardo Cifuentes;2023-08-09;15850;6;0.0;2642
Gessa;901324700.0;FV 69027;Panama;Punto de Venta;Efectivo;Termo de Bicicleta;Patricia Angarita;2023-05-15;93950;13;0.0;7227
Hipermaxi;899453679.0;FV 71635;Mexico;Redes Sociales;Cheque;Casco de escalada de granito;Hernando Portilla;2023-10-09;179843;1;0.0;179843
Hipermaxi;899453679.0;FV 68837;Guatemala;Redes Sociales;Transferencia Electronica;Camiseta Deportiva;Hernando Portilla;2023-05-10;26800;10;0.0;2680
Hipermaxi;899453679.0;FV 45476;Panama;Teléfono;Tarjeta de Credito;Loción BugShield;Patricia Angarita;2024-10-10;55000;1;8.3;55000
Cencosud;901776453.0;FV 70080;Colombia;Redes Sociales;Transferencia Electronica;Juego TrailChef Deluxe Cook;Viviana Cano;2023-06-12;55000;6;5.4;9167
Supermercados Peruanos;896789012.0;FV 69485;Ecuador;Punto de Venta;Efectivo;GPS glaciar;Patricia Angarita;2023-05-27;325200;8;0.0;40650
Tiendas Olímpica;901765437.0;FV 65728;Nicaragua;Redes Sociales;Transferencia Electronica;Batería recargable Firefly;Lidia Bueno;2023-01-21;45800;23;0.0;1991
Hipermaxi;899453679.0;FV 45357;Nicaragua;Redes Sociales;Tarjeta de Credito;Juego TrailChef Deluxe Cook;Viviana Cano;2024-10-10;55000;1;6.8;55000
Hipermaxi;;FV 45778;Panama;Teléfono;Transferencia Electronica;Termo de Bicicleta;Viviana Cano;2024-10-10;55000;6;0.0;9167
Hipermaxi;899453679.0;FV 45515;Peru;Redes Sociales;Tarjeta de Credito;Juego TrailChef Deluxe Cook;Viviana Cano;2024-10-10;55000;1;0.0;55000
Tiendas Olímpica;;FV 68377;Panama;Redes Sociales;Transferencia Electronica;Balon de Microfutbol Golty;Lidia Bueno;2023-04-28;55000;6;10.7;9167
Super 99;899087237.0;FV 43630;Guatemala;Punto de Venta;Efectivo;Set de Madera Lady Hailstorm Titanium;Armando Casas;2024-08-15;94600;6;0.0;15767
Walmart;890342123.0;FV 65706;Peru;Redes Sociales;Transferencia Electronica;Kit de cocina TrailChef;Hernando Portilla;2023-01-20;46600;10;16.7;4660
Hipermaxi;899453679.0;FV 40530;Ecuador;Punto de Venta;Efectivo;Set de Madera Lady Hailstorm Titanium;Armando Casas;2024-01-06;322050;4;0.0;80512
Hipermaxi;899453679.0;FV 70089;Nicaragua;Redes Sociales;Transferencia Electronica;Kit de cocina TrailChef;Viviana Cano;2023-06-12;42500;13;0.0;3269
Hipermaxi;899453679.0;FV 45238;Honduras;Redes Sociales;Tarjeta de Credito;Juego TrailChef Deluxe Cook;Patricia Angarita;2024-10-10;57300;10;0.0;5730
Carrefour;900348761.0;FV 65814;Guatemala;Redes Sociales;Tarjeta de Credito;Loción BugShield;Lidia Bueno;2023-01-25;55000;8;9.2;6875
Cencosud;901776453.0;FV 66178;Panama;Redes Sociales;Transferencia Electronica;Mountain Man Extreme;Viviana Cano;2023-02-10;50150;10;7.4;5015
Ara;901001382.0;FV 41814;Colombia;Punto de Venta;Efectivo;GPS glaciar;Guillermo Benavides;2024-05-16;121500;10;0.0;12150
Tiendas San Francisco;897345600.0;FV 41924;Ecuador;Punto de Venta;Efectivo;Mochila Canyon Mula Weekender;Patricia Angarita;2024-06-03;285000;4;7.1;71250
Walmart;890342123.0;FV 45936;Peru;Redes Sociales;Transferencia Electronica;Kit de cocina TrailChef;Armando Casas;2024-10-10;51000;10;0.0;5100
Hipermaxi;899453679.0;FV 45552;honduras;APP;Tarjeta de Credito;Loción BugShield;Lidia Bueno;2024-10-10;55000;6;0.0;9167
Soriana;901345679.0;FV 43951;Panama;Redes Sociales;Tarjeta de Credito;Alivio de mordedura de insectos;Guillermo Benavides;2024-07-09;75000;6;0.0;12500
Automercados Plaza's;891009100.0;FV 43642;Mexico;Punto de Venta;Efectivo;Set de Madera Lady Hailstorm Titanium;Guillermo Benavides;2024-08-15;93000;6;5.1;15500
Hipermaxi;899453679.0;FV 42202;Nicaragua;Punto de Venta;Efectivo;GPS glaciar;Guillermo Benavides;2024-06-04;110750;10;0.0;11075
Hipermaxi;899453679.0;FV 43600;Panama;Punto de Venta;Efectivo;Termo de Bicicleta;Guillermo Benavides;2024-08-15;99350;13;0.0;7642
Automercados Plaza's;891009100.0;FV 67963;Colombia;Punto de Venta;Efectivo;Termo de Bicicleta;Patricia Angarita;2023-04-18;77550;8;0.0;9694
Walmart;890342123.0;FV 71561;Honduras;Teléfono;Transferencia Electronica;Guantes de Arquero Nike;Lidia Bueno;2023-10-05;82586;1;0.0;82586
Tiendas Olímpica;901765437.0;FV 42981;Colombia;Redes Sociales;Tarjeta de Credito;Termo de Bicicleta;Armando Casas;2024-06-04;55000;1;18.8;55000
;901324700.0;FV 41504;Ecuador;Punto de Venta;Efectivo;Mochila Canyon Mula Weekender;Armando Casas;2024-04-16;235690;4;0.0;58922
Supermercados Peruanos;896789012.0;FV 69792;Honduras;Redes Sociales;Cheque;Guantes de Arquero Nike;Viviana Cano;2023-06-04;21250;6;0.0;3542
Gessa;901324700.0;FV 70746;Panama;Redes Sociales;Cheque;Bolsa de golf Course Pro;Hernando Portilla;2023-07-02;15350;6;0.0;2558
Hipermaxi;899453679.0;FV 45101;Nicaragua;Redes Sociales;Tarjeta de Credito;Set de Madera Lady Hailstorm Titanium;Patricia Angarita;2024-10-10;67500;6;9.3;11250
Gessa;901324700.0;FV 44256;Nicaragua;Punto de Venta;Efectivo;Termo de Bicicleta;Patricia Angarita;2024-09-25;89500;13;9.2;6885
Hipermaxi;899453679.0;FV 45688;Mexico;Redes Sociales;Transferencia Electronica;Sudadera Puma;Viviana Cano;2024-10-10;55000;6;0.0;9167
Grupo Éxito;809765231.0;FV 66001;Honduras;Redes Sociales;Tarjeta de Credito;Juego TrailChef Deluxe Cook;Hernando Portilla;2023-02-02;55000;10;0.0;5500
Supermercados Peruanos;896789012.0;FV 68974;Ecuador;Punto de Venta;Efectivo;Mochila Canyon Mula Weekender;Armando Casas;2023-05-14;165850;13;0.0;12758
Automercados Plaza's;891009100.0;FV 40940;Guatemala;Redes Sociales;Efectivo;Bloqueador solar;Patricia Angarita;2024-02-02;76800;10;0.0;7680
Cencosud;901776453.0;FV 67606;Nicaragua;Redes Sociales;Cheque;Guantes de Arquero Nike;Lidia Bueno;2023-04-09;20750;6;17.6;3458
Hipermaxi;899453679.0;FV 45295;Peru;Redes Sociales;Tarjeta de Credito;Juego TrailChef Deluxe Cook;Hernando Portilla;2024-10-10;55000;13;0.0;4231
Automercados Plaza's;891009100.0;FV 68403;Panama;APP;Efectivo;Mochila Canyon Mula Weekender;Patricia Angarita;2023-04-29;99700;6;0.0;16617
Ara;901001382.0;FV 66986;Ecuador;Redes Sociales;Cheque;Mountain Man Extreme;Lidia Bueno;2023-03-17;16000;10;0.0;1600
Super 99;899087237.0;FV 46380;Ecuador;Punto de Venta;Efectivo;GPS glaciar;Patricia Angarita;2024-12-20;251800;4;19.4;62950
Carrefour;900348761.0;FV 65413;Ecuador;Redes Sociales;Tarjeta de Credito;Loción BugShield;Viviana Cano;2023-01-08;55000;8;0.0;6875
Bodega Aurrerá;890457811.0;FV 47076;Peru;Redes Sociales;Efectivo;Bloqueador solar;Patricia Angarita;2024-12-20;75000;10;5.1;7500
Tiendas Olímpica;901765437.0;FV 65456;Peru;Redes Sociales;Transferencia Electronica;Mountain Man Extreme;Lidia Bueno;2023-01-10;42750;10;0.0;4275
Tiendas Olímpica;901765437.0;FV 42458;Peru;Punto de Venta;Efectivo;Juego TrailChef Deluxe Cook;Guillermo Benavides;2024-06-04;76800;6;8.9;12800
Carrefour;;FV 46490;Panama;Punto de Venta;Efectivo;GPS glaciar;Hernando Portilla;2024-12-20;180550;13;0.0;13888
Hipermaxi;899453679.0;FV 44987; Honduras;APP;Tarjeta de Credito;Alivio de mordedura de insectos;Patricia Angarita;2024-10-10;75000;6;0.0;12500
Tiendas Olímpica;901765437.0;FV 65261;Mexico;Redes Sociales;Tarjeta de Credito;Set de Madera Lady Hailstorm Titanium;Hernando Portilla;2023-01-02;55000;8;17.1;6875
Walmart;890342123.0;FV 45816;Honduras;Redes Sociales;Transferencia Electronica;Guantes de Arquero Nike;Bernardo Cifuentes;2024-10-10;55000;2;0.0;27500
Bodega Aurrerá;890457811.0;FV 66097;Ecuador;Redes Sociales;Cheque;Lámpara EverGlow;Viviana Cano;2023-02-07;16200;8;0.0;2025
Hipermaxi;899453679.0;FV 45652;Mexico;Redes Sociales;Transferencia Electronica;Sudadera Puma;Lidia Bueno;2024-10-10;55000;6;0.0;9167
Gessa;901324700.0;FV 44185;Peru;Punto de Venta;Efectivo;Termo de Bicicleta;Patricia Angarita;2024-09-25;97150;8;9.6;12144
Ara;901001382.0;FV 67330;Colombia;Redes Sociales;Cheque;Guantes de Arquero Nike;Lidia Bueno;2023-03-31;18350;10;6.0;1835
Gessa;901324700.0;FV 69569;Honduras;Punto de Venta;Efectivo;Mochila Canyon Mula Weekender;Guillermo Benavides;2023-05-29;84850;6;0.0;14142
Cencosud;901776453.0;FV 44654;nicaragua;Redes Sociales;Tarjeta de Credito;Alivio de mordedura de insectos;Guillermo Benavides;2024-09-25;75000;2;0.0;37500
Hipermaxi;899453679.0;FV 43437;Mexico;Punto de Venta;Efectivo;GPS glaciar;Patricia Angarita;2024-08-15;133550;13;0.0;10273
Walmart;890342123.0;FV 45355;Nicaragua;Redes Sociales;Tarjeta de Credito;Juego TrailChef Deluxe Cook;Viviana Cano;2024-10-10;55000;1;0.0;55000
La Anónima;897564399.0;FV 69717;Mexico;Punto de Venta;Efectivo;GPS glaciar;Hernando Portilla;2023-06-02;257450;23;7.4;11193
Walmart;890342123.0;FV 45921;Guatemala;Redes Sociales;Transferencia Electronica;Arnés Extremo Husky;Hernando Portilla;2024-10-10;51700;8;7.3;6462
Tiendas Olímpica;901765437.0;FV 42545;Panama;Redes Sociales;Efectivo;Alivio de mordedura de insectos;Bernardo Cifuentes;2024-06-04;75000;6;0.0;12500
La Anónima;897564399.0;FV 68440;Peru;Punto de Venta;Efectivo;Juego TrailChef Deluxe Cook;Hernando Portilla;2023-04-30;75550;8;0.0;9444
Gessa;901324700.0;FV 71158;Colombia;Redes Sociales;Cheque;Guantes de Arquero Nike;Bernardo Cifuentes;2023-08-18;12050;10;0.0;1205
Hipermaxi;899453679.0;FV 42792;Ecuador;Redes Sociales;Tarjeta de Credito;Termo de Bicicleta;Hernando Portilla;2024-06-04;65950;10;0.0;6595
Walmart;890342123.0;FV 70687;Colombia;Redes Sociales;Tarjeta de Credito;Set de Madera Lady Hailstorm Titanium;Patricia Angarita;2023-06-28;70700;10;0.0;7070
Tiendas Olímpica;901765437.0;FV 41500;Ecuador;Punto de Venta;Efectivo;Set de Madera Lady Hailstorm Titanium;Hernando Portilla;2024-04-16;235690;4;13.9;58922
Bodega Aurrerá;890457811.0;FV 70583;Panama;APP;Transferencia Electronica;Termo de Bicicleta;Lidia Bueno;2023-06-25;55000;6;0.0;9167
Gessa;901324700.0;FV 41369;Ecuador;Punto de Venta;Cheque;GPS glaciar;Armando Casas;2024-04-16;424950;4;0.0;106238
Gessa;901324700.0;FV 40633;Ecuador;Punto de Venta;Efectivo;GPS glaciar;Armando Casas;2024-01-06;161750;8;0.0;20219
Grupo Éxito;809765231.0;FV 68984;Colombia;Redes Sociales;Tarjeta de Credito;Termo de Bicicleta;Bernardo Cifuentes;2023-05-14;72550;8;0.0;9069
Tiendas Olímpica;901765437.0;FV 71135;Panama;Redes Sociales;Transferencia Electronica;Pantaloneta;Viviana Cano;2023-08-15;30800;6;5.5;5133
Carrefour;900348761.0;FV 44454;Colombia;Redes Sociales;Efectivo;Gorra Deportiva;Hernando Portilla;2024-09-25;76800;2;8.9;38400
Walmart;890342123.0;FV 45465;Panama;Redes Sociales;Tarjeta de Credito;Alivio de mordedura de insectos;Lidia Bueno;2024-10-10;55000;1;0.0;55000
Walmart;890342123.0;FV 66947;ecuador;Redes Sociales;Tarjeta de Credito;Termo de Bicicleta;Bernardo Cifuentes;2023-03-15;58700;8;14.9;7338
Hipermaxi;899453679.0;FV 71916;Ecuador;Redes Sociales;Cheque;Camiseta Deportiva;Viviana Cano;2023-10-25;65700;2;0.0;32850
Walmart;890342123.0;FV 45196;Nicaragua;Redes Sociales;Tarjeta de Credito;Juego TrailChef Deluxe Cook;Armando Casas;2024-10-10;59800;10;0.0;5980
La Anónima;897564399.0;FV 67583;Panama;Teléfono;Tarjeta de Credito;Alivio de mordedura de insectos;Bernardo Cifuentes;2023-04-08;75000;6;8.5;12500
Supermercados Peruanos;896789012.0;FV 69462;Guatemala;Redes Sociales;Transferencia Electronica;Sudadera Puma;Lidia Bueno;2023-05-26;55000;6;7.5;9167
Hipermaxi;899453679.0;FV 42854;Panama;Redes Sociales;Tarjeta de Credito;Termo de Bicicleta;Lidia Bueno;2024-06-04;60750;8;0.0;7594
Hipermaxi;899453679.0;FV 71798;Colombia;Redes Sociales;Transferencia Electronica;Camiseta Deportiva;Hernando Portilla;2023-10-19;23400;1;0.0;23400
Walmart;890342123.0;FV 45971;Honduras;Redes Sociales;Transferencia Electronica;Arnés Extremo Husky;Viviana Cano;2024-10-10;49250;10;0.0;4925
La Anónima;897564399.0;FV 68607;Ecuador;Punto de Venta;Efectivo;Termo de Bicicleta;Patricia Angarita;2023-05-04;90250;8;5.2;11281
Hipermaxi;899453679.0;FV 41974;Panama;Punto de Venta;Efectivo;Mochila Canyon Mula Weekender;Hernando Portilla;2024-06-03;235690;4;18.7;58922
Soriana;901345679.0;FV 44670;Peru;Redes Sociales;Tarjeta de Credito;Alivio de mordedura de insectos;Bernardo Cifuentes;2024-09-25;75000;2;5.2;37500
Gessa;901324700.0;FV 67770;COLOMBIA;Redes Sociales;Tarjeta de Credito;Alivio de mordedura de insectos;Bernardo Cifuentes;2023-04-13;75000;6;0.0;12500
Super 99;899087237.0;FV 70684;Colombia;Redes Sociales;Tarjeta de Credito;Alivio de mordedura de insectos;Patricia Angarita;2023-06-28;?;6;5.8;12500
Soriana;901345679.0;FV 44496;Ecuador;APP;Efectivo;Bloqueador solar;Hernando Portilla;2024-09-25;75000;6;0.0;12500
Bodega Aurrerá;890457811.0;FV 66442;Guatemala;Redes Sociales;Transferencia Electronica;Arnés Extremo Husky;Viviana Cano;2023-02-21;53600;13;17.5;4123
Bodega Aurrerá;890457811.0;FV 66476;Panama;Redes Sociales;Cheque;Lámpara EverGlow;Hernando Portilla;2023-02-23;18550;8;5.6;2319
Supermercados Peruanos;;FV 67853;Nicaragua;Redes Sociales;Tarjeta de Credito;Alivio de mordedura de insectos;Armando Casas;2023-04-15;55000;10;0.0;5500
Hipermaxi;899453679.0;FV 66617;Honduras;Redes Sociales;Transferencia Electronica;Camiseta Deportiva;Patricia Angarita;2023-02-28;27100;10;7.8;2710
Supermercados Peruanos;896789012.0;FV 68490;Guatemala;Redes Sociales;Transferencia Electronica;Loción BugShield;Lidia Bueno;2023-05-01;55000;6;0.0;9167
Gessa;901324700.0;FV 41237;Panama;Redes Sociales;Tarjeta de Credito;Termo de Bicicleta;Lidia Bueno;2024-03-05;64950;10;0.0;6495
Hipermaxi;899453679.0;FV 70045;Mexico;Redes Sociales;Transferencia Electronica;Palo Course Pro;Bernardo Cifuentes;2023-06-11;48550;10;0.0;4855
;899087237.0;FV 44100;Ecuador;Punto de Venta;Efectivo;Set de Madera Lady Hailstorm Titanium;Guillermo Benavides;2024-09-25;109800;6;0.0;18300
Soriana;901345679.0;FV 72120;Colombia;Redes Sociales;Transferencia Electronica;Guayos Nike Cr-74;Viviana Cano;2023-11-09;65700;2;0.0;32850
Walmart;890342123.0;FV 67906;Ecuador;APP;Transferencia Electronica;Kit de cocina TrailChef;Patricia Angarita;2023-04-16;31500;6;0.0;5250
Ara;901001382.0;FV 41595;Honduras;Punto de Venta;Efectivo;Mochila Canyon Mula Weekender;Armando Casas;2024-05-16;186100;10;0.0;18610
Tiendas Olímpica;901765437.0;FV 70062;Ecuador;Punto de Venta;Efectivo;GPS glaciar;Armando Casas;2023-06-12;205000;23;7.6;8913
Walmart;890342123.0;FV 44713;Peru;Redes Sociales;Tarjeta de Credito;Set de Madera Lady Hailstorm Titanium;Guillermo Benavides;2024-09-25;75000;2;0.0;37500
Gessa;901324700.0;FV 41303;Peru;Redes Sociales;Tarjeta de Credito;Set de Madera Lady Hailstorm Titanium;Lidia Bueno;2024-03-05;59350;6;18.3;9892
Cencosud;901776453.0;FV 43785;Panama;Punto de Venta;Efectivo;Bloqueador solar;Patricia Angarita;2024-07-09;76800;10;0.0;7680
Ara;901001382.0;FV 41268;Peru;Redes Sociales;Tarjeta de Credito;Juego TrailChef Deluxe Cook;Lidia Bueno;2024-03-05;61700;10;0.0;6170
Carrefour;900348761.0;FV 72352;Honduras;Redes Sociales;Transferencia Electronica;Guantes de Arquero Nike;Lidia Bueno;2023-11-24;54000;3;0.0;18000
Hipermaxi;899453679.0;FV 46645;Ecuador;Punto de Venta;Efectivo;Mochila Canyon Mula Weekender;Guillermo Benavides;2024-12-20;119000;13;0.0;9154
Walmart;890342123.0;FV 45765;Mexico;Redes Sociales;Transferencia Electronica;Balon de Microfutbol Golty;Bernardo Cifuentes;2024-10-10;55000;6;0.0;9167
Supermercados Peruanos;896789012.0;FV 42547;Ecuador;Punto de Venta;Tarjeta de Credito;Alivio de mordedura de insectos;Bernardo Cifuentes;2024-06-04;75000;6;19.2;12500
Tiendas Olímpica;901765437.0;FV 69170;Guatemala;Redes Sociales;Transferencia Electronica;Loción BugShield;Viviana Cano;2023-05-18;43000;10;0.0;4300
Carrefour;900348761.0;FV 70223;Peru;Punto de Venta;Efectivo;GPS glaciar;Guillermo Benavides;2023-06-16;137350;13;0.0;10565
Gessa;901324700.0;FV 41516;Ecuador;Punto de Venta;Efectivo;Mochila Canyon Mula Weekender;Bernardo Cifuentes;2024-05-16;234000;10;5.2;23400
La Anónima;897564399.0;FV 70458;Nicaragua;Punto de Venta;Efectivo;Set de Madera Lady Hailstorm Titanium;Patricia Angarita;2023-06-22;96600;6;0.0;16100
Gessa;901324700.0;FV 41678;Ecuador;Punto de Venta;Efectivo;GPS glaciar;Armando Casas;2024-05-16;156750;23;5.1;6815
;901324700.0;FV 70567;Colombia ;Redes Sociales;Efectivo;Gorra Deportiva;Patricia Angarita;2023-06-25;76800;2;0.0;38400
Tiendas Olímpica;901765437.0;FV 71241;Colombia;Redes Sociales;Transferencia Electronica;Balon de Futbol Adidas;Viviana Cano;2023-08-28;36050;10;0.0;3605
Tiendas Olímpica;901765437.0;FV 68260;Panama;Redes Sociales;Transferencia Electronica;Balon de Futbol Adidas;Patricia Angarita;2023-04-25;35900;13;9.2;2762
Walmart;;FV 70816;Nicaragua;Redes Sociales;Transferencia Electronica;Pantaloneta;Bernardo Cifuentes;2023-07-10;30400;10;0.0;3040
Gessa;901324700.0;FV 41036;Mexico;Punto de Venta;Efectivo;Set de Madera Lady Hailstorm Titanium;Bernardo Cifuentes;2024-02-02;76700;6;0.0;12783
Automercados Plaza's;891009100.0;FV 69270;Nicaragua;Punto de Venta;Efectivo;Mochila Canyon Mula Weekender;Patricia Angarita;2023-05-21;78200;10;6.4;7820
Tiendas Olímpica;901765437.0;FV 45111;Peru;Redes Sociales;Tarjeta de Credito;Termo de Bicicleta;Patricia Angarita;2024-10-10;66500;13;0.0;5115
La Anónima;897564399.0;FV 67731;Ecuador;Punto de Venta;Efectivo;GPS glaciar;Patricia Angarita;2023-04-12;185400;13;8.1;14262
Gessa;901324700.0;FV 41342;Guatemala;Redes Sociales;Tarjeta de Credito;Set de Madera Lady Hailstorm Titanium;Lidia Bueno;2024-03-05;56600;6;0.0;9433
Hipermaxi;899453679.0;FV 45912;Ecuador;Redes Sociales;Transferencia Electronica;Kit de cocina TrailChef;Hernando Portilla;2024-10-10;52250;10;0.0;5225
Bodega Aurrerá;890457811.0;FV 46357;Panama;Punto de Venta;Efectivo;GPS glaciar;Armando Casas;2024-12-20;281650;4;0.0;70412
Grupo Éxito;809765231.0;FV 65722;Honduras;Redes Sociales;Transferencia Electronica;Sudadera Puma;Viviana Cano;2023-01-21;55000;2;8.9;27500
Hipermaxi;899453679.0;FV 45918;Guatemala;Redes Sociales;Transferencia Electronica;Mountain Man Extreme;Armando Casas;2024-10-10;52100;8;0.0;6512
Grupo Éxito;809765231.0;FV 67936;Peru;Redes Sociales;Tarjeta de Credito;Juego TrailChef Deluxe Cook;Viviana Cano;2023-04-17;55000;8;0.0;6875
Walmart;890342123.0;FV 45825;Nicaragua;Redes Sociales;Transferencia Electronica;Sudadera Puma;Bernardo Cifuentes;2024-10-10;55000;2;17.0;27500
Walmart;890342123.0;FV 44850;Ecuador;Redes Sociales;Tarjeta de Credito;Termo de Bicicleta;Bernardo Cifuentes;2024-09-25;65100;8;7.7;8138
Walmart;890342123.0;FV 44870;Ecuador;Redes Sociales;Tarjeta de Credito;Set de Madera Lady Hailstorm Titanium;Lidia Bueno;2024-09-25;64100;23;0.0;2787
Carrefour;900348761.0;FV 71516;Guatemala;Redes Sociales;Cheque;Guantes de Arquero Nike;Hernando Portilla;2023-09-28;15650;6;0.0;2608
Tiendas Olímpica;901765437.0;FV 44046;panama;Redes Sociales;Tarjeta de Credito;Termo de Bicicleta;Patricia Angarita;2024-07-09;72850;13;0.0;5604
Tiendas Olímpica;901765437.0;FV 67660;PANAMA;APP;Tarjeta de Credito;Termo de Bicicleta;Lidia Bueno;2023-04-10;55900;8;0.0;6988
Hipermaxi;899453679.0;FV 71336;Peru;Redes Sociales;Transferencia Electronica;Pantaloneta;Viviana Cano;2023-09-08;30050;6;0.0;5008
Hipermaxi;899453679.0;FV 71036;Mexico;Redes Sociales;Transferencia Electronica;Casco de escalada de granito;Viviana Cano;2023-08-04;31700;10;0.0;3170
Tiendas Olímpica;901765437.0;FV 41224;Panama;Redes Sociales;Tarjeta de Credito;Set de Madera Lady Hailstorm Titanium;Patricia Angarita;2024-03-05;66050;10;0.0;6605
;897564399.0;FV 43636;Guatemala;Punto de Venta;Efectivo;Termo de Bicicleta;Patricia Angarita;2024-08-15;93950;10;0.0;9395
Walmart;890342123.0;FV 43180;Ecuador;Redes Sociales;Tarjeta de Credito;Juego TrailChef Deluxe Cook;Lidia Bueno;2024-06-04;55000;1;0.0;55000
Gessa;901324700.0;FV 44099;Honduras;Punto de Venta;Efectivo;Set de Madera Lady Hailstorm Titanium;Hernando Portilla;2024-09-25;109850;6;0.0;18308
Walmart;890342123.0;FV 71106;Guatemala;Redes Sociales;Transferencia Electronica;Kit de cocina TrailChef;Hernando Portilla;2023-08-12;32550;8;0.0;4069
Bodega Aurrerá;890457811.0;FV 69873;Honduras;Redes Sociales;Transferencia Electronica;Loción BugShield;Viviana Cano;2023-06-06;55000;6;5.9;9167
Hipermaxi;899453679.0;FV 71531;Ecuador;Redes Sociales;Transferencia Electronica;Pantaloneta;Viviana Cano;2023-10-03;43157;10;6.9;4316
Grupo Éxito;809765231.0;FV 68214;Ecuador;Redes Sociales;Tarjeta de Credito;Juego TrailChef Deluxe Cook;Bernardo Cifuentes;2023-04-24;65150;13;6.2;5012
Walmart;890342123.0;FV 68877;Peru;Redes Sociales;Transferencia Electronica;Kit de cocina TrailChef;Hernando Portilla;2023-05-11;22350;6;0.0;3725
Walmart;;FV 43143;Panama;Redes Sociales;Tarjeta de Credito;Loción BugShield;Lidia Bueno;2024-06-04;55000;1;0.0;55000
Carrefour;900348761.0;FV 72011;Peru;Redes Sociales;Transferencia Electronica;Guantes de Arquero Nike;Guillermo Benavides;2023-11-01;65700;2;0.0;32850
Carrefour;900348761.0;FV 69162;Guatemala;Redes Sociales;Transferencia Electronica;Juego TrailChef Deluxe Cook;Lidia Bueno;2023-05-18;55000;6;0.0;9167
Soriana;901345679.0;FV 71155;Guatemala;Redes Sociales;Cheque;Kit de cocina TrailChef;Lidia Bueno;2023-08-18;21250;8;0.0;2656
La Anónima;897564399.0;FV 46292;Nicaragua;Punto de Venta;Efectivo;Mochila Canyon Mula Weekender;Bernardo Cifuentes;2024-11-01;125800;10;0.0;12580
Walmart;890342123.0;FV 68583;Panama;Redes Sociales;Transferencia Electronica;Camiseta Deportiva;Viviana Cano;2023-05-03;28100;6;0.0;4683
Walmart;890342123.0;FV 43950;Nicaragua;Punto de Venta;Tarjeta de Credito;Alivio de mordedura de insectos;Patricia Angarita;2024-07-09;75000;6;19.8;12500
Gessa;901324700.0;FV 40763;Panama;Punto de Venta;Efectivo;Set de Madera Lady Hailstorm Titanium;Patricia Angarita;2024-01-06;110000;6;0.0;18333
Walmart;890342123.0;FV 69289;Colombia;Redes Sociales;Cheque;Lámpara EverGlow;Viviana Cano;2023-05-22;20200;8;10.3;2525
Walmart;890342123.0;FV 69594;Peru;Redes Sociales;Transferencia Electronica;Pantaloneta;Viviana Cano;2023-05-29;31100;8;8.3;3888
Soriana;901345679.0;FV 69963;Nicaragua;Redes Sociales;Tarjeta de Credito;Juego TrailChef Deluxe Cook;Lidia Bueno;2023-06-09;55000;8;0.0;6875
La Anónima;897564399.0;FV 41951;Ecuador;Teléfono;Efectivo;Mochila Canyon Mula Weekender;Armando Casas;2024-06-03;245100;4;0.0;61275
Tiendas Olímpica;901765437.0;FV 41317;Mexico;Redes Sociales;Tarjeta de Credito;Termo de Bicicleta;Lidia Bueno;2024-03-05;58100;13;0.0;4469
Ara;901001382.0;FV 41316;peru;Redes Sociales;Tarjeta de Credito;Juego TrailChef Deluxe Cook;Patricia Angarita;2024-03-05;58150;13;0.0;4473
Tiendas San Francisco;897345600.0;FV 40768;Ecuador;Punto de Venta;Efectivo;GPS glaciar;Patricia Angarita;2024-01-06;109200;10;8.6;10920
Bodega Aurrerá;890457811.0;FV 68869;Mexico;Redes Sociales;Transferencia Electronica;Balon de Microfutbol Golty;Viviana Cano;2023-05-11;55000;2;0.0;27500
Grupo Éxito;809765231.0;FV 70055;Ecuador;Redes Sociales;Cheque;Mountain Man Extreme;Lidia Bueno;2023-06-12;18900;10;0.0;1890
Super 99;899087237.0;FV 70186;Peru;Punto de Venta;Efectivo;Mochila Canyon Mula Weekender;Patricia Angarita;2023-06-15;95500;10;0.0;9550
Tiendas Olímpica;901765437.0;FV 71422;Panama;Redes Sociales;Transferencia Electronica;Guayos Nike Cr-7;Viviana Cano;2023-09-18;38950;10;0.0;3895
Super 99;899087237.0;FV 71398;Mexico;Redes Sociales;Transferencia Electronica;Camiseta Deportiva;Lidia Bueno;2023-09-15;23600;10;0.0;2360
Walmart;890342123.0;FV 45022;Guatemala;Redes Sociales;Tarjeta de Credito;Silvato Arbitro;Guillermo Benavides;2024-10-10;75000;2;5.2;37500
La Anónima;897564399.0;FV 70372;Ecuador;Redes Sociales;Cheque;Lámpara EverGlow;Viviana Cano;2023-06-20;17300;6;0.0;2883
Hipermaxi;899453679.0;FV 42050;Ecuador;Punto de Venta;Efectivo;GPS glaciar;Armando Casas;2024-06-03;Pendiente;23;0.0;7491
Tiendas Olímpica;901765437.0;FV 69048;Ecuador;Redes Sociales;Transferencia Electronica;Kit de cocina TrailChef;Hernando Portilla;2023-05-15;32200;13;0.0;2477
Hipermaxi;899453679.0;FV 68216;Mexico;Redes Sociales;Tarjeta de Credito;Set de Madera Lady Hailstorm Titanium;Viviana Cano;2023-04-24;55000;8;0.0;6875
Soriana;901345679.0;FV 43863;Peru;Redes Sociales;Efectivo;Gorra Deportiva;Bernardo Cifuentes;2024-07-09;76800;2;0.0;38400
Hipermaxi;899453679.0;FV 43572;Panama;Teléfono;Efectivo;GPS glaciar;Patricia Angarita;2024-08-15;103250;23;0.0;4489
Tiendas Olímpica;901765437.0;FV 41167;Peru;Redes Sociales;Tarjeta de Credito;Termo de Bicicleta;Hernando Portilla;2024-02-02;72150;8;5.9;9019
Grupo Éxito;809765231.0;FV 70752;Panama;Teléfono;Transferencia Electronica;Casco de escalada de granito;Hernando Portilla;2023-07-02;22500;10;6.0;2250
Hipermaxi;899453679.0;FV 42730;PERU;Redes Sociales;Tarjeta de Credito;Arnés Extremo Husky;Patricia Angarita;2024-06-04;72150;8;0.0;9019
La Anónima;897564399.0;FV 44265;Honduras;Punto de Venta;Efectivo;Mochila Canyon Mula Weekender;Patricia Angarita;2024-09-25;88600;10;6.3;8860
Super 99;899087237.0;FV 69293;Nicaragua;Redes Sociales;Cheque;Mountain Man Extreme;Lidia Bueno;2023-05-22;14400;6;7.0;2400
Hipermaxi;899453679.0;FV 69344;Mexico;Redes Sociales;Transferencia Electronica;Loción BugShield;Hernando Portilla;2023-05-23;43000;10;9.1;4300
Jumbo;901345871.0;FV 41942;Ecuador;Punto de Venta;Efectivo;Mochila Canyon Mula Weekender;Armando Casas;2024-06-03;256650;4;0.0;64162
Tiendas Olímpica;901765437.0;FV 66158;Guatemala;Redes Sociales;Transferencia Electronica;Set de Madera Lady Hailstorm Titanium;Patricia Angarita;2023-02-09;55000;2;0.0;27500
Carrefour;900348761.0;FV 46551;Honduras;Punto de Venta;Efectivo;Set de Madera Lady Hailstorm Titanium;Bernardo Cifuentes;2024-12-20;145950;6;15.5;24325
Walmart;890342123.0;FV 43044;Nicaragua;Redes Sociales;Tarjeta de Credito;Juego TrailChef Deluxe Cook;Lidia Bueno;2024-06-04;55000;1;0.0;55000
Tiendas Olímpica;901765437.0;FV 42849;Ecuador;Redes Sociales;Tarjeta de Credito;Arnés Extremo Husky;Lidia Bueno;2024-06-04;61150;8;0.0;7644
Hipermaxi;899453679.0;FV 72172;Guatemala;Teléfono;Transferencia Electronica;Guantes de Arquero Nike;Hernando Portilla;2023-11-13;65700;2;0.0;32850
Super 99;899087237.0;FV 46763;Ecuador;Punto de Venta;Efectivo;Arnés Extremo Husky;Hernando Portilla;2024-12-20;99400;23;14.5;4322
Tiendas Olímpica;901765437.0;FV 45251;Panama;Redes Sociales;Tarjeta de Credito;Termo de Bicicleta;Armando Casas;2024-10-10;56750;13;10.0;4365
Hipermaxi;899453679.0;FV 70995;Peru;Redes Sociales;Transferencia Electronica;Pantaloneta;Viviana Cano;2023-07-30;29800;10;7.7;2980
Walmart;890342123.0;FV 45925; Ecuador;Redes Sociales;Transferencia Electronica;Kit de cocina TrailChef;Bernardo Cifuentes;2024-10-10;51500;13;0.0;3962
;901001382.0;FV 41412;Ecuador ;Punto de Venta;Efectivo;Set de Madera Lady Hailstorm Titanium;Bernardo Cifuentes;2024-04-16;311650;4;0.0;77912
Super 99;899087237.0;FV 68070;Panama;Redes Sociales;Cheque;Guantes de Arquero Nike;Lidia Bueno;2023-04-21;11300;6;5.3;1883
Bodega Aurrerá;890457811.0;FV 70035;Honduras;Redes Sociales;Tarjeta de Credito;Juego TrailChef Deluxe Cook;Patricia Angarita;2023-06-11;56650;8;0.0;7081
Automercados Plaza's;891009100.0;FV 40550;Ecuador;Punto de Venta;Efectivo;Mochila Canyon Mula Weekender;Patricia Angarita;2024-01-06;253150;4;7.9;63288
Hipermaxi;899453679.0;FV 69743;Panama;APP;Transferencia Electronica;Mountain Man Extreme;Lidia Bueno;2023-06-02;28800;6;17.2;4800
Cencosud;901776453.0;FV 46936;Mexico;Punto de Venta;Efectivo;Termo de Bicicleta;Guillermo Benavides;2024-12-20;78350;8;7.8;9794
Supermercados Peruanos;896789012.0;FV 46194;Peru;Punto de Venta;Efectivo;Husky Cuerda 200;Patricia Angarita;2024-11-01;155450;13;0.0;11958
;901765437.0;FV 65312;Mexico;Redes Sociales;Transferencia Electronica;Palo Course Pro;Viviana Cano;2023-01-04;39400;6;0.0;6567
Carrefour;900348761.0;FV 46657;Peru;Punto de Venta;Efectivo;GPS glaciar;Patricia Angarita;2024-12-20;117100;13;7.3;9008
Supermercados Peruanos;896789012.0;FV 44389;Ecuador;Redes Sociales;Efectivo;Bloqueador solar;Patricia Angarita;2024-09-25;76800;10;0.0;7680
Hipermaxi;899453679.0;FV 71971;Mexico;Redes Sociales;Transferencia Electronica;Camiseta Deportiva;Viviana Cano;2023-10-29;65700;2;19.1;32850
La Anónima;897564399.0;FV 68894;Mexico;Teléfono;Tarjeta de Credito;Alivio de mordedura de insectos;Guillermo Benavides;2023-05-12;75000;2;9.9;37500
Walmart;890342123.0;FV 43226;Panama;Redes Sociales;Tarjeta de Credito;Maletin Adidas;Hernando Portilla;2024-06-04;55000;6;0.0;9167
Super Selectos;901457120.0;FV 40666;Ecuador;Punto de Venta;Efectivo;Mochila Canyon Mula Weekender;Patricia Angarita;2024-01-06;142800;10;0.0;14280
Bodega Aurrerá;890457811.0;FV 66433;Ecuador;Redes Sociales;Tarjeta de Credito;Termo de Bicicleta;Patricia Angarita;2023-02-21;57800;10;0.0;5780
Walmart;890342123.0;FV 70535;Nicaragua;Redes Sociales;Tarjeta de Credito;Juego TrailChef Deluxe Cook;Patricia Angarita;2023-06-24;60850;6;9.0;10142
Walmart;890342123.0;FV 44748;Ecuador;Redes Sociales;Tarjeta de Credito;Termo de Bicicleta;Patricia Angarita;2024-09-25;73400;8;17.3;9175
Hipermaxi;899453679.0;FV 66532;Honduras;Redes Sociales;Transferencia Electronica;Juego TrailChef Deluxe Cook;Lidia Bueno;2023-02-25;55000;6;0.0;9167
Super 99;899087237.0;FV 44152;Ecuador;Punto de Venta;Efectivo;GPS glaciar;Hernando Portilla;2024-09-25;102400;13;9.0;7877
Automercados Plaza's;891009100.0;FV 44206;Peru;Punto de Venta;Efectivo;Mochila Canyon Mula Weekender;Patricia Angarita;2024-09-25;94300;8;10.0;11788
Carrefour;900348761.0;FV 67837;Guatemala;Redes Sociales;Cheque;Guantes de Arquero Nike;Guillermo Benavides;2023-04-15;10950;10;0.0;1095
Tiendas Olímpica;901765437.0;FV 44611;Peru;Redes Sociales;Tarjeta de Credito;Alivio de mordedura de insectos;Guillermo Benavides;2024-09-25;75000;2;0.0;37500
Super Selectos;901457120.0;FV 40786;Panama;Punto de Venta;Efectivo;Set de Madera Lady Hailstorm Titanium;Guillermo Benavides;2024-01-06;103850;6;5.1;17308
Hipermaxi;899453679.0;FV 45142;Ecuador;Redes Sociales;Tarjeta de Credito;Juego TrailChef Deluxe Cook;Patricia Angarita;2024-10-10;64000;13;7.5;4923
Tiendas Olímpica;901765437.0;FV 65991;Panama;Redes Sociales;Transferencia Electronica;Kit de cocina TrailChef;Lidia Bueno;2023-02-01;36150;8;0.0;4519
Hipermaxi;899453679.0;FV 43012;Colombia;Redes Sociales;Tarjeta de Credito;Guantes de Arquero Nike;Lidia Bueno;2024-06-04;55000;1;0.0;55000
Walmart;890342123.0;FV 44072;HONDURAS;Redes Sociales;Tarjeta de Credito;Termo de Bicicleta;Patricia Angarita;2024-07-09;70550;13;0.0;5427
Cencosud;901776453.0;FV 44478;Guatemala;Redes Sociales;Efectivo;Bloqueador solar;Patricia Angarita;2024-09-25;75000;10;0.0;7500
Bodega Aurrerá;890457811.0;FV 67269;Guatemala;Redes Sociales;Tarjeta de Credito;Juego TrailChef Deluxe Cook;Bernardo Cifuentes;2023-03-28;55000;13;8.6;4231
Tiendas Olímpica;901765437.0;FV 46614;Guatemala;Punto de Venta;Efectivo;Mochila Canyon Mula Weekender;Hernando Portilla;2024-12-20;126300;10;0.0;12630
Supermercados Peruanos;896789012.0;FV 66386;Colombia;Redes Sociales;Transferencia Electronica;Sudadera Puma;Viviana Cano;2023-02-19;55000;6;13.2;9167
Bodega Aurrerá;890457811.0;FV 66735;Nicaragua;Redes Sociales;Cheque;Guantes de Arquero Nike;Patricia Angarita;2023-03-06;13400;2;0.0;6700
Walmart;890342123.0;FV 66137;Ecuador;Redes Sociales;Transferencia Electronica;Kit de cocina TrailChef;Hernando Portilla;2023-02-08;41950;8;0.0;5244
;899453679.0;FV 67214; Panama;Redes Sociales;Tarjeta de Credito;Termo de Bicicleta;Hernando Portilla;2023-03-26;57250;8;0.0;7156
;809765231.0;FV 67244;Colombia;Redes Sociales;Tarjeta de Credito;Juego TrailChef Deluxe Cook;Armando Casas;2023-03-27;55000;6;6.5;9167
Soriana;901345679.0;FV 68493;Mexico;Redes Sociales;Transferencia Electronica;Gorra Deportiva;Lidia Bueno;2023-05-01;55000;2;0.0;27500
Hipermaxi;899453679.0;FV 67002;Peru;Redes Sociales;Transferencia Electronica;Mountain Man Extreme;Patricia Angarita;2023-03-17;42150;10;0.0;4215
Grupo Éxito;809765231.0;FV 69730;Honduras;Redes Sociales;Tarjeta de Credito;Juego TrailChef Deluxe Cook;Patricia Angarita;2023-06-02;62000;10;0.0;6200
La Anónima;897564399.0;FV 70592;Peru;Redes Sociales;Transferencia Electronica;Camiseta Deportiva;Viviana Cano;2023-06-25;24450;6;0.0;4075
Bodega Aurrerá;890457811.0;FV 67190;Ecuador;Redes Sociales;Tarjeta de Credito;Loción BugShield;Lidia Bueno;2023-03-25;55000;8;6.0;6875
Hipermaxi;899453679.0;FV 69091;Peru;Redes Sociales;Transferencia Electronica;Camiseta Deportiva;Lidia Bueno;2023-05-16;25400;6;0.0;4233
Gessa;901324700.0;FV 40823;Panama;Punto de Venta;Efectivo;Termo de Bicicleta;Patricia Angarita;2024-01-06;95050;13;0.0;7312
Hipermaxi;899453679.0;FV 70731;Colombia;Redes Sociales;Transferencia Electronica;Balon de Microfutbol Golty;Patricia Angarita;2023-06-29;55000;6;0.0;9167
Tiendas Olímpica;901765437.0;FV 41563;Peru;Punto de Venta;Efectivo;Husky Cuerda 200;Armando Casas;2024-05-16;203350;13;8.7;15642
Supermercados Peruanos;896789012.0;FV 71233;Nicaragua;Redes Sociales;Cheque;Guantes de Arquero Nike;Viviana Cano;2023-08-27;12350;8;0.0;1544
Hipermaxi;899453679.0;FV 67710;Colombia;Redes Sociales;Transferencia Electronica;Loción BugShield;Bernardo Cifuentes;2023-04-11;43000;10;5.0;4300
Bodega Aurrerá;890457811.0;FV 69160;Colombia ;Redes Sociales;Tarjeta de Credito;Juego TrailChef Deluxe Cook;Viviana Cano;2023-05-18;55000;6;0.0;9167
Bodega Aurrerá;890457811.0;FV 71505;Panama;Redes Sociales;Cheque;Bolsa de golf Course Pro;Hernando Portilla;2023-09-26;14150;6;0.0;2358
Tiendas Olímpica;901765437.0;FV 44461;Panama;Punto de Venta;Efectivo;Juego TrailChef Deluxe Cook;Patricia Angarita;2024-09-25;76550;8;0.0;9569
;890342123.0;FV 69175;Peru;APP;Transferencia Electronica;Casco de escalada de granito;Viviana Cano;2023-05-18;Sin dato;10;0.0;3030
Tiendas Olímpica;901765437.0;FV 41296;Peru;Redes Sociales;Tarjeta de Credito;Juego TrailChef Deluxe Cook;Lidia Bueno;2024-03-05;59800;6;5.9;9967
Walmart;890342123.0;FV 45503;Colombia;Redes Sociales;Tarjeta de Credito;Set de Madera Lady Hailstorm Titanium;Viviana Cano;2024-10-10;55000;1;9.2;55000
Tiendas Olímpica;901765437.0;FV 40585;Ecuador;Punto de Venta;Efectivo;Set de Madera Lady Hailstorm Titanium;Patricia Angarita;2024-01-06;211900;8;0.0;26488
Hipermaxi;899453679.0;FV 71954;Colombia;Redes Sociales;Transferencia Electronica;Pantaloneta;Viviana Cano;2023-10-28;65700;2;0.0;32850
Soriana;901345679.0;FV 68219;Mexico;Redes Sociales;Transferencia Electronica;Gorra Deportiva;Hernando Portilla;2023-04-24;55000;2;0.0;27500
Automercados Plaza's;891009100.0;FV 46811;Panama;Punto de Venta;Efectivo;Termo de Bicicleta;Patricia Angarita;2024-12-20;94150;10;5.3;9415
Bodega Aurrerá;890457811.0;FV 71120;Peru;Redes Sociales;Cheque;Guantes de Arquero Nike;Hernando Portilla;2023-08-14;17800;10;0.0;1780
Cencosud;901776453.0;FV 44340;Guatemala;Punto de Venta;Efectivo;Arnés Extremo Husky;Patricia Angarita;2024-09-25;81050;8;5.8;10131
Gessa;901324700.0;FV 66374;Ecuador;Redes Sociales;Cheque;Mountain Man Extreme;Hernando Portilla;2023-02-19;11750;2;13.0;5875
Walmart;890342123.0;FV 71048;Nicaragua;Redes Sociales;Cheque;Martillo de granito;Patricia Angarita;2023-08-06;17450;13;8.6;1342
Gessa;901324700.0;FV 44205;Peru;Punto de Venta;Efectivo;Arnés Extremo Husky;Guillermo Benavides;2024-09-25;94400;10;0.0;9440
Gessa;901324700.0;FV 70679;Peru;Punto de Venta;Efectivo;Termo de Bicicleta;Patricia Angarita;2023-06-28;87450;13;0.0;6727
Supermercados Peruanos;896789012.0;FV 40992;Honduras;APP;Efectivo;Termo de Bicicleta;Guillermo Benavides;2024-02-02;76800;2;9.2;38400
Tiendas Olímpica;901765437.0;FV 45030;Nicaragua;Redes Sociales;Tarjeta de Credito;Juego TrailChef Deluxe Cook;Hernando Portilla;2024-10-10;74250;8;6.0;9281
Cencosud;901776453.0;FV 42480;Ecuador;APP;Efectivo;Termo de Bicicleta;Guillermo Benavides;2024-06-04;1627789.5208842244;2;0.0;38400
Unimarc;900434592.0;FV 70519;Guatemala;Redes Sociales;Cheque;Guantes de Arquero Nike;Lidia Bueno;2023-06-24;17100;6;6.0;2850
